<ps1>,EAKIIFEVDWQCADHITYAVHVQIRWKAGQMKFHMEDPENNYKCRVEPDVLSKRNPIILIHGLWNTADIFSSITSKLDEIGIEYFSPTLKHEYGMTSIVELTNLLNYLILEKYGYEKELDILGFSMGGIIGRYWIKKLNGYKRTRRFITIGSPHNGTLSSQLIPKYPFKGISEMKINSPLLRELSRSDYLLSGIDCISFFTYWDLMVFPGWRACLNSGEKISLKIYKHKNLVRNPDAVDKIIEKLLN,<ps2>,LYNWHDCILDIEPKRNGNNHKDYGVIGRPKVIMCICMPKDHWMHSPRFKFVRNSPFLPNRPLKVAVLGSSGAVGSELLKILEERDFPISELVLLSSQRSEGKIVKWKGEEIITKKASKEEFLNVDLVLASAGGSISKQWLSTVKDQNAVLIDNSSAFRLENDVPLVVPEVNACEALKHNGVIANPNCTTILLTLVLAPLNKISPIKRVIVSTYQSVSGAGQLAMEELQFLTKKYLQGDPKESEVLPYSLAFNLFLHNSPMLSNNYCEEEMKMTNETRKILNITDLKLSSTCVRVPVLRAHSESVNVEFDDVIKPSYAINQLKKAKGLEIIEDYEKNRFPMPNDVMGRDNIAVGRIRTDISNSNGLELWLCGDQIRKGAALNAVQIAELLIAKK,<
<ps1>,IVVKWQWPNIFTSDCEFGQYDPPYRTKVAEVKMELQGRAKTGTELTYHFNLTNYTHYTTVVVHLYYLLMTLGGANVWSNFSYGSRVDSPNGWILNPQGSFLILFENCKKSARNNINVYTHLLFTNHLGEPAGLKNTRLHDLDSAFETWNELIAGGWTEVTNQFQESA,<ps2>,GVTAYMSAENLICIWDDSDVFFSVGKTYQHVHLPNRTREIIDMAWVIWIAMLRKLIHPILILPFCLYINSQEALLSKANNSIEEILHENENQIFLNYSDIDNITLKNNRELKALESLVNSTMFTLSSKIAKRYPSLDLQASGLPKYTSGKNYNSSSSTTKTSQFSANPSLNIKLDLIDPLRGSEIKIARNNYAIAKNNYEIKKKDLIKEAKSRYHKLQKSYQDIKNKTLSLDLSITSLKDAQSKFDAGIGTKFEVLEAEAQLSRDMQSLNEKKIQNQINKIELKEILNINGDFEINQKQKLIGFWNHKLNKNITEGLANSLSLKNINLKKSIKENQAKNYLNVYKPNVYISNNFTSSFSKGDSLSVKIDPEKSGSSYTNTVSLNFSWNIFDGGQNKNLYKSSKADVKSEDYSYKNIENVLKTNISKAYLNLKLNEEKILSSLKEISSTEESLRLARLRYDIGISTLKDVLVRQKELSNANSKKIDSIYNYNLNLDELVRLTFLEISNICNEENNLIKNEIQSICNI,<
<ps1>,DCIDCMDTIKSHVFWWSISQHEEQNQQRCECPMEIHHVRFQGKRIDRVECMNQFFSRRSFILIPIMSILKFILQPKKVLAAFAASDDDWNLSKEDWKNKLSPESYYILREEGTERAFSSQLNNEKRKGIFYCAGCNQPLFTSDTKFDSGTGWPSFWDPIQGSVETKVDFKLIVPRTEYHCSRCGGHQGHVFNDGPLPTGKRYCNNGLALKFIAE,<ps2>,VADIGQSSHPCGPAPKRLQVSFHLHCWVCMCCWSTTGCTDGDYDIPEWIWMTNTKVSNNNPDKESIINKSITKAKDNEIIKNKTIQNKKVNSVSKEPNKSVDDISNELFSELISKKISLVQEIKDLETKKNELEKDIESNFKGQSDNIAKRVKGFQEYLTGSLQNLSQNVEKLELVSQPIVVKPSPLDEKKEASNKNELLTVPALSETFKPDEQLIRSCFSNFIEQPDFYSEPWKLRRSLDSSDIEVMDDWFFNMGGRGSLESRGSRQKNALLSAGFIAILGELYGDQFQTLILASQPERLGEWRRVLQDSLGLTRDDFGPNSGIVLFERPEGVIERADRLEANEELPFIIVDAAETSVEIPILQFPLWLAFAGSNDEIYDDLELN,<
<ps1>,YCYDQWWTMKHMIKPFLRMDARYWEDVHTKFNDINLGRVLYTAVLEFKEEMVKEDPVRLELSITPSYGKNPVIVGIVESLDLVARRDREGRMPRDLQGTWDWTVRHGKVSTGGWNPMLKEALQTMFETGLPSIIYEELTGDEYKPVDGIRHVR,<ps2>,VFKLYHMHKTSKCDQKCAMFKGRVQVAEDFVCNWVFQFCLNCNHIENVQYMSEYRDSSSNNFLSLISGAFIGAAGLAWWLISEADKRKEEKKQKAMMYSSRIQDGSEAIDTNENIKDVEGDKLEQKVEELNSAIADVRRQLEELGQ,<
<ps1>,FIGGQAGMQIKGEPCSIHRNLIIAHPMKDKNTPVMAEKGWKCEYQNMQYTMSLTQSKEVNSLSRRYSTYIERRITRTVMVGDIAIGSDYPVRVQSMINEDTMDVDNSYLAIKRLHEVGCEIVRLTVPSLAHAKAVGDIKEKLIKNNIDTPLVADVHHNGMKIAMEVAKHVDKVRINPGLFVFEKSDPTRTEYTDTEFETIKKTILKRFTPLVEVLKSENKALRIGVNHGSLSERMLFTYGDTPLGMTESAMEFVKICDELDFHNIIISMKASRAPVMLAAYRMIADRLDAEGYNYPLHLGVTEAGDGDYGRIKSTAGIGTLLAEGLGDTIRVSLTEAPEKEIPVCYSILQSLGLRKTMVEYISCPSCGRTLFNLEEVVDKVRKATSHLTGLDIAIMGCIVNGPGEMADADYGYVGKGKGTIALYRRKEEIKRVPEDEGVDALIRLIKDDGKWIDP,<ps2>,EPWHKCQATVHNQDMYMELTLQMPLVFHQPGYWLPVALLHQWYMRRRHTSMSKVELISLTPEAEKTMAYIARVSNPSNQANDKFAGLLRYCIKHEHWSVFEQSCMTLKIETNRGIAAQILRHRSFTFQEFSQRYAETSLLGNEIPIPNLRRQDQKNRQNSIDDIPDELKIKFSEKISKHFQEANKLYEEMLNEGIAKECARFIMPLATPTRIYMTGSCRSWIHYIQLRSKEGTQKEHMEIAEDCKKVFIKYFPSVSEALNWE,<
<ps1>,GDLTYMDILIHFACISYDRQWHPSPIFAEQIGTRCVIERFRTVYMRYTQVMKKLFLLSLLISLISPIKTSAGFPEGEKGYDLKKIEDSFKLPCDEIGNDECIARAFGVGACTWVFGIKNGKDSKEALRIADGVLIALLKGNNLDINSIFEKDGSIKETIQKESVYRINFCKDATKLAIPKLIKKLPEGVELDDERIENLADVFPLQYLTMFEQMRKRN,<ps2>,RGSRKIKTSIKRDLIKMMVDFFIPFHDQQMVRQCHQPWAWPSANLPQVVYMKAAILVNQKKKLIVDELDLPTSLKVGQVLVKLEYSGICGTQIGEIDGVKGEDKFLPHLLGHEGSGIVEKVGPGVKTVREGDSVVLHWRQGNGIQSEPPKYNWNGKTVNAGWVTTFNTKAIISENRCTKIPANISKEDAALFGCAVTTGFGVIENNAKLKMGESIVVFGAGGIGLNIIQAARLTSAWPIIAVDLFDNRLDLAKKLGATHSVNSSNKSYLDEIENILKDRELDVFIDNTGNTSIIEMGYNLISDQGRLILVGVPKTGENINIFSLPLHFGKKITGSFGGECNPAKDIPRFIKMMQNGLWDLKGLITESYDLENINEAIFSMRTGKTSGRVIIKL,<
<ps1>,ISIKQSAPMPGRFYVAPWWADQFRGCKPMHRMMPKQKDSAVCNIDCAIHAMNNVVQNKSKIFYQLQKLRRLAQPFFLPIDQCNGFQFIWLLISLLFCVGGIVLVALTGIISFFESIQPIFLDKYFGGVVNTVNTIWSGWWGLLFSGLFLIGSGSFFSLRRQLKNRRWVHWLFLAVIVLMLLAVNGINAGIGFIARDLTNALVEKQQDGFYRILGIYACCFAVALPIRVSQIFFTYKLGIIWRDWLSKSLVKDYMTNKAYYQLNPNDEEQTDVDNPDQRITDDTRAFTGQSLSFTLGVFDALLTFSLNILILWSISTTLTFSLFGYAAFATAILLIAGKNLVKIDFDQLRYEADFRYGLVHIRDNAESIAFYSGEKPEKSETERRLGEVVRNFNLLIIWRVIIDVMRRSINYAGNFFPYLIMAIPYFRGDIDYGRFIQASFAFGMVEGSLFFIVNQIEELAKFTAGIGRLEGFQSKVESISQTKPIDNQNIISDYSSILINNADLFPPGSDKAIIKNLNLSIETNQSLLVVGPSGCGKTSLLRMISGLWEPNQGSIKKPKTGDLLFIPQKPYMLLGSLREQLCYPTEVDKFSDDHLISVLNEVNLNSIVDRYPNLDVKQDWPRILSLGEQQRLAFARLLLNSPRFAVLDEATSALDIKTEKRLYNLLRDRELSLISVGHRPSLKDFHENILELNGQGGWKLFTTDKYNFKN,<ps2>,YFIFSEWHRKNGYYEGLEWALWPPHDWIELYEWCNVQNDTMAQSEQNRFQMNRWVLLEHKILSSKFIDIHYDFLVEDQLDCLTWKFHEIPSLNKGVIKIVKQPNHRLVWLSRVEYQLSKNRGLVKRIDHGIFSNIPHNQDSQKLKIILNGKLLNGLFIIDGNFCQLTKNN,<
<ps1>,GTKYVSRQWKMIDKRIRWYPMASMGSHNKMKYKVATHDIQSVISSRADLIMKYLILGSGSFAGQLIFSEYLERNYDVYGFNRSRVKDHYQWPWIKKYKNDLGNRWFEYNLTNDVEEMISHINRLKPNFIIDFMGQGMVAPSWLKPEVWYTTNIAIKSRLMNALIDSSFLQKYIRIGTPEVFGSNENFLKEDECFNPSTPYAVSHAAIDFNLRCLYKQYNFPYLIGRFANFYGVGQQLYRIIPRLFLSCRSERNFILDGKGESRRSFIFSKDIVSAIDSMIKFDGIGQEFNFSSNEEISIMSLVNKICNLTNVDKSRILKFGPERPGKDRYYRLDIKKSKNVLNWEPEVSLDEGLNIINIWISENIENLSNKSWTYEYKD,<ps2>,PILWNSVTNQVMNRKLKIEHMEVGHHSKWTYLEHLINGLAVFKCCVLFSELSLIFINLLTSIPEYISKAVETNSTIAYLTICLAMFLENIIPPIPSEIIMPLGGFFVYQQKLNFYILVFWGVFGTILGSMPWYYLGKLVNEKRLSNFLDKRGKYIGITSNDLIKSRRWFDKYGVSLVFWGRLVPGIRTLISVPAGMELMPLRKFLIWTSLGSLIWVTLLTYAGFVFGENYPIIETYLNQIKFIVKPILILIFVYFLIKFFIRLYKKKIT,<
<ps1>,AWLSSRMGCKSEDPSDWCFFWLDIEVQYYYITPRRLWQLWYCYEHHKDGIMGENLPLLLSAALGKKVNRPPVWMMRQAGRYMKIYRDLRERYPSFRERSENPELSYEISMQPFLAFKPDGVILFSDILTPLPGMGINFEIIESKGPIIEDPIRNIRQVEKLKELIPNESLSFVGEVLSSLKKDVKNEATVLGFVGAPWTLAAYVVEGKSSKNYSLIKSMAFKEPDLLHKLLDHFAKSIGEYLKYQIKSGAQVVQIFDSWAGQLSPQDYDIFAGPYQKKVVDIVKEEFPDTPIILYISGSAGVLERMAKTGVDIISLDWTVDIEEACKRIPTGIGIQGNVDPGILFGNKDSIKERIDNTFNKVKERKYILNLGHGILPGTPEENAKTFFEHGKKLTY,<ps2>,GVDGAQRYSLCILLRDIKWHQEVIFKFDCGLYWLRERLPKTVSRDYCQMYMRGSIKRSNESYQDSYSPNGIIGEKDACGVGFIANIDGKESNWILKQSLKGLNCMEHRGGCGGDSDSGDGAGILCSIPWEFLDRELNLNTESYEKRGLGMIFMPNNELKVKESKLICDEEAKELNFKQSFWRNVPIKNETLGILAKANAPFINQWIVCLEKDDSRDIEMLLFQLRKRIEKRIRDNTKNAIGECEFYFASLSSKTVVYKGMVRSEVLSEFYEDLKKEDFKVSFSVYHRRFSTNTLPKWPLAQPMRFLGHNGEINTLLGNINWAKASEIHIDDYWGELSRDIKPIVDKNKSDSSNLDATLEINIRSGKPITDSLLKLVPEAFRDQPELESREDIKAFYEYSATLQEAWDGPALLVFADGNYVGATLDRNGLRPARYSITNDGFVIMGSETGVVDIEENRVIEKGRLGPGQMLAVDLSQNKILRNWEVKAEAAKRKNYKKLIQKRTIKLKNNEWSNTCNLKDFELLQQQTAFGFSSEDNDLILDSMASLSKEPTYCMGDDIPLAVLSSKPHILYDYFKQRFAQVTNPPIDPLREKLVMSLEMHLGERCSPFEFNGIKPFIHLKSPIINEKELISLKESEIKSKTISSLFDIEERIKGFEAKLDDICKVSEKAIKEGCSLIIISDKGVSSKQSFIPPLLAVGAIHHYLLKKEIRLKASLIIETGQCWSTHHLACLIGYGVSAVCPWLTLESGRHWLQHPKTQKLIATKKINPLSIDDVQENIKKALEDGLRKILSKIGISLLSSYHGAQIFEAVGLGSDLIKIAFDGTTSRIAGITLKELANESLLIHTKAFPEIDLKKLEFLGFVQFRNNGEYHSNNPEMSKVLHSALKQGPGYDHFETYKTLIRNRPVTSLRDLLSINSTRKSIPIDEVESVESICKRFCTGGMSLGALSREAHEVLAVAMNRIGGKSNSGEGGEDPARFNVLNDIDENTQSAILPSIKGLENGDTACSAIKQIASGRFGVTPEYLRSGKQLEIKMAQGAKPGEGGQLPGPKVDSYIAKLRNSKPGVALISPPPHHDIYSIEDLAQLIHDLHQVHPRAKVSVKLVSEIGIGTIAAGVSKANADVIQISGHDGGTGASPLSSIKHAGLPWELGVAEVHKSLMENNLRGRVLLRTDGGLKTGWDVVIAAILGAEEFGFGSVAMIAEGCIMARVCHTNKCPVGVATQKEELRKRFKGLPENVVNFFLYIAEEIRQIMSSIGVSNMEELIGNQEFLTARDIKLPKTANIDLSSLIKKGTQYKDRSWLKHSKTAHTNGYVLEDQFLSDNEFMNSIKNHGKVIKEIEIKNTDRSVCAKISGEIAGLYGNNGFNGELNLNFKGYAGQSFGAFLLKGMHIQLIGEANDYVCKGMNGGVLTIVPPQVDEKSSEQVILGNTCLYGATGGKLFALGKSGERFAVRNSGATAVTEGSGDHCCEYMTGGKIVILGSTGRNIGAGMTGGIAYILDENNDLENKVNKEIVSIHKITSLKQEEILLGILGEYLEKTKSLKASKIINNWSNFKGIFKIVVPPSEEETLGI,<
<ps1>,KADIWWAKWCGSTRKGWQSDSNQMMEGMQSLPVCRDMKMEPTAVRQCHTNMIEKKGDNIRSENFYPDSNYYLDQDNTPEETTLPEDQIFNTKKFEWPNSYWFIAERTNGRLAMIGFMAVIINYTLFGWIAYPIL,<ps2>,YSRCHKVFLRSEAYIGLVAVQDIEREFSLTKQSSIRVFPHYTFDKQMTKAVHKNKILVPLSNNSYEVIIKQGLINNIGEELIRIGINSNRKILIVSNKEISTLFGRKLLNNLKKNNFNAEIFNIKAGESHKNFASLSEIFNAAFEVGLDRNSLLIALGGGIVGDVTGFAAATWLRGIEYIQIPTTLLSMVDSSVGGKTAVNHPKGKNLIGAFYQPKAVFIDPETLITLPTREFKAGMAEVIKYGVIKDKSLFEYLENEKNRDKILNLENESLIKIINKSIKTKACIVSEDEKENGIRAILNYGHSFGHVIENLCGYGEYLHGEAISIGMKIAGDIATEKNLWSKEHSLRQDHLIESYGLPIQTPKIKKNDVMKILMGDKKVRNGKMRFILPIELGEVDIFNDINESQFLKYFN,<
<ps1>,LLWWSFRVSNMVVPRMHIWPIQCMSPPFSCFTWMERETRAFQFDSKMYPDMLKNDLWINQKASKGMINPFQSNLVRHLDPNNKKNAVLSYGCSSYGYDLRLSSKEFLIFKHVPGTVMNPKKFNPDNLEKTILHEDKDGEFFILPAHSYGLGVALEKMKVPENITVICIGKSTYARLGIIVNTTPAEAGWEGHLTLEFSNSSGADCRIYANEGICQLLFFEGDPCSTTYEDRKGKYQNQPEKVTLAKI,<ps2>,MVPMSVCYDILIDQEERGLACMCLNNQFITQWGGGDYPYISWFIRKRKARMKKTKVICIGEALIDRIKNKSNQEFTDFLGGAPANVACALRKLQIDSVFIGRIGSDEFGKKFINQFKELEVNINFLQLDDCLPTRIVKVNRDNSGDRYFSGFDTSLNTFFADEAFDKNEIKKDLKSLENLFSKTKYLVCGTIILSSSISADTINFLLSLANKFDVKIIIDLNWREVFWDFATSSSETNKKERVDLIRNLLNKAHILKLAKEEAILFFENKNPLEISERLLNRPDVIITDGANPICWLINGVQGTTEVSKSLKIIDTTGAGDAFLAGLISQLLSFDYPSNESEIQNCVKFASICGLLTCLGEGAIEQQPDYSKVNKFFGSQIL,<
<ps1>,LVGDRNWLQKRLHPSEIPWNWLLAPKAWCYSLIYNIHYKFECLRCWNFDLMVSVPFSNNGSNKNFKKDFNNENAGLVPPQNIQAEEAVLGGILLDPDAIGRIADLIKPEAFYINAHQEIYKTALMLHTQGKPTDLTSMSAWLADNGSLEKIGGNSKLVELVENVSSTASIEQVANLISDKFIRRQLIRSGNEVVQLGFDQTQETNEVLDKAEQKIFEISQEKPTKGLTQAAEILTSTFNEIESRSLGTSVAGIPVNFYDLDAMTQGFQRSDLIIVAGRPSMGKTSMVLNLAKNVAQSQDLPVCVFSLEMSKEQLTYRLLSMEVGIESGRLRTGRLQQEEWPLLGEGINSLGQLPIFIDDKPNLSVLEMRSLCRRLIAEQKKELGLIVIDYLQLMEGTTPDNRVQELSRITRGLKSMARELKVPVVALSQLSRGVESRTNKRPMLSDLRESGSIEQDADLVLMIYRDEYYNPETEDRGITEIIVTKHRNGPVGTVKLLFEPQFTRFRNLAN,<ps2>,MQGHFVNTTKGKSLMERDFIPVNDPAKVERNKWPNEISAYVMYIDRLQEFVELMGQFFSNVARYPKYLISIIAGGLVALLEPLFKNRSNPLTLVGLISSVISAFITFYFVLKAMTNPINL,<
<ps1>,CCLSEEIVFPRNVQWFQESYQKCNHRRINENVNCPKHERDHYACMIFWHDMSFSKLVEIKNNFKFDANNSCKNLYKGACVKIKNSQKTFQVVGINPQSKVCWIREWPFALEVNKTFSLELNQITLQTYCSDTFNEK,<ps2>,VHWHIMFYAKFFVKGEAFANIWMAGKCFQTEDSRNTWERTIYCTLRACSPMAENFSFDVVSDFDRQELVNALDQVKREISQRYDLKGTDTSLDLEKDNIFITTNSELTLNSVIDIIRQKAIKRKLSIKIFDFNSIEVVSGNKVKQTITLKKGLNQEIAKKISKNIRDEIKKINVSINGETLRVMSKSKNDLQLAIKLLENLEETYKIPLQTNNYR,<
<ps1>,QESRDDMYFDFKYWVMPYTLRTYQEEVHQRIQMRPQEMQMKNFSDDDDQEMNKRHSLQRKTTLKWNSNGDLSEIDMLRILDRISAYELNQCELTCDLDE,<ps2>,NFVCWVVMEQNQCLYLNEWTHFSIENVNEKWIQVYYVAYKAGKLMNAGFWMASQDYLIAIALIEQNNIRAMPLGGKEIKEKLEEEGNLIKLGEEVILNLLLRVFQRSDEGALKRVSEDKGLLLVHMHPKRMQKELPFIKSEWIRDGDTTQFLKYLGNLSKEIWTASLIKYKGLELVSIAKNEDI,<
<ps1>,PDFADTHPQRMGNLMWYDCFGYCDKRQSYRQKHTENQELWSTLCIPYCAHMVEKFKTLFFVKSSLISLYLALTCPIPFISSEKLKIFSIITFFFGLLLIINITNDYVDTCDKKISYKTSFISKIFGKKNWEIFWKDIKLIKSLPTSQGSNIHYFISNKNESFLVPQRVENFERFVSIIEEKTKLNIDKLSYISPLWTYKLLTYMSILMIIGELIAFII,<ps2>,LHFKLMEASQGFPVITVNDPCQARDMWQWPQLEPAMGYRNDQEIQWPTDPMSSNKICLNCGSSDLVSDRSLGGRMVCFKCGSSSFKNNSFSRIQNKKIIYLLIVLVILLIVVL,<
<ps1>,LMIMGDTETTHNNFIEFKHGYFDGSRWWRWYMMFRDSRLKWCNTDLRRCCLTNSIKGRNSKEVTIQLKRAETQKNILIKNIYKEYETYFDIVRKSMLISAKKGIAGIYSDFSISDKALHSKELNIFLNKNISLLINSKLPFITIEQLKLGDISYPTKQLVNASVLKELVKRKEYQTVHIDHENEKTANESIEFHCDNNLNTYEYYESLSEDEISSVNLDESCYLNSFSKEISIENIEEGKRLVNAFLELIEETSDNKLIDYEKINDQAPDVFISSDNLNTFEFIDKSFSNFLLNLSYNINLELFKIELIKKIITEETFKCLSNNNSIIKHPYPFVIRYDLYPDNLYPRKNKSSDVYLFNITNVELELYNLDLSICRNNINDLKNRFKLLNKKQRYWKNKELASNSSK,<ps2>,NLDDYYTPRWVCRWHMYSTFCREMDTGCIRRTTYGNNLPQMYCMDMEVPLMTDILVLILFVLSGAASGWLGVDLLPIDILKQVSNVEGFRIVLAIIGFFIGLAAGFVFLQLRKTFLDQIRTMPTDLLISRAVGLILGLLVANLLLAPILLIPFPREVFFAKPLAAILSNFFFGALGYKLADTHGRTLLRLFNPTNTDAYLVNEGIIPAASPKILDTSVIIDGRINGLLSCGLLEGQLIVAQSVIDELQTLADSSSNEKRGKGRRGLKLLKELRELYGRRLVINPTKYEGNGVDEKLLRITEDMAGTLITADYNLSQIAEVKELKVMNLSDLVIALRPEVQPGESLNIKIVREGKEKLQGIGYLDDGTMVVIDDAKKFVGERLDIVITGALQSPTGRMVFGKLINNPESNKSFKSPATQG,<
<ps1>,KYFMDWFNLPFYDLVPMFTDQTNANLGHMSHIFFDLETVTCMYFYPFGGYVHLDKSSSEIINKFKLSPHPEGGWFREIIRSKNHVTRNDGQKRNNITSIYYLLCKSERSKWHRVNSSDEIWIYLQGAPLNLYFLDDNKELRNIRLDLNNPIEMIPSGYWQAASSTGEFTLTSCCVGPGFDFNDFQMLRNIDPSLRPAKAIKELI,<ps2>,GRCQNIRYLRIVILSHNWRRLPTTQGHYFKCSNVETELDGKRTFQDIRNAMFFWYRVLSLWPLRRRIINLERFRGLHDDYSKSSTSLNAIRELNDTCNVNLLCTPYVAYIPNSDYWRPNQARDLYKLHLKKSSKKLKIKFIDGSTVIDTKDIKNYAPLGPHLSKLGYQKFAELLSSHLSKKK,<
<ps1>,QCPTNIPDNIAMEMFFCLSFSRYADAKHFVYTQELILECIQYRDESYVATMSKVEIYTWRFCPFCIRAKSLLEKKNITFTEHKIDGDDNARELMMERANGKRTVPQIFIDDKSIGGCDELYELEKEDKLDLLLN,<ps2>,WIFLQAYNIWQGDTNDTVTTVAPSCPNKANDNIEWMFCNVMGRSGFDRCLLTIYLGFLYLFFGIIFLLMPLIYIELGRPRDFIKGGLNLVIGMLLIYKQNIFNTLNYLIFSVITTLLTFYIVEIFSIRWNQLTNQEKNNLLTLEELKKNLSIFLKAISLARQDFLNSNNIFKFGRKNENLNKKKWVRNDENDNIVNSNKNNLLTLEMPKKATNKSTKDTINEGK,<
<ps1>,HCHCMLTPVSKCHLNCMKENQPRPMGSSNTKDQDQYGVLMEDMLLRYQGRMKLSLLSAVLFLFTEISFAQEKLNYTVTSDSQIQSIKGNFEAIGNVIIKSTNNNFEASSNKLTYDKDAKTLKLVGNVFVKNLESEGLSIQKSYGDELTIFTDSGLFKFNSENKNRVKTKLKF,<ps2>,NRCNYQKCDPNTGAFYRCFDINNPWCYFRNNRDWFTNPMKIEAGSTPVEKMKNLKSNKRKIHRKVAAISSIPLLITLISGTIYSFLQPLGVDAFWLIKWHTGNFGIINLQPFYSIFLGIASIISVISGIRLLQKNS,<
<ps1>,KRHYLSHEFDRGRDMNDVVLLGGNTIEHFISANVWNRVFYDDLPSTQQWDMVCVSNNKSYLKSQHLKIIGQKTLRGKVKISGAKNSALVLLAASLLTDEKIILDNVPLLTDIEKMGNILKNLGVKLHNKDHQLIIDSKNISIQELPYELVNGLRASFFCIGALLTRFGEASIPLPGGCNIGERPINEHINGLRALGAEIIIDRDVVKAKLVKKKTKLFGANIRLNCPSVGATETLIMAASLAEGRTVIENAAREPEIQDLCQMLNKMGAKIYDSGKEKIIIDGVHKLHGCTHKVIPDRIEAGTFLIAAAATSSSITVSPVIPNHLEAVLNKLEESGSKIIIKGNSISIKGNNIKAVDIKTAPFPGFPTDLQAPFMALMTIAKGRSKITETIFENRMNHVDLLNQMGSSITLKNNIAHINGVKKLRGMTLVGSDLRSSAALIIAALTSKSVSYVYGLEHLDRGYENFEQKLSKLGIEIKRQITKQTINKSKNRSSNSKLKEVSEIRAA,<ps2>,FMDRRTNFVWGFQTCETFLGGMINTLDKHVKFLYVDTGWWFGYYMWCADCLELVDNINPGLVNNLLKMKSKIKQTFKLILFIFLTNTHFLQAHNLFNGGCKNHCKESVKPLIMNKELNNSSYKNQIEDDDSCLIKSLCRG,<
<ps1>,WKHWQYASVLLSIPLRDCGRQSRHMYFMMNPFNTVEMIREKRIFECLPYQLIFIMIQFASFAIGGFVPSAAIAGVLVLIGLGAFFYLGLKGPTDY,<ps2>,IGMWMHGSTRSLSADPTRIHWNCCLSYSLVAEQFKNPNCPCWVHNVLDPTMYSLEISLRYSPFPLSIQKKEYEDIKRIYDEIKDSMNSDNQNSPLIELSCEKVQDKLITVLAKEVISVQIYEKSAVAGGSKRPGFSLDI,<
<ps1>,RVKYYEFEPNMVNFHYTPTCCCFMSTRFYTFMYMGPYLWMTTVSWLSANMMSGIKTKNNTQKLSFRLAPYLFIAVAIFTAFGTNGGTWV,<ps2>,EQWLAYSKWWICWSGTYPFICWEHARMQFQHQTYSCFTHVMSTPMGRVMVMRNSWIQPRIGQKNITQMNFAKNGHITEEMNYVAKKENLPPSLIMEEVARGRLIIPANVNHVNLEPMAIGIASKCKVNANIGASPNASDINEEVEKLKLAVKYGADTVMDLSTGGVNLDEVRQAIIKESSVPIGTVPVYQALESAHGSIERLTEDDFLHIIEKHCQQGVDYQTIHAGLLIEHLPKVKGRITGIVSRGGGILAQWMLHHFKQNPLYTRFDDICEIFKKYDCTFSLGDSLRPGCLHDASDDAQLAELKTLGELTRRAWTHNVQVMVEGPGHVPMDQIEFNVRKQMEECSEAPFYVLGPLVTDISPGYDHISSAIGAAMAGWYGTAMLCYVTPKEHLGLPNAEDVREGLIAYKIAAHAADIARHRAGARDRDDELSHARYNFDWNKQFELSLDPERAKQYHDETLPEEIFKKAEFCSMCGPNHCPMNSKISDETLDELNNKLTKCDTSV,<
<ps1>,NKYSHIKVLILLHSMSNVKLEWVPPNFLCLDNRKSHHVKVKFEYWIICTIMKSPVLKNPNQDWHPNIWPPFTQIINSKPQLEVTHGKNALIYTKNPKQELIDGISSWWVTLHGHSNDYIADAIYHQAKTLEQVIFADFLHPQAQILSERLSGLTKLERLFFSDNGSTAVEVALKIAYQSWQNQGETRNQIIAFDGAYHGDTFGAMALGERNIFNENFDNLMFPVKRAPWPSTWINDEEVERKENNAIQILTKLLKKPTVAVILEPLVQGAGGMNMVRPEFIRRVSEVVKNNNSLLIADEVLTGFGRCGSLFAFQKANIIPDLISISKGLTGGFLPMGITLAKETIFQSFISDSPKKTFWHGHSFTANPLGCAAANASLDLLEKDPIKYLSFEEKHLSHLKKIKKLPFVKNIRVTGTIAAFDIEIGKNEGYLNNVGKRIKALSIKKGLFIRPLGNVIYLLPPLCITDRQLEKSYRIIFEILSDL,<ps2>,ICEQMSEFAVGQSSHLMLCDWIVCGQGCPSGLCALWYEMLRVTSFTRKHEMKSLLNTHTKFEIMHIVLRNFKFLIFLFLLSLNLSGYSNAHMRGTFLSEEDARNRSLELGCEGIHKNQDKWMPCKNEKELHKFLNKKGSSRGNNLASSLAWIFILSSSFGILWLSIVKIKRK,<
<ps1>,MGRKGAMLWHGYPQTMDPEGFSMIAKPIRKMLWWAKNICERLGPTLELNYMNNAKNLKIKQIDKKNISFKELSLIKNIIFWVDIIPGDQTQKNAIFARPFHDKNAIPQKLTGDNFYIKSNFHGYGGKSYQCIEVNDHIYLIWVDQLSKAMWLKIFKVQEKVLKNDNQYLLCDVEPRQLTESIKTNFDTSFVISKNNLLFGLCEIKHRDYLFSLNLKKTKQDIRIIKKFDNFAGNLSSNISADLFSWIEWNAGSMPWERNELFFAMIDNDGEIQNIKNFSNKFVNEEKNVSFFQPYWMSDTTLVCSEDSTGWWNLLFLDLTDIKNIILKKRIIKPLTEYGSPQWVSGISFFSGNIKNLFCVAKKDNSWVLEHYQNCECIKELKLPFCSIGDLDVCDQKLVIRGCSFGCFEELFECDFGEKSHTKLLNEISLESINEYSRPESFWFKGFNNQPTHSFIYKPLFERFIKSPLIVKAHSGPTACFDGSLNSEVQHWTSKGFTVAEVNYGGSSGFGREYRERLNYKWGILDSYDCKALVLDLIRLNLVDRTKVAILGNSAGGLTAINALCEGDLFKVAICKYPVLDLNDMHQHTHRFEKGYLNSLIGRYSKFHNEYKLRSPIYKINHLKKPVLLFHGKKDLVISCKKTLQIKEKLLKNNKNSEVIIFENEGHGFKNTNNKKQVLIKTQEFLEKTLNI,<ps2>,IIFSFRYNQVSVHIYDTRTNDWECVTHWVFGMTREHWSDTRCRFTQRWCVLSRILLLSNGHGEDLSGSLLAKYFVKKGDLVDALPIVGDGENYKKENIRIIGKTKKFRTGGIGYNSFSGRIFEIFGGQIIYFFKKLYLSYKLKNKYDFYLVIGDIVPVFFAWFAKKDFFTYLVAYSSHYEGKLKLPWPCKFFLISKYAKKIYARDFLTADDLSQQLRKKVSFLGNPFMDKFSFFENKPKIVPFNIGLFPGSRFPELLDNLKLILEVLETMSKLQYFENIAFKFAIVKALSMEEIRQILNQRKWIYIEKKGKNDGLEFTFGFITINLNWNLFEEILFESNFVISMAGTASEQAIGLAKPVIQIEGNGPQFTKSFAEAQRRLLGRYVFCSTNYINKKDQINQTINLILKVIYLIKLDKKFLVSCLDNANLRIGESNSCLKIINDIKGFHEK,<
<ps1>,RLAPKAHWDCQNDVCDSCLQGFQNPRPPDVFNEGVPTFIAALRVQVPIIRMMIPISLQKNQNRHIIKSVRKFIDRFFKIKKNQNLNMTEQRKIEKFGVGNLYPDIHPPEFSFFKEKCIDVALGYDDGFTFTPKFGNFKETEDIFDYLKQYLEDKELEKLDIRFDTLKTCIYQINPETLELGELLECEGSDVEYFEWNKKTKSIDEVDSNSLSDEEEEYFH,<ps2>,NFKHECQYAIHDEYCRYCICPRIVHCFTLIWMWYMILFTIQLKCVWGQVSMIKIFALTFSEIGIGKLEIFVIGIVSLLFPILFIIASRNLDAKGVFDWMMEKPNDWIGKK,<
<ps1>,CNPTMQQFLPGVSIILFRCVQQVTFPIKHMDRNDVHCKPYYCDHWVHSHMVFDISKENFFKNLIKFPKKNIFMILLFLGFGEWFLSDLINFAGGSIGFFILCFGGYFYLKSEKPKFNEPKDLDGWIKLCNEDLDFFEEIELHNNLEKQNINRKKALELILNREKKEEIYCIGQKNFDSNATLFKNYFKEDKFKLNFMERLPKYNSSEIVPEVILNSDAILYFLKLPLSANDFLWLEKLPKNMPIWLVASFTKGLSFNNEIEEVKAQISGEYANRIIKFDKTKNSFANIPFSLRKFFISSNNNIENTKKRLLKRLHTNWQSEIEGIRRMQLNDLQRRNQIIVATSVFFSPIPSIDVLSMTVLNSLMIKEIKSIWGCNWSPEILDKVSKQIIKTAIAQGVIEWSGQTLIGLTKLHGPNWLVTGAFQAISAAYLTRVVSSSLADFMALTKGVSEPDLEFIKENSDKIVERAFENEKINWKSLIPELNIPLTRLT,<ps2>,LAHHESIYHPIVMLPRVNLKNTSRESMHNMQCWIFAKVWWQLFHMIPWISMIKNTKKSQKNKILTLEDVSISYGTFEAVRNVFCNFKSGDITSLIGPSGCGKSTVLRALNRMNDLIPNCSLRGTVLFDGTNIYDKRVDPVEVRRRIGMVFQQPNPFPKSIYENIAFGARINGFVGDMDELVESSLRKAAVWSECKDKLNDSGYSLSGGQQQRLCIARTIAIEPEIILMDEPCSALDPISTLKIEETMHELKKNYTIIIVTHNMQQALRVSDMTAFFNAVEYEEGDGGKVGYLAEFDSTKKIFSSPKEKTTQEYISGKFG,<
<ps1>,VMKSSRGNGFVSGVCTCDCAQFIDFAHTRNCYYSSAAVVQAATKVLATQGMWIRFHEKNGSERLNFTAFYEALLEAKGVNLGDTGVAGIGKGGRKLSYIATVQGNGNLLIGKAYTALLDLKAGDEFEIKLGRKQIRLLPSE,<ps2>,EETFIHYTKNKPDNPRWIILDCDPPPVSCAGDSQMWETCIHWSKCDKVWCMTISDKIRVYELSRDLKLENKDILDAAQKLSISVKSHSSSISLEDAKKIKNLINKNSSKKILSVSKSAIKAKNENPKNNDNKNNKNFSNPSHPEKLSKEGLNKKPLLIKPTNKVVNSLVSSNIKNPNPPTIVSNLKSQALSKNQNKTNTSVITTPNLKDKKNPSALQDKKPLKNSSGSPAKTTARPPIQLIEKPKNLANSNRNINANKINNSVNQKAQSLNRADNNKLSRADNNNFPKKNLNSPNVKSTPELVGAPIRREDPKINTNRPNSNSRQPSSNTQISANRPGGQNRQGVPNREGGPYRQGSPNRPGTPYRQGAPNRPGGQNRQGVPNREGGGPYRQGSPNRPGTPNRPGTPYRQGAPNRPGGQNRQGVPNREGGGPYRQGSPNRPGTPYRQGASGIRKPVAPNELMQLQKTNASNKEKPNISNVNKQKIEGANQKTKAPNSRLNTSPSPTAKKPARSFASNTKKPGRTDWDDSAKLEALRNKNPQKQRQKVHIIGENDDSLTSETSGYSGEKVSILSASLARPKKEKSEEIKSQKPSKQFKKKKKETTRQRQKRRAMELRAAKDAKQVRPEMIIIPEDNLTVQELADKLSLESSEIIKSLFFKGITATVTQSLDLATIETVAEEFGVPVLQDDVQEAAKKTVDMIETDDIESLIKRPPVITVMGHVDHGKTSLLDSIRESRVASGEAGGITQHIGAYQVEFEHESKKKKLTFLDTPGHEAFTAMRARGTKVTDVAVLVVAADDGCRPQTLEAISHARAAKVPIVVAINKIDKEGASPDRVKQELSEKDLIAEDWGGDVVMVPVSAIKKQNIDKLLEMILLVSEVEDLQANPERLAKGTVIEAHLDKAKGPVATLLVQNGTLKAGDVLAAGSVLGKIRAMVDEHGNRIKEAGPSCPVEALGFSEVPTAGDEFEVYRDEKSARAIVGDRATDARATKLAQQMASRRVSLSSLSTQANDGELKELNLILKADVQGSVEAILGSLEQLPKNEVQVRVLLSAPGEITETDIDLAAASGSVIIGFNTSLASGAKRAADANDVDIREYEVIYKLLEDIQSAMEGLLEPDLVEESLGQAEVRATFAVGKGAIAGCYIQSGKLQRNCSLRVLRSDKVIFEGNLDSLKRSKDDVKEVNTGFECGVGCDKFSTWSEGDIISAFKFVTKKRTLNK,<
<ps1>,GMAHWFPDLGWIWPVMPFDTNCEQIDMYYYPMAKRSINVPQGWPDYLIDDMNKTITPSIETIERNWFLVDAKDKTLGRLSTEIAAVLRGKNKPTFTPHLDTGDFVIVVNAEKVEVTGKKASQKLYRRHSGRPGGMKVEKFESLQERIPERIIEQAVKGMLPHNSLGRQQFKKLKVYKGSDHPHAAQNPVLLNS,<ps2>,KFPFPMNEDALRNKEFDGQRVVTQEADNVDYYMPALQPDVIWTGPGFKLKMKIILLVFFFIMFSFIFLKFYKYKKAFKKDKSIKFNKSNLYNWMNLTKKERFDLSKKESNSYLKKRKTLLEEIRKEYKIISKND,<
<ps1>,SFDGQKQLSDNKISYYHREFLAPMYPMRMQYFLMYHSMGPMLSWIMPKPNMTELNQKNSGKNIKWHNLTIDRNKLEKMRGHKGMVIWFTGLSGSGKSTLANAVNEVLHLDGFSTYVLDGDNIRHGLCKDLGFSDEDREENIRRIGEVANLFMNAGIITITAFVSPFISDRDKVRKIIGSKDFIEVHCAADIEVCESRDTKGLYKKARLGEIKEFTGISSPYEAPVNPEIVVDTGSLGLNDSVEKVINHLREQNLLERS,<ps2>,EWHWVGVARHRLDQSFLIKFQPDRYSWPVTQVCNVYDEINGYCWPMQEAEMESDNLFSNTYRIESNAPLADKLRPKNLDDFFGQESILGHDSLLRNAILNDKVGNIIFSGPPGVGKTTLIEIISSNTRSSLIKLNAVLSSIKELRTEIANAKERLRSSNRKTILFIDEVHRFTSVQQDALLPSIENGTITFIGATTENPFFAVNKALISRARIFSLLPLNKNDLKKIIDKVIKYYSCLKDSKVVEIKEEAINHLIKFSGGDARNLINALELGISITKENKENLVVIDLAIAEDSIQKKNIVYDKNGQNHFDVISAFIKSIRGSDPDATLYWLANMVEAGEDPNFIFRRLLISACEDIGLADPNAIVVVQSCCDAFDRVGFPEGLFFLSQASLYLAISPKSNSTKSIFKALEAIKATNVSLVPNHLKNNASNYLNPHNYQGKWLQQEYLPTDLQGIKFWKPKDSGWEKNKYEDLPKKQKS,<
<ps1>,KITTVWWIRNPRWTFNASELQDEFNLMRHTSNSERRMDLCEAMEGITGVGMSASKREEVSSHLRYIRLELREMHQMLIRDDLLPDLSEAKEVHAQLDALYELLSDKRKKKVKNEFENF,<ps2>,MVQRIPGGQPAYHRWQPAHHKDWEVGNMHREKSTMYPYPWENNRYGLYWDMEAFHPPKEVKETIDDSGLPKEEGISEKWLREKIDSLIPLIQEKWPNIAQQTLETAKGSIDDLVGVIASHTGSSASGIKNQLFQIIDSIQENNWEIADKIEPIESQLEELLDELNSTLRPKIETPIRKKPILSIAIAAGIGLFIGSLINSRNK,<
<ps1>,FMEILEGNFTPQYFWPQGSVGVGSLFGMRYCNASFHPVTSQSQRSGDWAILNYWIQNLAPDGSPDEIGVIQLAWLGDSVWELHQRLRHIHIPLKSRDLHLSVVNEVKAQAQSKALDEIEHLLNSFEINLIRRARNKTKRFPKSSDPAIYSRATGFEALVGWLFLKDPKRLSKFFEYLECK,<ps2>,LCKIVLGRWSVTEWEKVNVCRVHQEILCRKNDREIHWNYQGYFHHCWNVKVTQIDSKKKFDRLRLCKLLETIYKEHTTEELNLICNQLLQILDNFSEKSRYEEISEDKKWDESFAVLITYADGVYKKGETTLVTLRELLSKNFGSLSKVVHILPFLKSTSDGGFAVSSHTSLEEKFGSWEDLKSISNKHYLMADLVLNHVSSSHPWVQQFIKCQEPGLSNVFSPSQDLDWKNVIRPRSSSLFSQINTDDGQKQVWTTFGPDQIDLNWLNPKMTIEFLNLIITYLSNGIKWLRLDAVGFIWKEPGTTCLHLSKAHSIVKILRILLNDLLKDGVLITETNVPQKENLSYLLPEDEADMAYNFPLPPLLLEAIISSRADILNAWICDWPELPKTTTLFNFTASHDGVGLRALEGLMNEQRIKDLLINCEKRGGLVSHRRLSNGEDKPYELNISWWSAMEDPGRDSNRYQYERFLLTQLLVMSLKGVPAFYLPALLASENDIKSFSMTGQRRDLNREKFKSEKLAAVFNNPESNANKNLKYLRHAMDVRAKLPQFHPQSHMECLSKNRADIVALKRGIGSKAVFTIHNMTENKINYRFIDYEFNKLIKNDLNMQDYLTSNKYNSNNIELDPFQVIWLGF,<
<ps1>,YVGMLLWKTEFQCKFFIFMIPSFWKQPRDDPTKNRSMWADRNDVPHQHSKMTSSKPKKSSRVRKTTKNSKKNHNTMMPLLPKTPPSFKNKVVDKKALKNLVSWAYKTHGTAVTAAMADNLKDLGFKYATQAAVSISVNDLKVPEAKQDLIGQAEAQITATEECYRLGEITEVERHTKVIDTWTETNERLVDAVKNNFNQNDPLNSVWMMANSGARGNMSQVRQLVGMRGLMANPQGEIIDLPIRTNFREGLTVTEYVISSYGARKGLVDTALRTADSGYLTRRLVDVAQDVIVREEDCGTERSIVINSEDGKFGSRLIGRLSAEDILDSEGNLIVPKNTAIDPSLSKTLETSLISKVNIRSPLTCEANRSVCRKCYGWALAHNHLVDLGEAVGIIAAQSIGEPGTQLTMRTFHTGGVSTAESGVVRSKIKGKVEFGSKAKIRGYRTPHGVEAKQAEVDFLLKIIPTGSITNKAQKIEVTSGSLLFVEDGQDIDSDITVAQITSGAVKKSVEKATKDVICDLAGEVRYDKVIQPKEVTDRQGNITLKAQRLGRLWVLAGDVYNLPPNAKPVVSTETKVEQGTVLAEASQSSEFGGEVRLRESVGDSREVQIVTTSMLLSNFKLIEESTHSGELFHLESNDGTIYRLNTSPGSKISSGEVIADLADERFRTKTGGLVKYAPGLSVKKARSSKNGFEVSQGGTLLWIPQETHEINKDISLLMTEDMEWIEAGTEVVKDIFSQTSGIVTVTQKNDILREITVRNGSFHECEDEEILSRFTEEGKLVNPGEKIIDGVDNDEILFVQKLETSKGKGLLLRTVEEYTIPNEAELPELSHVKQEKGPSLALKAIQRLSYKDGELIKSVEGVELLKTNLSIESFDATPQMTIDVETIQDKSDKSINRLNLVILESILVRRDTISDSSHGSTHTELQINNNQLVKAGDVIATTQILCKERGVLQLPDSVEGEPIRRLIVERNEDKIKINIKDKAVVKTGDRVVDGDLISKGVKSTSCGEIEEVSSEYVILRIGRPYMVSPDSVLHVKDGDLVLRGDGLALLVFERQKTGDIVQGLPRIEELLEARRPRDSSILCKKSGVVQIKEGTDEESVSLSVIERDDSISEYQLLMGQNIMVSDGQQVTGGELLTDGPINPHDLLDCLFTDLKDQKPLMEAAQESISKLQRKMVNEVQNVYKSQGVAISDKHIEVIVRQMTSKVRIEDAGDTTLLPGELIELRQVEDTNQAMSITGGAPAEFTPVLLGITKASLNTDSFISAASFQETTRVLTEAAIEGKSDWLRGLKENVIIGRLIPAGTGFSGFVEELASEAGPHPDILAEESGGYRRTQNLRPDYTVDMPQTPIVSSTAILDDPSDEDLETTRNRHGIDPTSSNFAAFARPNAENQFSEDQLPDPAALEGLQEEGLLSDG,<ps2>,MLMVWFWSMCCERAEGRRAQHFLGKDNKDNGCPLIQDEAHSDFWITRAAMMQNPAEKKSSILKDFKNLFIWIIIALIIRWQVIEPRWIPSGSMLPTLQIQDKILVEKLTPKITSKSNLSKLKNKIIVFNVPEQLIDAGYESDIALIKRVIGVPGDKVEVKEGNLYLNDIAQNNYISDKNINYSTGPYYVPEKSLWVMGDNRNNSMDSHIWGFLPYEKVIGKAIFRYWPLNNIGPIRFPSLNNLG,<
<ps1>,EQFSDIPDEEMNLFPFFDTWAYGRNHFQYRHDEFEWPNQMFIKDIVYYYLMEDWQEWEYFDYHGELRSKRTKICITCTHFRYSTTDQCVTILTCPFHQKLIPQGDHLVKGCTYWRKDSRIFAPEAA,<ps2>,ALHTYTHPLCISPEISYDTANMFPWQNVGSDAWDAKHCCPTLTQQPDVVYVRFHIQQEIDIPASTQLYNQICFAIAARYYPPGHRLPSTRQLAMQTGLHRNTISKVYRQLETDGVVEAIAGSGIYVRDNLKKSFNSKNNLNTTPALETKKAVDKLIKLGCTLQETRNLLTNEIDWRIKCGSRIIVSTPREDIGASMLIAEDLSPNINVPVEVIPMEELEKVLCNSNNGTIVTSRYFLQPLEKLAKQYRVRAIAVDLSDFQKELKIIKELKPGSCVGIVSISPGLLRAAEIIIHSMRGSDIVIMTTISDNSNRLLALLKASNHIVCDGPSLSVIENTLLKNRSQLMRVPQIICAKNYLSIKTINHLKTEIGVIN,<
<ps1>,FKDLDTHFVMPWDLQICIDQERYYCLGEAFAGSNTTKGNFKEAMQKTDKWMKVIVIDDDPTGSQTVNNCLLLLKWDYSTLIKGFQSKSNLFFILANTRSLSENDAKLRLVEICNALKKVISKESYKEEFIFVSRGDSTLRGHNFLEPKIMNDCLGPFDATFHIPAFIEGKRKTIDGEHFVDNVPVSQTIFAKDKIFGYKTSNVKQLLFQKCKSQIKFNDIQNLKISELKVLESKEKNIVFNKIRNLKENSHVIVDIENYSQLQKFSLSIKKLSKQKKFLFRTAASFISSISAVKDNPKEPFFYSLIRRKNREKKFLPGFLVIGSYIELTTMQLKEFLEISDCIPIELDVFEFLKISKLKSNQDQLEVFKNKLLAQIRSILKQENTPVLFTSRKEVSLARNDEQVNFNNSLAHFISELVSDLKNEIGYLVSKGGITSNVILSNGFKANYVYLQGQIITGVSLVTFKLENDENLPIVTFPGNIGNQDSLVKVWRILENKNNSSN,<ps2>,DSRTNCSWGNGKEWEITACAICSNPFGCVQIMIQMKDWNETCGITCPDRLMRILHTMLRVGDLDKSIDFYVNILGMNLIRRKDYPHGEFTLAFVGYGSEKDNAVIELTHNWSKKSEDYELGNKYGHIAIGVKDIYDICQGLEDNGCNVTTKPKTMKNSTTVLAFVEDPDGYKIELIERD,<
<ps1>,LMDVRANHLWLYIRNWSHVIFAQAIVNAMAPLEHTIQSCFKDCITQNRDWMANNFYQWWKNHRRVVTFGGFLILLGLYVSPVIKEAKYKNMCIKLSEKGALNKLNGDNIGETLLKDTGLSIEELAKIEGYRNCF,<ps2>,ETFPDWWCQFILKMPMMRKIDHFWEFEGRRMQEVNHRLRKEDGLYCHMFDMNDLNIEFPLDDFEELISQIGWSSLDEWFIFWNLKKEMLSINNFWDDNVKDDWIWGLALPLLSQAYKLNKKSPDRKIIGISALPGTGKTTLGKWLESISLKLKFKLSVISIDDFYLPSEEMEFAIKNNPWNVSRGFPGSHSIDLMKEKLLKWKTDGQLNVPVFDKSLRKGLGDRAHWREESPDLLIIEGWFLGVKPLSIDLDNSEKFSPPLSVFESSYRNKIQNNLDQYLDIWNMIDQIWHLKPLKFEYLNEWKSNQEKSMHFKSGSSLKGDNLSNFLRMLNVSIPHKSFDDINSDVLLMINQERKLVRVGLNQQISK,<
<ps1>,INPTCLKGAPRVVIEREFEACIFHPNDWWKDADHRFDMECRCGWQPSAPQMKLNQFLKWHNIVSSGGEAKILINSGQIKVNGEIEKKRGRKLVKGDKVMFLKSELIFE,<ps2>,GNHGKKRFCYYYILSQVSCDKPFQHTIVAPNSVSNWTMPKGAMYIAKCSTMKPQLTLQTPLELPHQEISNYLNQLWISEDEESVGANTFTLMVWQPAWLEQCLVKSGLISGPITGTLSPEIIKVAKKLIIDKGLSHTTSIHSEELLTLLKENLLNKDYEDLRGQFFESSISTLNPRRLITLAPTLNKESEIKTFVSAYCPLSDNTITQPICGDLVVIRGDSNSINNKGLKIIDDLSIKDLPIWLWWNGSLDESQEIFNFFTDQGIRLIIDSANGSPKRCLKILYQSIKSNKAINDLNWVRLKSWRESLAMIFDPPSRRPILEHISDIDIDIAEGNFLQALLLISWISDKLEWVFSKINKHGDLIKIEFKRKNGENILTCINPVPLGNPSIHSGQVIGLRLISKISEVRKNNTCVILGCESVECMRLEAGGMADMQLIEQVVPNSFSSSESDVSKLLGSSRGNTSPLFENAIKVAVQIFNGFNK,<
<ps1>,NWIGEIIKVCIWPNGGIWMNWANWWFWHSVLGSCDCIYIATSAMYHFMGMMKDKQEKIRMFLPFSWVICAVISFAYINSHLINT,<ps2>,CAFWFETNDNPWEMLMFGQSMGVYNIWGPLLFGAWPWCGYMYIWESFMDIMEFNIQDKVKLKNPLSYLKTSDNMPMLRPPDLVAIDEVGEIIAIKSPDTVEIKFRRGSFLIDTDKIEKTQI,<
<ps1>,NMGDMRAKHIDNKEACPRQGQSPNVPESWIGRDCLAMKEDMGPGDVDMYYMKYLILGSGSFAGQLIFSEYLERNYDVYGFNRSRVKDHYQWPWIKKYKNDLGNRWFEYNLTNDVEEMISHINRLKPNFIIDFMGQGMVAPSWLKPEVWYTTNIAIKSRLMNALIDSSFLQKYIRIGTPEVFGSNENFLKEDECFNPSTPYAVSHAAIDFNLRCLYKQYNFPYLIGRFANFYGVGQQLYRIIPRLFLSCRSERNFILDGKGESRRSFIFSKDIVSAIDSMIKFDGIGQEFNFSSNEEISIMSLVNKICNLTNVDKSRILKFGPERPGKDRYYRLDIKKSKNVLNWEPEVSLDEGLNIINIWISENIENLSNKSWTYEYKD,<ps2>,SAQGYQGCEMHHQVVKLLIECPWVSFCNAQDLYSHEAHGLDSELPSSKDVVTQRHFFVTTSSSSAAEKTLKTKIWKRVFIVCMILLISGSFFYFNHEENNTYILKTLELNGSVKEGDTLFKMNCVGCHGITARGLVGPDLQSITMRLNDAEIIKQVIEGVTPPMPSFEIDPQNMSNLLTYLHSL,<
<ps1>,PGNPNGRCKRRKIKWCFEDNVQWIVCPTQVSWISLDPCTWTWYFERGGHHVENDEIKYKKDIPIEWLKMPSSAKEAEKLNIKKYFIGDKRFMRELEDRDEYNAA,<ps2>,FCQDQHFYKMDDPVPVMKTRAYWTQEQFFWWWEEWELVNQKPSWYSCGKPVILKTIKISNKLCLIGIIVFCLFQNHSVSASREPLIRVLISKNRNLRIRSDKSIPLIIKGQKFSNKKIKGLTVKKENNTTSLFFDKNKQKIYDLKNKVKLVVKSSDGRGIWVGQKRYSGILNLLVLESEILVINILGIEKYLSSVVGSEMPAKWPLEALKAQAIASRTYALKQKGNQIYDIDSTQKNQVYNGLESRTYKTIRAVRSTRSLVLTYKNKLINALFHSSSGGMTENSQDVWKNEYPYLSSVRDFDRNNPKLQWKKKFSSGELQKLFPEIGGIKKIEILNITNTGRVKNVQIFGKYGSDQISGVDIRKRMNLKSTFMRFKFIEDKKYISDNDNSNNPIEKTLIVFGRGSGHGVGMSQWGARYMASKGQKADRILKHFYKGVGIKPFSKNYL,<
<ps1>,FYYPCPMICSKNAMLLKSEIFLRMKQYDHRHQSTNCTGDLTPFTWAGHHCMSIETTVLDFKLSNTFEEYQAHMNAPEQQAMFKEMGVKTFYIGKSLEDPKRATVMFQGPVNTCYDIFVNPETKPIVEASGHIYEGTIINRWIS,<ps2>,ICRCNHKNRTPEAINSYRGSWVNNGKDLAPCGWHIIHKQTAASFGYAIKYMMFNKQKKLILNLKILKLLFFSPLLISIPFYLGNSDAKAGLEFQWDQDSGYRRLKWFQKENKKRFRNTIFFFLRPSDRQANLLKITLNIPKTFDSTLKDKVSFCKVKIGGFEGRTKCIEDIPADVDINEDNSSLDIYPYSPIPSNKDSYAIVFKKISNPKKSGLKQFHSYGQYAQKNTSSRYLGSWTIVID,<
<ps1>,LKQPNRKHRLTYPWEATNVYYLLESDMKMKKLHFTICYPMFASLKQPPCWMNFITNSRQFHKSLAPWVFLPLFISALTGTFYRICKDLLGYSRDEVHWLMSLHEGEWLGDNGELIYVILNSLGLIWMLITGFQMFSKKISFPKKVTKGESKG,<ps2>,WHMIVSNTLGVGLESFKVGMDINILQMNKWLRESCWWYDSHTEPTLQCFFMASFTVGIVVFPGSNCDRDVSWALEGCLDIKTKFLWHESSDLNDVDSIVLPGGFSYGDYLRCGAIARFSPLINSLHDFIKSGRRVLGICNGFQILTESGFLPGALVANKNLNFICDDVDLNVITSKGGWFQKLNENQNIKLPIAHGEGCYHCDQDTLKRLVDNDLIALKYKTNPNGSTSDIAGITNEKGNVLGLMPHPERACDESIGGIDGLYTLRSLITQ,<
<ps1>,HMQWRFMGDSMGMCARKHGWGSDFYQQPQSPACVHNAMTHAAIINLFEPTMNNSQRSVTHSQNGDYRTIEQTMEKLSGGTRRLAAQLTTSATFNSLWNVLTDYDRLNLYIPNLLSSRKIYKNNNNVHLKQVGAQDFLGMKFSAEVTIDLFEEKELGLLKFSLIKGDFRRFEGSWKIKKIKDTSKNSLIYDLTVQGCQWMPIGMIEKRLKKDLSENLIAVDKQAKASIK,<ps2>,WLGDCLLRTYTMQFMSNHGPAIIFHAWTGENCPKVYCYCEACEQRPEVKSVILNPELQEKGEIKDLMKSRGSFRAFPLAAITGHSLLKLSLLLAAVDPSLGGVIIAGGRGTGKSILARGLHTLLPPIEVLDNESILEKLTMSNSNTSLRPIGRNLDPDKAEEWDISTNKLLEEVIGSDYLNQIEEIPKKVREAPFIQVPIGITEDRLVGSIDVAASLSSGEQVFQPGVLAEAHRGVLYVDDINLLDDGIVNLILEATGREQNNIERDGLSLSHPCRSLLIATYNPEEGALRDHVLDRFAIVLSADQSIDNNQRVEITKSVLSHAENNIKFSEKWSEESDNLSTQLILARQWLKDVKITKEQITYLVNEALRGGVEGHRSELFAVKVAKANAALRGDENVNSDDLKVAVRLVILPRATQIPPQDDDIQPPPPQDQSPPPPQSNNEDSEPESNEKEDNQEEEQDNSDGEEDSTPDIPEEFILDPESCMVDPDLLLFSSAKSKAGNSGSRSVILSQSRGRYVRPLIPRGKVKRIAVDATLRAAAPYQKSRRLKNPNKTIIIEENDFRAKLLQKQAGALVIFLVDASGSMALNRMQSAKGAVIRLLTEAYENRDEVALIPFRGNQAEVLLPPTRSITAAKRRLETMPCGGGSPLAHGLTQSAKVAKNALSTGDIGQVIVVGITDGRGNVPLGTSLGQAEVNENENVDLKQEVLDIAAKYPMLGIKLLIIDTERKFIASGFGKELAEAAQGKYVQLPKATDKTIAAMALNAINEF,<
<ps1>,FHALQETKYYFQETYELEESHYHKTHNQLGCVSHSMIAADEWSFDTDEKIMSKDFKSGKVKRLPINNLNLPNFVNNSLRNNTKVNTVEGTNVIRVPFGKRFPKKQRPDKNQNIATLILPINTFINPTPPPHVA,<ps2>,RLKRCEGCLNMQEECAFGMNRYKDNMGEPPRKPSQGEFCGEQWSWRGYPNMPSLSDGDFYYYRNFYIDQPPQMAQVFYESLHVISFSLKIIFYFLERLSDVN,<
<ps1>,YAFSSEQRCDKMATWWIMTTYEQISNPFVYCAGTSSGDSMIMKCTIVPPIMRHQLRVPLLSKPADQRKALLRALTTQLIREGRITTTKARAKALRNEAERMISLAKEGTLSARRRALGYIYDKKLVHSLFEKAQERYGERNGGYTRIVRTVARKGDNAQMAIIELV,<ps2>,DRRWRDSRMESAEPQCVVADYYLTVHRMNCIRMVYYSNREEIAMNLVTNEMKDIFLVLDSYQYQMESNYQETSSLTNLFTENKFIGWLGLFIVFFSIFAIIIFQFLEWESNDKNKE,<
<ps1>,CGSFQEKYHHEPHRHMEQCWERRWTFSATCVQWSTGWGFEPYYMTPQYIKMNERNKSLWKQAIKWPLYSVAILPVFISGAYTLNSFKNVKIYNLIAFTIAAILILIWENLTNDLFDSETGIDEFKFHSIVNLVRSKTIVSITAYTSLLIGLVVIAIISISTSINVMLLVGACCFLGYLYQGPPFRLGYQGLGEPLCWLAFGPFAYAAALIALNPSDIYMISIPWKESLLLGSGSSLATTLVLFCSHFHQIKEDKEHGKNSPLVLLGAKKGAKIIPWIVFIIYVFQLFLIINGFIPILCVLFLISFPQSLKLINLLKYSYNKPEAIKNCKFIAIKFQTLNGIGLIAGFIINYLIYK,<ps2>,PMLRFFQYTLVMVHHHYLNFGTVMENVSWWQVLQATEAPFCCHKGLKFCLMKIMDNFDDDLSLKQKEFVEPIDKATNKDLFEKKDEFKEATPKVLHLNSLITKNIYLFTKDPNYKLFAWLMVQLFIFSLFVLVATLMKNNLVPYINSL,<
<ps1>,HVCNREYVIVPITLCPPQMVCAKHYRINWVYHHLRGDGGTEPCQKVKFGWLLLMKRLLLAAVLFLLSEISFAKEKLNYTITSDSQVQNGKGNFEAISNVVIKSINNNF,<ps2>,KAMRFCFMYCYLSWVNDMTIGTDTGQVVPDNIHMMNLHYTSVAENRIYYIMDEDSRKVTEEVWLICPNSTEVRRFTKNKNNKDKFFEYMFVDSGIIIGVLGAKPPLMKTRKEIKIEAARKEYQQLIISGWQVTIPKW,<
<ps1>,CMPEPKVLATNTTRSCLHMTDEGVVADHHQEHVQDFARMCDDCGKVDWIKLDQFEVKVFIRLRPSVLDPAGEAIKSASSKLGVAGIKSLRIGKLIEVKIESNEEDIKEKIELLCDRLFANTVIEDYEYSINKL,<ps2>,QPRPQMAPEVAYDWCDNTELLYDLRPPASGVIFPVLFLNAVVFECAWYPVMNLKQITQKDQLDLKKIYFDSIISIDQKIYTSEQKRAWASQAWDNKYFNLTLKEGKGWLINEREKIIAFASRYPNNRISLLYCRGDSQRKGYGTKLLKKIEKEAIKEGLPCLTTEASLISYKLFLKNSWKIIRKEKIIIKNITFERYKMIKNF,<
<ps1>,VDLHNHQTFGGIYKHEGWCVRVDLDKEHWSMNFIELYDHMSRMYLWFWWNMEQGLNNPGPLTIFLVFTAGLLTSLGPCSLSLLPITIAYVGGTKNNKFKLISFSGGVIFSLITLGALSGFLGKIYGQLPSYYASLVALIAIIMGLNLLGILKFQLPNGPDLQFMEDKVPSIITPFVVGGAFGLASSPCITPVLATLLAWVSQAKNPTISIIFLFFFGLGQVTPLILAGATTENLKQFLELRKYSQVIPTLSGVFLVSLGILNLISNWI,<ps2>,MQGAMIIQKNFMSRRNLSVEGYDKFVHKDDATAWWPWHCVKVVSFNPIWLMKENITELWFSWFYKNWEKNAPGNLIDKGLSPSQIAERFVNENHKEFLEIANEFDEDNYQALNEFMKLSESELHILKYFLKLIKLKNS,<
<ps1>,FRTTDPNTAIYGTFRGGWWFSNCISIDKNICHTNPSRCCMETKKWVWGPPMGTANLHDSTNKPLYGERIIEESNIICFENPNKKRIYEISIELPEFTCKCPFSGYPDFAKLNIYYQPNMKVYELKSLKLYINKFRDLKISHEEVVNRIMDDLLKAAVPHWIHLNADFNPRGNVSMKLDIYSGQKRN,<ps2>,NWDTKPITPNNSSYATFRGIDTKHFGGNYEIQMESSSHWGQAICFWWGFTVRIIFWGTPEYSVKSLEVLKKSDHDIVAVITQPDKKRSRGNKLISSPVKEYATKENIPVFTPETIKENIQFISILNDLSCDLFIVIAYGKILPKAILDIPKYKSWNAHASLLPRWRGAAPIQWSILEGDKITGVGIMRMEEGLDTGDVLVEKQIKIENNDNLKTLTKKLSDLSSELFLRAISDIEQNKNRDINLLLKKQTDFKRELKYARMINKLDYIINWENSATDIYRKINALYPRANTTYKRKNLKIIKIKILTTHEIHNKNYKILSNVFKPGLIIGLIKNVGIIITTKTDPILLLEAKLEGKKVSSQNQLIQQLNPVIGENFSD,<
<ps1>,CWFCGKGTPYWALDHRYSSGIQYFWGYTKGMRYWDIPPFEAHTTQFYEGSMAQLETRTEPMVVNFGPHHPSMHGVLRLVVTLDGENVIDCEPVIGYLHRGMEKIAENRTNVMYVPYVSRMDYAAGMFYEAIVVNAPERLANIVVPKRASYIRVLMLELNRIANHLLWLGPFLADVGAQTPFFYIFREREMIYDLWEAATGQRLINNNFFRIGGVACDLPYGWLEKCIDFCDWFAPKIDEYEKLITNNPIFKKRIEGLGTIERDQAINWSLSGPMLRASGVSWDLRKVDSYECYDDFEWEIASEKEGDCYARYRVRVQEMRQSLKIIRQACEMIPGGPTENLEAKRMATEDKKSEIFGMDYQYVAKKVAPTFKIPNGELYTRLESGKGEIGVFIQGNNEVTPWRFKIRAADLNNLQILPHILKGAKIADIMAILGSIDVIMGSVDR,<ps2>,YYCVTEDSFYVAQTQNCTQISPNWWEQFKSIDLYVQKHAAWTETAPHMQNMVRKISFIGVGPGDPDLLTIKALKKIESADVIFWADSLIPEKIINFSLKGSEKIKTSTLTLEKITSIMIERFNEGKTVIRLHDGDPCLYGAVKEQLEILRQENIETEVIPGVSAFQVAAAYHQAELTIPDITQTIILTRAGGRTGMPEKESLKDLAKHKSSLCLYLSARHIKSSQKTLLEFYPPETKVIVGYRVSWDDGWTSLIELKDMEKFTLEKELIRTTIYIVSPAINTIANRSNLYNPSYKHLFRGK,<
<ps1>,EFQWKKVQWNYKPHQVVSGNVVSKLWNPFEIRGEHTPMVYCGPADFSYQDMLRPPFSQESISIDKWDVIVIGAGAAGLMTCLELPENLNVLLLNRNTSKRSSSRWAQGGIASVVRPEDSFALHVEDTLKAGDDLCDLSAVEMLVKDAPGCVDRLQNLGMIFDQSSDQLSTTLEAAHSCRRVLHVKDRTGRALVEVLEDHIENKENILHCRGVRVTELLIEKEVCKGVQVLDGSNLYWITSKAVVLATGGGGHLFTNTTNPAQSAGEGIALSWKAGVAIEDLEFIQFHPTALKFYGSPCFLISEALRGEGAVLVDKNGESPVKHLENGDLATRDQVSRAIMNNMQENDVDHVGLDLRFIDPEKIVERFPMIISRCQDYGVNPLNEVIPVAPAAHYWMGGVHTDLNASSTMKGLYAVGEVASTGVHGANRLASNSLMECLVFARKMSCIELNAPYNLRRLDRYTTEIFMDNPKEDFILGVSDKIDSLRKLCWSNLGVSRNKKNMNKLLKTLQDEIDQLQKNPLLECLNKIEIDQKLKLSEPNRRGLNLLLDLHNRQITTLLLLKACLFREESRGGHYRDDFPIKETTWKCHTRQQLNQEIIKRFIKN,<ps2>,DKINDYCPPYTLYCGSRAHTLHCYTTIYGCNIAGDKPNPPWHTADDVLVWMRTILISGANSGIGLNIAHKELKAGNRISIGLRDLESVKGSVIDPNNWTNEKILLNKYDALDKFSAKKWVENTVSKFGGFDTLINCSGVLSKVPFLYKDGDEEEILNTFNINFLAIWHLCRISWKHLSQSNNGRIIVLVSMSGKRSKGDLAAYSSSKFALMSLCQTMKNKGWEENIRVTAICPSWVNTKMAEKISSIEKSKMTQPGDIAEICSTILKLPMQSVPFEIALNCNYEI,<
<ps1>,NNKIYHRPWAKGQTEVDTLMETKVWKRPWSIMRRWASEKDPIIMQNTVAKMSRKSELLKGEETKNFSEFSQLADFSLMNSLNADPHSTKDGNDHRARSVNSGHYVPVTPTPIPEPIYVSHSKTLFKELGLSSDLTKDKNFCRFFSGDIEVAEYPMRPFGWATGYALSIYGTEYTQQCPFGTGNGYGDGRAISVFEGLFNGKRMEMQLKGGGPTPYCRGADGRAVLRSSVREFLAQELMHALGIPTSRSLTLYVSGTEIVRRPWYTEGSRYFEPDIMVDNHAAITTRVAPSFLRVGQLELFARRVRSNSHDDAFNELKIIVQHLIDRNYRDEIDPSYSFNEKVIRLANLYRGRLISLVTNWMRVGYCQGNFNSDNCAAGGFTLDYGPFGFCELFDPRFQPWTGGGEHFSFFNQPFAAEINFKMFCSSLLPLLLENKEDIEKLEKIKNDFSKFMSKEMQLMWAKKLGLEKYDETLTNELFNLMVNSKVDFSIFFRKLSHIPDNISFLKDSFYLPSSEELDKEWFIWLKKWQDCINKQGDLKEISKSMKQVNPKFTWREWMIVPAYQEAEEGNYNKIKELQTIFKNPYEEESLEIEQKYNRLRPREFFNKGGVSHYSCSS,<ps2>,ILDPMDVGSMNHWKGHSHIIKHIHIYNFEEDSYAVCSNYMSWKSGTKPIWMNYIQIKDLSKSYSDIKALKNLSMEINAGTLFGILGPNGAGKSTLIKILATLVEPDGGEVFVNNINLIKNPRKIRELIGYVAQDIALDKILTGRELLDFQSDLYHMNKKEKYERIKLLINQLEMNDWIDRKCGTYSGGMKRRIDLAAGLLHLPKVLILDEPTVGLDIESRNIIWQLLKDLKNDGMTIILSSHYLDEIDKLADSLVIIDDGKVIAQGTPAQLKNKLGGDRITLKVREFSNHEESKKISEILSSINGISQIIINKAQGYAINFVVDKEKDLLTKLKVELAFSKFEIFSLAQSQPSLDDVYLQATGKTLLDAEISMTGKRDLKKESKQSMR,<
<ps1>,FCTQSVCTNPGRETRMAAHPWEMNYKGVKIKSYMNGSQHQNNPKRGWFWIMFLISAEKFSLWKKKQLSKGGDNHSLNLLLESLGGLSNIELNLLKINLEKNLNFKVNLDLIESFWDKHLNTSIPIQYLSGISFWRNLKLEVSNRVLIPRPETELIIDIISGIFKNKEEKITFVDLGTGSGAISIALALENPNWNGIATDIDKNAIKIASRNFATYSNQSNLKFYNGNWWDPLKNFKGEIDFAVSNPPYIPQDTYEVLPIEVKNFEPKLALLGGQEGLDHINQIVQNAPLYLKNKGWLLIENHFDQGEKVKKLFLENRFTSVKVLKDFSGIGRFTIGRYK,<ps2>,EKIVQPHFFSAGQSFTVMSLKVWCPEGCHKSERMKNNVVKNAQENYHWWVLFDKENLKYFLIWPMSVLLAIFFKYYGFLKPDFLLINNYLVLLLVCGPALVVTIILVFNKI,<
<ps1>,GLNMTSRDPYLRFGMQYWPDDGMIMMLKYPKRNWTRQGGAFIKDHGPEEDMKLQTQFTVPKKEFRDLDYVNKVKVLEETLKKECMDYPTKEDCLVCCN,<ps2>,SVCAPTDEKYFDPLIILRFFTGACNMSRVKVRFVGWYRWQTVLNSVIDRLMSKLKGPDGRIPDRLPDGRPAVAWERRWTEGTLPLWLVATAGGIAVIFVLGIFFYGSYQGVGAG,<
<ps1>,NQKFLAATFNLSVASSLAQLYIAVNHQVQPIGPPIKDQITYKLVKQHDGFMNNKRIFHDPIHKEIIIDSDKPEELMIMQLIDTLAFQRLRRIKQLGAASLLFHGAESSRFTHSIGVFCVARKIYRKLVEINPDFSQNKFILFGAALLHDLGHGPLSHTSEVIFAHDHELWSKNLVKNYSPISSILKNFGTELPNQIGDLFKTKNLFSRPLKTLISSEIDCDRLDYLLRDSYNTGTKYGLVDLERIISALTFSPDGNIAIKPKGVIAIEHFLVLRNMMYRTIYNHRINEISTWILEKIIQIIKKDSVKKDLWIDESMRRWIFFPNQLEVKDFLANDDIVFYFHLMKWKEESFEPLKTLCKMFIDRKLLKASDISFLTKLKRLEILAFARKKCKLNNYDSEIFCGIKERSFKGFKSDNSLKIWDGTYQNLLENQSDLINTLMSSKDTSLIIYPGEFRKEIEDQIAIERANV,<ps2>,LERYRKYSHMAFCVAGELKFRAIDFASHMQLSNRCMDFCKPDVSGHKPAEMSLKSVLKNKSLGILVHPSSLPGGSYCGTFGEGAKDWIKKLCKYKINHWQFLPLTPTDSTGSPYSSPSSFALNPWFLDINKLIEENFIISLNKKDLQSINQNEDHFDFDYANNLSKKLGEYLLFDWESQSEMRKTDFYLWNKKNTWVEDYSIFMVLREKFNMLPWWEWPLEFKQKENEFIKTWIKDKKNEILKTKLIQWHLDKQWKEIKVFAKTNGITLIGDLPFYVSRDSVDVWSNKSLFSISQNGDLLFQSGVPPDYFSSTGQLWGTPTYYWAKHKSTAFRWWRKRFKRQFELVDILRLDHFRALAGYWRVDGNAQNAINGSWINSPGKELLNLLKKDLKSDYLPIIAEDLGVITKDVEILRDNYELPGMKILQFAFDGNDNNPYLPKNIEKENWVVYTGTHDNATSTSWWDCLDITIKTHIKDKYKYSIDPSWNLMEIGMSTKANLFISPIQDILSLDDSSRLNTPGTITNNWRWKLNQTLDEIDMNLKKYSDLGNNYGRLSN,<
<ps1>,IPRICHRETHSPLMGCVTEKSLHNCHEIQMAGKWEPIACWSYFNDIGSDYMSIETKKYNNLISISTELRKRIIKTSYEAKIPHIGSCLSCIELLVFLYWKELNIDPSNSEAINRDRFILSKGHGAPALFQVLGLKGFFPIERLNSFGKPGSVFHEHPPKPGYIPGIEAATGSLGHGFPMAVGMSLAKRINNLQYRTYSILSDGECNEGSIWEAAMFAGAQKLDDLTIFIDFNKWQATGRSKEVLALDPLKEKWQSFGWDVYEIDGHKFNQIDKSIELAKTNKNKPSAIIAHTIKGKGVSFMEDNNNWHYKTPNEEEFKKAFEELKN,<ps2>,MCCNFVEFSIMVNRHAPNFKCSRVLVSHWGVNMRKYVGDTFRLKVNRATPMSKFSSQEIESQYNLIKTLLSDPEKYNDALDAIKKDIAHMPLELKKKLEEENITF,<
<ps1>,GAYNYIMDVPHTSVFYLMQMEETDCFGCHESHECWPSTYWKCNIYDAHSDMQKKSFSISWGDTSLEMLPSKALLLPQTNELLICDVHLGKAEYFQQNGIPLTNNSDEQNLLSIKKIVENHKPYKLIILGDLFHSKYSISKSIKSKVENLSESLNIKIELIVGNHDIGCKVKNISFLEYKRSSNFIFSHEPIGKFENKILNICGHYHPKTFLKNSKDKLSFKCFAMDEKNNTLYLPAFGDLTGGYPCKNSFKKWAIISEKEIIAV,<ps2>,RCNVQNCYKTCDLDHTEEIVPHHTIWGVVQEWNRQEGGVPTMGVYRNMVMMKRLDLIFSERELDAIINTLEKANVPGYTVMKHATGRGPERVVTEDMEFTGLGSNAHVIVFCEQELIDQMRDNIKSDLSYYGGVAYISEATPL,<
<ps1>,NQQMYIWVHPVKNRRPACLYATFLALIHMAKVTVWWFECRNFFKNWIIKLLEELITKKLEVNDNLKSRFHNGFNIVKSTFLSSPIALRLWSSFFVILPIFVQAPWVRFAPISALCATFFILAAAFLLSRKEGDKWFIVGSLLLGVTGSWLGGCLFWGWLSAYPILHIPVEAVALPLAIVGLGTKWKIGSSFYISSLFGTAITDLTIFLTGIMDQWKEVIIADSDNAPLILQKTSENLIQFKSLSIIILAALILWFISKEIFNYATSNSINGKAFLVSSYVIQTTLIVDGIFIMLAIIQPTLSGLV,<ps2>,DWPWHDMSGSWEYLCWPDCMNQQEIYAPCLTCMVWFMTIFCPRYWTDIQLLNRSFYFKFSVVIISFLLVWTLRDFILLIICSLVISNVVSNLCYQIQTILKLPRFVSLLIVLVGISFMIFAISIIVLPPFIREFNEILIDIPNGLSRVNELVNSNLNKFNDLIYGKESERIVNIFDLVNDVVPIPDGATIAKAIQESFINIINLAGNLGSGFIRVIFVLVVSFMISIEPKAYKEGVLFMIPKVYRNKFRIILDKCNIALTNWTFSIVISSISVGLLSLIVLSILDVKYVVSNAIIAMILNIIPNIGPVLSGIFPISIALLDNFWKPVAVFGAYIVIQNIESYIIMPSILKKKTNLLPGLTLISQFGFTFIFGPLGLVLSLPIVVVTQVLIKELINDN,<
<ps1>,PFFMDSWCVPKDPTQFFSVHSPWHVYTIIDKQMWDEQQNNHMNYALGNYRMSQIFTWIWVSSGILLILLVLLHSPKGDGMGGIAASGSSMFTSASSAEASLNKITWTILIIFLSLAIILSAGWI,<ps2>,YFRCIHNFDECIYFLAMELRSAMHVHHVTKVSYFAPWTCKGCLHYKCRADMSKLKGPDGRIPDRLPDGRPAVAWERRWTEGTLPLWLVATAGGIAVIFVLGIFFYGSYQGVGAG,<
<ps1>,PKNEALPIPTEMSYVDGHTRVACITLMSPGANNNLITKCKPAVKIFMPFDMGEAKRREELGLPPREKKEAKKDSKSNLNQILNKYPFAPYILGISLLTILIIDLVNYYK,<ps2>,PTYIQIWFQLYMRVFHFWVHFLTFQFWGMDVVEGMFAMQQLRKFHEFGAYMASNKDNQLVEKNDDNLGVENISNNPSIQSEQKLEVTEDEISFKEEDLDNGFACFGFNKLILNSLESKGYKTPTPIQKAAIPELMLGRDLLGQAQTGTGKTAAFALPLIEKLENNKESNAKVLVMTPTRELATQVADSFKSYSAESTNLRTLAIYGGTDFRNQISSLKRKTDIVVGTPGRIMDHIRQGTFKINNISCLVLDEADEMLKMGFLEDIEWIIDKLPENKQMVLFSATMPNEIRNIAKKYLNEPAEILIKSVKQETQLITQKYINVQRHHKLDALKRILEITNEGVIIFVRTKLLTTSIAEALENSGHSVAVLNGDIPQNQRENTVDRLKKGFIDILVATDVAARGLDVERIKLVINYDFPFDKETYTHRIGRTGRAGRSGEAILFVNQREKHFLRNLENSTRNKIEEIEIPNNKIINEKRMGKLITNLNESSLDQENNEEKKALMIDILDTLREKHSMEDSNIAMAAINLAIGNKSFFINEDESWLYRQNNSDRNRSNRNGNNRMRNTNRRNNYQNDSFETYKFNFGKMDRVRVANIISSICTSTNINGRLIGKIQIFNEYSLVDLPRDLHGEVKNKLKNLRIRN,<
<ps1>,YKYWYIYIIANDSFTYSNGPSSFGHICQAKQIHHDGRYSMRIQPCYPMPYMNSKLKFIYEGKAKKIFAYEDSDKVIIEFKDDATAFNALKKAKFEGKGELNCLISSKIFEFLIKNNIPTHYIGLKNNNSMIAQKIKIIPLEVVLRNTAYGSLCKQTTIKPGTVLESPLIDFYLKNDTLNDPLLTKDRINLLKIVDEEELDFISNMTLKINKLLKKFFYNIKLDLVDFKLEFGYNSNGQIVLGDEISPDNCRLWDLNQKNGMIVSLDKDRFRNDLGGFIEAYSEINKRINNFI,<ps2>,WYVTCTERRCITVPCVPTCHLRPLLRGQLYCTFRRDTEGWVFPQMRAGRWMGFVPLHNHSDYSLLDGASQVSKIVDRACELGMDSIALTDHGVMYGVLDLVKKCKSKGIKPIIGNEMYIINGSIDDPQPKKEKRYHLVVLAKNHTGYKNLVKLTTISHLNGMRGRGIFSRPCIDKSLLEKYNDGLIISTACLGGEIPQAILKGRIDVAENTAVWYKRIFGDDFYLEIQDHGSIEDRIVNVELIRIGKEHQIKVIATNDAHYISNMDVEAHDALLCVLTGKLISDEKRLRYTGTEYIKSEDEMLRLFNDHIDKESIKEAINNTVEVSQKIEEFELFGTYRMPKFPLKEETDSLSFLTKITKQGLLSRLNKNNLDEIDEIYKKRLTSELKIIDDMGFPDYFLVVWDYIKFARDSSIPVGPGRGSAAGSLVAYALQITNIDPVKHGLLFERFLNPARKSMPDIDTDFCIDRRNEVIDYVTNRYGEDKVAQIITFNKMTSKAVLKDVARVLDIPYGESDKLAKLIPVVRGKPYKLNEMIDKKSPSPEFRDKYLKDIKVKKWIDLALRIEGTNKTYGVHAAGVVIASDPLDMLVPLQRNNEGQIITQYSMDDIESLGLLKMDFLGLKNLTMIDKTISLIESSTGQKINIDKLPPKDNKTFDLIGRGDLEGVFQLESSGMKQVVKDFKPNSLEDISSILALYRPGPLDAGLIPKFINRKNGSEKIDFPHPFIESILTETYGIMVYQEQIMKIAQDLAGYSLGDADLLRRAMGKKKVSEMVKHRNIFIEGSCKKGVDKKIANDLFDQMVLFAEYCFNKSHSTAYGAVTYQTAFLKAHYPVAYMASLLSVNAGSSDKMQRYISNCYSMGIEVISPSINLSGIDFTIKKDQILFGLSAIKNLGDSAIRNIIDNRNKLGVFKSFSDLCDRLPSNILNKRNLESLIHCGALDEFSENNNRAQLFSDLEYVMEWASSRNRDRISGQGNLFDSISKNDTKEFSLSQGSKVEDYSLIEKLKLEKQLLGFYLSDHPLKHLAKPAKLVSPISISQLENSHDRTKVSLVGMIPELKQITTRKGDRMAIVQLEDLSGSCEAIVFPKTYCRLSEFLLTDTRLLVWGTIDKKSDKTQLIIDDCREIDNLKLLVINLDSSQASDIRIQNTIRDCLVKFKPDRDKCGIKIPVLAAVRNNDSITYVKFGDQFCVGDILGVSKLLSDKSFQVNLKSMIA,<
<ps1>,HRDKMGEDERNDTPTYGPVPCGMWFGFGCQLLRLGEFHAYKARSSVAYSIMNIKQPSSHKNPEPESSVLYIVGTPIGNLSDLSSRAINILKNVSLIACEDTRQTKKIMNKFEFTNNLISFNKHNSLKKIPRIINDLNSGKSVALVSDAGMPSICDPGEDLVKNVRSNGSNIICIPGPCAALTALVSSGLPSSKFIFEGFLPKKKSQREKILFEISKNEKTTIIYESPHRLKKLLNELKIYCGGEREIQVSRELTKKFEEHIGNDINNVIKTFQEKEVIGELTIVIKGIKKESNLLINKSDLKKELNELIKAGLSLSAASKYLAKKHGIKKSETYNLN,<ps2>,HWSRQRDYYAIVKYVHCGFCNCFCWYLMDCEQGGLYYWVGRWNCDLMNPDMSFLNNWWLIPLIITIFSGILCPAMGTVLITHRRLLQVNLISHCVLPGLALALALGIHPSIGGVISGLVGAIIAESLTNKKSENYEAVMNTILAGMLGFGVLLIPLLGIRIDLEAVLFGDLLTANLGDLLRTIIAFLTFILLVTFGYEKVVYVGLDPEGASASGINVSLLNLALSFTTALVIVSSMSAVGVILVIALLSTPTLLGLDKAQSLRIAMMRSSFFGLCISLLGFILSIVFNLSPGPAISVICVASLIIPKIGNKF,<
<ps1>,QVDLSFEKMTQTHHYCEWTDSYLQYMKTWYNFYWSTSSGYILHAEAREHYMAAKEHKSLQGSKILLIEDDKSIRLTVTESLISEGFEVSNFKDGSSALDFILGEGIKDFDLILLDLMLPGLNGLELCRKIRNEELYTPILILSAKGNESDRVLGLEVGADDYLTKPFGISELIARCRALLRRSKRGKEKKQKIETIIEYKNIKMFTEECRVTNFNQEIILSPKEFKLLELFIKNPKRVWSRDLILEKIWAIDFIGDTKTVDVHVRWLREKLEENPSAPKIIKTVRGFGYRFG,<ps2>,QQCMNVHAHLKDLLTVMAEMMPWYAGHMMSSCFSFRVMRQCTLWMVVAHWMRTILISGANSGIGLNIAHKELKAGNRISIGLRDLESVKGSVIDPNNWTNEKILLNKYDALDKFSAKKWVENTVSKFGGFDTLINCSGVLSKVPFLYKDGDEEEILNTFNINFLAIWHLCRISWKHLSQSNNGRIIVLVSMSGKRSKGDLAAYSSSKFALMSLCQTMKNKGWEENIRVTAICPSWVNTKMAEKISSIEKSKMTQPGDIAEICSTILKLPMQSVPFEIALNCNYEI,<
<ps1>,MNDFKAMPVGWYPGYELMCKQDSINRLHTLGENCHDRTASTFHMSTLMFEVARIAGIDIPREKRVEIALTYIYGVGLTRSKLILSNTGVNPDIRVKDLSDSDVQKLRGATEDFTVEGDLRRKEGMAMKRLQDIGCVRGRRHRMSLPVRGQRTRTNARTRRGSRKTVAGRKK,<ps2>,TFHCRPTEALCYDMRCETLAWLHMHHLKVMREKFGKEAYVTEHVNVMKFLMTLSSYRMHRIYLAATMGYGLGSDDPEEVAYYKKLRKEMDEMKKDVVKKGIPLTWDIPDGMDK,<
<ps1>,WIGDLYMVRCFASCEPCDQPGYWRYNLMHVDRWFDRERLRSIIFYKNPGMMENSKPNYWQNAERTNGRMAMMGFFALVVNYGLFGWIIPGIF,<ps2>,MRSADSENSRGLNYWFTEPEMVDLVRPWQIYIVGSPDMHWQQWMVIGDWSMQILIIPIGFILWYFAYESKPINNDEVTSLWEKENYVKRTKLLNILKESF,<
<ps1>,EWYRMVERGLPDYEYPMSCDHFWAFFRVLPYWRHHMLWLQNDWAYTPFLCMDLCFLSTNITSFVADPLSHEFMRKALLMSSLVAAVCGFLSSYLTLKGWALMGDAVSHSVMPGVVVAYALGLPFSLGAFIFGVGSVALIGFVKQKSRVKEDTVIGLVFTGFFALGIVLVSKIKSNIDLHSILFGSPLGISLSDVKQTVFISLLVVILLSVFRKDLILYCFDPRHAKTVGINVLFLHYLLLTCLSLAAVVGLQSVGIVLVVAMLITPGATAYLLTDKFDNMTIISVISAIISSVFGIYFSFWFDLETGGSIVLVQTFIFLFAFLFAPRYGIFKFKKLFSSY,<ps2>,NVCAVNELAIQWPMPPPQVHGSFHVPNQFLFFADAFSQFDFQRYQYGRTQMKDMPTWIDEYHKGSRFGLNGKVLLKKNSKYQEILIIETDFYGKALMLDGCWMTSVRDEKYYHECLVHPALSSIDKKSHILIIGGGDGGTARECLKYSQVSKIDLVEIDEEVIKVSKTFLKEIGGGAWSDKRLAIHIDDGVKWVETTKDNSYDVIFIDCSDPSEFSNLLFTDSFYKECKRILTKKGILATQSESPESFENIHIHILKSLNKIFKLSETMYSFVPIYPSGIWSWTFASDEELNLSKVNYKEVMEIENNCDVWNLNFQNAAFKMMPNKIVKKLNS,<
<ps1>,VRPNIGQYAWSITKQVWNCCWSNEWSDFTKRTDTYDISDVWLYCMVASRTLQISNNNYPWPDDWGRKTSIMGIINLTPDSFSDGGDFCSIEKVLNQVNYFVSNGVDVIDLGAQSTRPGAIEIGAKNESKRLIPYLKKIRSEYPNILISIDTFNSEVAHEALSNGANWINDVTGGRRDEEILDVVSEFNCPFVITHSRGNSITMNNLTNYDDFLVDIIHSLESLTKKALNKNVSKDKIIWDPGIGFSKDTKQNIEILRNVPLLKNFEFPLLIGASRKRFIGEILNQPNPKERDIGTLAISCLCSQQKIHLVRVHNVKINYQVLKVADHIFR,<ps2>,SWMQNLLGCYLWKCSWGWCLYALSDFTDKKFYKKKAEYGWFRNGKISGTCVIPSDTPINQHSLQSLELWLKDLGATKDIDNPSKWYLLLSNWNATIIFEQEDLSVVWESGGKLTKRLFSYCINREDIENAILQGP,<
<ps1>,MDFYFSQPIRGHWNCKECGRPSLSVIPPSKFTQALRPMTCEVNQYKMKKEMKAKPETTAHVSVKEYCFTKKEVKGVVEASDFKWTFTWSFGKGVLFVTPPLGRALIQDSLLRFFLKKDYELEAGNEYKFIISAKF,<ps2>,KWPRIWHTMGMVAADAQETERNILKHCAYDCYHYEEDYFPWGEGKLRDRKMDICLLNIDNNSNKSLNPTSVIGMLWLQTHFEDTQWEALSNNQVIISKENSKLLVKDAISAGLKIKSFSGVSMLDVFQKKN,<
<ps1>,QMKGDKCPPMCKKGRDSHYPGSEFVQHYERKECDDWKRASFACPKFMPWAMKNKVFPFIKKYPMSILLAIIAINLFSIASSLRTEAYLNREKNLCIKYLKHQIDRDTLIKKLRIVKQANPSSICDSVLKS,<ps2>,TSSQPDVIAPSEWVNMLPCDNVMDRLHGVCPHLPENSDRHFCHAWISPDVMNKFEFFKTDAIQSSYGGQFSYKVIGPCCRLYDREELPWPCSRLAWRSKEPSWRRIGARFVADMASRKCPSYSVQILEPGSKPVETVITLFSKKFSSEIQEWWYSKKPGSKEPGNVLPESI,<
<ps1>,LSVRACMCMCPEHTRVFWIDCFSASYCIFAGCLERYGWDEESYYIDHQMPMDYKTSGVDIKAGREFVSEIKQSVESTYSSNVLEGIGGFGGLFKIPLEGLKKPVLVSGTDGVGTKLELAQIKNFHFEVGIDLVAMCMNDIITTGAKPLFFLDYIATGKLEKNQLLEVINGIAHSCRENKCSILGGETAEMPGFYSKNKYDLAGFCVGIADEEKLINGKKICENDLIIALQSNGMHSNGFSLVRKIIENNNQIDKQFEKKYNLDFYDELLKPTKIYFKIVNQILSQNIQIKGMSHITGGGIPENLPRCMSSDFIPYIDKKSWKIPVLFEFLKDVGQIPEKDFWNTFNLGVGFCLIIDKKYKDKILNICNAFDISSWVLGKVLKKNNSKENNFLPEIII,<ps2>,MEWVFMHCWGMDEKFQGNVGRIWCFEYPGASDAAGDWLQSFHFKTRQIGYMYFQDIIQNLNKFWSEEGCLIMQPYDTEKGAGTMNPHTFLRAIGPEPWSVAYAEPCRRPTDGRFGDNPNRAQHYFQYQVIIKPSPDEIQEKYLTSLEFLGINPKDHDIRFVEDNWESPTLGAWGVGWEVWLDGMEVTQFTYFQQCGGIDCNPIPIEITYGLERIAMFLQDKESIWDLNWNKDINYSDIWLQFEKNQCSFNFSNSNPENMRKLFAIYQEEANSLIEKDLTYPALDFVLKCSHCFNLLDARGVISVTDRAQYIEKIRKLAREVATSWIKERELMNFPLVKK,<
<ps1>,CYGSYDLNQAVIHETEYNVTIRHKCHEFSSGGCCNLHQKMYRCECVGGASMKNFTKNNYSTKRNDTENRRSQSKNNFKKGNDLNTRDDSNRRDNSNRRDNSNRRDNSNKRDNSNRRDDLNRRDDFNRRDNFKRRDDSKRRDNFKSRDDLNRRYDFNRRDNFKRRDDSNRRDDFKRRDDYERKGAIKSNEYSYLKSKEKPRNSFNQSQTRFSSNAQQTENYSENSSKKFQLSPNERNYEDWIWGKHSVFAALNSERPINRIWCTSEIFSSEKFYLLLKDLKSKGVLIEEVPWSRLSQLTSGAVHQGVALQHASTESISLEKLIDISKSKSSNPIIVALDGVTDPHNFGAIIRSAEAFDCKGIIVPQRRSAGLTGTVAKVAAGALEHIPVSRVVNLNRAIDELKKKGFIIIGLSGDGQVPISEFKEKAPVVVIVGAENKGISLLVQKKCDYLLKIPLKGKTSSLNASVAAAISLCYLSNN,<ps2>,TEDIRWWMQHMIEMIEIQHPIDSWSCQFHYRGPNFRHNKHMFCWCKFERRMELPCRRFGRTNLKMPVLSLGGMRFQKSWDELKFSEISRKEQNKVENILNLANKFGFNHIETAKYYGTSEIQLGMGFKSIEKKPKIIQTKIPPNRDPKLFEAELLKSFEKLQVKKIDLLAIHGINTPEHLHQAVKDGGCIDILKKFQQENLIGYIGFSTHGELSLIEKAITTNLFDYINLHWYFINQTNSKLIELAHKYDLGVFIISPTDKGGHLHTPSTKILELCSPLHPIVFNDLFCLRNKYVHTISVGIAKEQDFNLHLEAVSLLSESDHYIPKILNRLKEESINSLGIEWYKSWDKNLPNWKNTPGGINIPVLLWLANLIDSFDLEEFAKSRYQLLGNGSHWFPGNNANLLDVNVCESQLLKVLERHIKPKKVIKKLRVLKDKFGDKSLKRLSKN,<
<ps1>,QGMILYGYGWVIDQTSHWSRKAQIIMQWIWFWAQCCSTCQTPSERSIDVAMSESKSPLDRIYRLIASHAWMTENEAKVLLVMMYASGTKSLGLEGKGLNKFMERSLEKMCSDNKENLQEYLLKIKDKFPNNELLSED,<ps2>,QHFNLIDASLGRWWARRFPGNRADPMTCLQKYVWHDYMCTNCEPNRYCNNMEPTSSLNRGDRKKGSSLVTGSEVQSQSNGASCFITTDSEKSLVSRQASQVEQIELRTYVFLDSLQPQLAAYMGTVSRGFLPIPGDSCLWMEVSPGMAVHRVTDIALKASNVRLGQMIVERAFGSLALYHKDQSTVLHSGDVVLDAIGSEVRKRTKPSTSWTEVICAITPDHAVLINRQNRSGSMIQSGMSMFILETEPAGYVLKAANEAEKSANITIIDVKAVGAFGRLTLAGKEGDVEEAAAAAIRAIDQISNY,<
<ps1>,GVDVHFMIVESWHIMNKTQKCDNNRSTTESVVLRYNDHRDDPGLDEGKEFMTMNNLKTKKLVNLGPSGRAVAQPMDVSLLDNFYEHLTMERYANVQYFSIYLWFQERDLDGFASHFLSESQGEMEHAYKFANYFIARGQTVKLKELPAPIQTWDSIEDIISYSFNMEADLTSSLQQLYSISERISDTRTSVFLDPIVDAQTKSEDEFAHILGKVKFAANQPSAILLIDSDLKKK,<ps2>,SFHTALQVFSNQRALHDAITMQWMMSWTVRRLWFLGKISNLCFNLRGYGVMFLKDHLKDTYQKASFDNNHLMLENIINIWAHRFGPESLNELFVKDQDQDQLKLIEENQAEASQNQINLELIEDHQSEANQNQTNLELIEEHQSEVNQNQINLELLKNLQYEEKIEFKPKETKKSNNTEIINKDIYGSYKNESEFKDKEELPLPNIKNLRKWINNEKKAS,<
<ps1>,LGGFGIECMWFRKNGHVCMNFNRVGVLEAPSFRMFAVTMLSLWFWRMESCMIILHIGLFENSFSNIMKSVIFQETANLKKPVPAEKVIELSDKLLEPSSHSKRYPPRLHKTWGTIFFMIAIHLLSLLALQPQFWSMPAVTALFFFYWLTACLGVTLGYHRLLSHRSFVVPKWLERFFATCGAISCQHGPIDWVGLHRHHHSFSDTEVDHHNSKRGFWWSHMGWMFKDVEALKAVPKLSADLIKDPYYRFLNKYFLFLQIPIGLCLYAIGQKLGVGGWALVLWGIPLRLVVVYHITWLVNSATHCWGKAPFESGDGSKNNAWVAALTFGEGWHNNHHAFPNSARQGLFRGQIDLTWEHIKILAKLGFAKKVKLPSRSYY,<ps2>,FVELAPYIRNDMCYHWTIKHADVRDTPHSMYYTCNPFQNPNALNNLRVDHLNKKLGHKDHFHFIGIGGIGMSAIAMALIKKGYSVSGSDLIQNKETKSLKTLGAIIFDSQIKKNIDFVISKFQDHTLNCVISSAIKDENEELCFCKKNNLSIKHRSEILAMIMNSYTSLSIAGSHGKTSTSTFLSTLLELCTHDSSSITGGIIPIYDSNAHIENTKYLVTEIDESDGTIKNYNSDIGIINNIDFDHCDHYSNIDEVLSSFKKFASNCQKLLINYDCKFTKNNFTSKNQWSIKESNNIAYSLIPNIINKDKTVGKYYEHGKFIDIINIPVPGLHNLSNITAAIAACRMVGVSFKEIKKNTESLKLPKKRFEFRGEINQRIIYDDYAHHPNEIKATIDLARLFIKDKNSSDREEKGRLIAIFQPHRFTRVKQFIHEFVKELSKADVIYVTNIFGAGEKNIDNIDSQLIANLIYKNNKNVTCLKDNYEINEKFFKLTKKNDFIINMGAGDCHNLWSILKNKNTLNN,<
<ps1>,RQRLGQQFWYDFHLSTMDWPDAQKQGVRWFHGPLVSCLWLSVRIAAFKLSMDINWASTQIVKNLDRHEKRDLLAWILTQSERTFQRAFEAGQYSSAIGSLKLIWEMTIKDSKEKDSRYHGNYKH,<ps2>,ELQGSIAEKSDYNWSWQKSENTWAKGWCFMRFNGCKNQNCLLTDTHGEYGMSKLHLKRFLKKSYEFSLVLFQFFIIILHFIHLEFIPKKEIMQVNFFFSFVGFLLIIISTIVMLISIKDLGRNLSPFPRPTVNGNLTTSGIYSFIRHPMYYSLILISFGFFITKLSFYHLFLTISLALIIKLKIILEEKYLNKKFKNYFIYTDKVKY,<
<ps1>,VMMLKNEVWNFAFTLNSQMGEHFTIHVYTVVEQRDEFASNLNFRYTMGLAVHKNKILVPLSNNSYEVIIKQGLINNIGEELIRIGINSNRKILIVSNKEISTLFGRKLLNNLKKNNFNAEIFNIKAGESHKNFASLSEIFNAAFEVGLDRNSLLIALGGGIVGDVTGFAAATWLRGIEYIQIPTTLLSMVDSSVGGKTAVNHPKGKNLIGAFYQPKAVFIDPETLITLPTREFKAGMAEVIKYGVIKDKSLFEYLENEKNRDKILNLENESLIKIINKSIKTKACIVSEDEKENGIRAILNYGHSFGHVIENLCGYGEYLHGEAISIGMKIAGDIATEKNLWSKEHSLRQDHLIESYGLPIQTPKIKKNDVMKILMGDKKVRNGKMRFILPIELGEVDIFNDINESQFLKYFN,<ps2>,EIFFILFHFDQEDASQCHECTWCSEKCDLAEEYHWHGNADFKWNNGTYITMKKIWKIEKLVLPQHSDHAGVMWHGTYFDWLEEGRINALSKAGLNYVDLTKNGFDLPLIDTSIKYISPLFLGDTVTIETIFEISKSPKIKIHSKFINKSKTILTIAKVNLVLINKKSFSIIRKRPDFISKAFLKLNG,<
<ps1>,WDEWATHHLGVAEHTSNWGREGNPQHTIQEMERETFSNLVCDMSEPLRYLMNDLNIEFPLDDFEELISQIGWSSLDEWFIFWNLKKEMLSINNFWDDNVKDDWIWGLALPLLSQAYKLNKKSPDRKIIGISALPGTGKTTLGKWLESISLKLKFKLSVISIDDFYLPSEEMEFAIKNNPWNVSRGFPGSHSIDLMKEKLLKWKTDGQLNVPVFDKSLRKGLGDRAHWREESPDLLIIEGWFLGVKPLSIDLDNSEKFSPPLSVFESSYRNKIQNNLDQYLDIWNMIDQIWHLKPLKFEYLNEWKSNQEKSMHFKSGSSLKGDNLSNFLRMLNVSIPHKSFDDINSDVLLMINQERKLVRVGLNQQISK,<ps2>,RIVQLQHDSNGASEPRTDEFPPWEGDNHMHYPEIQSKWWKPNSYPSTKFRMLTTKITYALSDWIREWRKCRKENPSLDDCIKFTEWKIENYELTDSDRMIIESILLYETEET,<
<ps1>,EEKSSIFAECDSAGPYMFLYYEDTSRHLSSTKVMVVACQEPRMPRRCCGVVNITFLGTSSGVPTLTRNVSSLALKLSQTAEVWLFDCGEGTQHQLMKSNIKSSQIKKIFITHMHGDHIYGLPGLLATLGLSGNSNGIEIYGPSELKSFVTSALESSFCKLSFPLRFRAVEDFASLNKILFENDKLKVHCACLKHRLPAYGYRVSEKDKPGVFDIKKAEDSNIPPGPIYSELQAGKTVQLKDGRSFNGQDFCGPPRKGESFVYCTDTVFSKSAVNLSKNADLLVHESTFSKEDEKMAYEKLHSTTIMAAKTALLSNVKKLIITHLSPRYTQRSSIKPSDLLKEAQKIFPNTYLAKDFLTAEIK,<ps2>,LGSQFLPSEWSVVWSSVGTCPKSWPYNLMCAWCFNNWAMPEQNNQNCIIIMKLSKKFEELIIKQLESFGCSMGVTHLVMYLASTEQGTKASFEMIGQWPQIDRLLVSVEDDPSLKVSSPNRRWYPLQENDILLGVLRVETDLKEGNWPVSLDSRLKALSLSLAKCVSIELERQNKNEEINYLKSQVNVIIHQLRNPLAALRTYAKLLIKRLGSDVDSIEIVERMIIEQKQINNYMDSFAQLNSPIQLPLDIGEERLLLPPNLDNKKLITVQSLLRPILERGQANANLENRDWTEPSLWPDWTLSPLKAKYAVIAEIVANLLENAFKYAHKDAEIGVAIMSKGLCIFDDGKKITKIENEKIFQKGFRGSAAKKKDGTGVGLFLARKLAKQIGGELRLLENSSINDVEELKSFKKKNIFYLELPIKELHS,<
<ps1>,LWDDLEMGAVMCRQWTQKASWAMPWPMWESEHMSTMGYLNQHSDVHLKCLMIENPSQIVKEISDEKEIENSTIEENTSDTPKEEDLSFDHKDIPSADSSSSRRNNDLDTAGFTQEEFASLLGKYDYNFKPGDLVKGTVFALEPKGAMIDIGAKTAAFMPMQEVSINRVEGLSDVLQPSESREFFIMSEENEDGQLALSIRRIEYQRAWERVRQLQKEDATIYSEVFATNRGGALVRVEGLRGFIPGSHISARKIKEDLEGEYLPLKFLEVDEERNRLVLSHRRALVEKKMNRLEVGEVVIGSVKGIKPYGAFIDIGGVSGLLHISEISHEHIETPHNVLNVNDQMKVMIIDLDSERGRISLSTKALEPEPGDMLTDPQKVFNKAEEMAAKYKQMLLEQTDENEEQTVEIAESV,<ps2>,WPIYDWEWMKDWTSQHNDLTLQVMHQPKYTRVGATGWSHRKVYQWCTHNRLSRSLDLPSTEGVDTLAQELAKLQDNGKRRIAFLGSRHVPVVDIHLIELIARSLAEEGHTILTSGSQGVNAAVIRAVLGINPSLLTVLLPQSLDKQLPEIKNQLESVIHLVEKSENDELPLPMASSLCNQEIINRCDQLICFAFHDSETLLNSCRCAEEMGKVVSLLFFD,<
<ps1>,FIFLQQMDHQKLGKYIPIEFHAILRSVQQCHGKFAKKVGCSACDMYLDQNMKKKLAAVSFSALLAIVASSTTSGFASWNTKYWTNEKNFNRISSFNVSENLPEGSKSTTKTSSEVVTASEDGKTLMYTDSDLGVVGLVDISDPAKPKALGIVELEAEPTGIAALGNNIYIGSNTSESYTNPSGALVQYNLDKRRAVKECDLGGQPDSVFVSPDGSFLAVAIENERDEEYKDGQIPQLDEDGKQINPAGYVSLVKLNKKGKIQCNSIKKVDLTGLASIAPSDPEPEFVAINDLGETVVSIQENNHLAVIDKEGKVISHFTAGIVKQMAGMDTKKDGAHKFKKKLKNVRREPDGLTWIDNDHFATANEGDYKHKAPGQAKRGGSRSWTIFKKDGTVVYEDANRLERSIAQIGHFQDGRAGKKGVEPESVTFGKIDGTPYLFVGAERAGIVAVYDITELSQPVLTQLLPSGIGPEGFVAIPDRGLIASANEKDYNKKEPGLSSHVTIYQLQDAPASYPHLTNENGLEFVSWGAISGMVSGEDGKIYAVNDGTFKTQPRIYVIDPSSSPALLERAIDIKLDGKTALFMDQEGITTDGRGGFYISTEGIKKKLTEHPPAIYHVSSEGDILEKITPPPSYLNYAKNPGFEGITRNGNILYIAQQKPWGDDTFNTTKILSYNLISKQWGAVNYQLDRIKKGGVGISELTYHDGALYVIERDSFYGKKAKLKAIYKVDLDGVVFEGLQTTMPPRLYPLVEKELVTDLKPVMKSTGGFILEKVEGLAINNDGQAWISTDNDGTGKKSTGETLFLNIGKI,<ps2>,DPFIEWTETWTKSDIYEMMWPIQHFEGHKRQKWCSVNEMVQSIKFNSNLAMKNLKSNKRKIHRKVAAISSIPLLITLISGTIYSFLQPLGVDAFWLIKWHTGNFGIINLQPFYSIFLGIASIISVISGIRLLQKNS,<
<ps1>,YCCIKVPLNEVIRPAPKLDILHGRMQCKDSSQMQEGKTDNQYVMRACGRFMGFIKNKLFIFIILILLQSCSGGRIGNFFESSFKNIEETKIKEDVKNNLKNKIVIKSGGIVEKNKNIEETKIKEDVKNNLKNKIVIKSGGIVEKNKNIEETKIKEDVKNNLKNKVLKMSEKKSKNNKKISDKNISPKKIIFQPKSYKIIFILKDVDPKDPTEDLRAILRNSDVNFEIEKIERYFDTKNKTIKSN,<ps2>,APHLMWDEGITFYQMRSFKGWMLHDQNGPPWIAAVYIDRHKGCPYQYKFDMKWIIQEEKEEDHLQILNKDSEIGIDEVGRGSVFGPVFSVAVVLSKKSGLTLKKLGVNDSKKLTPKKRKDFFPKIIALSSDYALGQSSVREIDLLGIRHATELSMIRAVKKLKHMPSELLIDGPLTLRLWEGNQRNIISGDSKFISIATASIIAKVMRDSLMERLESKYPGYFIFKNKGYGTKQHFSSLKKHGLTNLHRKSFLNKLNLI,<
<ps1>,NGWEATQRSEIHHKLSPFQHYHLHQGQFALKIYRINWRDASFMPHPQYKDMELPCRRFGRTNLKMPVLSLGGMRFQKSWDELKFSEISRKEQNKVENILNLANKFGFNHIETAKYYGTSEIQLGMGFKSIEKKPKIIQTKIPPNRDPKLFEAELLKSFEKLQVKKIDLLAIHGINTPEHLHQAVKDGGCIDILKKFQQENLIGYIGFSTHGELSLIEKAITTNLFDYINLHWYFINQTNSKLIELAHKYDLGVFIISPTDKGGHLHTPSTKILELCSPLHPIVFNDLFCLRNKYVHTISVGIAKEQDFNLHLEAVSLLSESDHYIPKILNRLKEESINSLGIEWYKSWDKNLPNWKNTPGGINIPVLLWLANLIDSFDLEEFAKSRYQLLGNGSHWFPGNNANLLDVNVCESQLLKVLERHIKPKKVIKKLRVLKDKFGDKSLKRLSKN,<ps2>,EVCCMISNYYCAKTYPLPNFVCWGKGTSMRFDMTQFKEMCFSKNQLKYKTMIFRNKRSSIKKTNILSQDELIKHYGINSYEFTHQEKKEIFVCSKVKEFDLIELDQLLQTVGWSRRPIRRVKRALEFSILVVGLWRHDEKFPRLVGFARCTGDGIIEATIWDVAINPVYQGLGLGKELMKYILQELKKIGISKVTLFADAEVVSFYKRQGWELEPKGSKCAFWYAN,<
<ps1>,MQGMSFVRCHFCIGCSKGRQESCRNVSRSEFENDHLGGTKWWHWATWGQDMIIIEGFHIFNHKQNCKTKAEWMEQSGMTYDRESEVN,<ps2>,ISEMALEPNWEMFADRSRKYAMCYRMWFHCLMCDVYPDPKGIPDAHGPPLMQIKILVKLFSHLIKVIFKPLLGFAKFFITTYGVFLKFFLQLNGGYWGKIGIGQYSKIERKRFFCILPFYILLALLFGILSLIYWYFVVLFIPFWIERYLTDTAQWNNIFSSIMAFALICGWLLLLSKTK,<
<ps1>,FELSQLYFNENTHSRPSKWYQDQNYGQQDCTMRIFSTTDLRQDSLFFLITVEGKNTSITFDGREIRLTTGLYAPQAGGAVMIECGDTSLLVTATKTTKKQAADFLPLICDYEEKLYAAGRIPGGFMRREGRPPERATLIARLIDRPMRPLFPSWMRDEIQIVASCLSLDERVPADVLGVTGASIATLLAEIPFYGPMAAVRVGLIGDDFILNPSYREIEKGDLDIVVAGSPEGIVMIEAGANQLSEQDTIEAIDFGYEAVSELIKAQENLLKDLGIKQVKPLEPEEDKALATYLEKNCTKPIDLILKKFDQSKEERDLELDKIELEVQTKIDSLKDDNQLKVLTSENEKLIHSDFKKLTKKLMRSQIINEGKRVDGRDLDEVRKISASAGILPKRVHGSALFQRGLTQVLSTTTLGTPSDAQEMDDLNPSTEKTYLHHYNFPPYSVGETRPMRTPGRREIGHGALAERAITPVLPGKETFPYVLRVVSEVLSSNGSTSMGSVCGSTLSLLDAGVPLKAPVSGTAMGLIKEGKEVRILTDIQGIEDFLGDMDFKVAGTEKGITALQMDMKITGLPVSVISDAIKKARPARLHILEKMQEAIDKPQESLSPHAPRLLSFRIDPELIGTVIGPGGRTIKGITERTNTKIDIEDGGIVTIASHDGAAAEEAQKIIEGLTRKVHEGEIFPGVVTRIIPIGAFVEILPGKEGMVHISQLSEARVERVEDVVRQGDEVTVRVREIDSRGRINLTLRGVAQNGGMSYPEPTPTPVAPLN,<ps2>,QLWCVDCTETQQERWKNKWDTAERGGPCDQLMWRRYKMGHGDYKEQVAAPMPKQLSFSNESREALEKGINTVANAVKVTIGPKAKNVVIERKFGSPDIVRDGSTVAKEINLDNPISNLGAKLIEQVASKTKESAGDGTTTATILTQIMVQEGLKNIAAGASPIELKKGMEKGLNFVLEKLRSKSIKINGSDIKKVATVSAGGDEDIGSIISKAMDIVTSDGVITVEESQSLETELDITEGMSFDRGYSSPYFVTDQERQICELENPKILITDQKISTLTNLVPILEEVQKSASPFLILAEDIEGEALTTLVLNKNSGVLNVSAVRAPSFGERRKAALEDIAILTGAKLISEDQSMKLEEVTLNDLGKAKKITISKDKTTIVAFDDTKDLVQERVEKLKREVEITESEYDKDKINERIAKLAGGVALIKVGAATETEMKYKKLRIEDSLNATKAAIEEGVVSGGGQTLIEISNELSNSRKEISDDLTTGIDIITNALLEPTKQIAKNAGFNGDVVIADIKRLGKGFNANNGEYENLNESGILDPTKVIRLALQDSVSIAAMIITTEVAVADIPEPEAAPGGPGADPMGGMGGMGGMGGMGGMGMPGMGGMGMPGMGGMGMPGMGGMGMPGMM,<
<ps1>,EAGSRPYSLYYNPLDFFAHEAHAHSFIQVHDLRFSQAEGFRSSARWIHLWMILSLLLSTFITIFIAELGDKTQLATLTMSGTSNKPLAVFLGSSSALVLASLVGALAGGSISNFLPEIILKSIASITFFIIGIRLFVNSFTSKENDNNQ,<ps2>,PCMAEQQSWYVLCSPSTWYSICTAQWMVDKQSESYNRQAGLHSNRITIWMLKNLLGCSVKDLEKIALNYGQAAFRGRQIYNWLYNYKNRSKSIDEINVLPLKFRDQLKNEAFLFGELTLKEKYLATDGTLKLLLNTRDNESVECVGIPTEKRLTACLSSQVGCPMDCKFCATGKEGLKRSLKVSEILDQILFIENQMNQKVSNIVFMGMGEPLLNIDELLLSIRSINEDFAISQRKITVSTVAIPKMISKLSELSFQVLGKCQFTLAISLHASNQKIREAIIPSAKNYHIKNIIDDCREYVRETGRRVSFEYLMLHGVNDKLEHADELSNLIKGFQCHVNLIQYNHIEEVEFKQTPIKNAQLFQTRLSNSGINVSFRKSRGSDRNAACGQLRQNDKIK,<
<ps1>,YRFLPQNSGYHLDSFGHGYSEQSLIHVCANKNGGTCDMQEYIEVISKMNCMYSLEISLRYSPFPLSIQKKEYEDIKRIYDEIKDSMNSDNQNSPLIELSCEKVQDKLITVLAKEVISVQIYEKSAVAGGSKRPGFSLDI,<ps2>,VKFTYECRREEYYEVCTEGEHNGLRTSEFNMFEHRQAISMLTGDKNQNIFLARDFPLERVRNIGIAAHIDAGKTTTTERILFYSGVVHKIGEVHDGAAVTDWMAQERERGITITAAAISTSWQDHRINIIDTPGHVDFTIEVERSMRVLDGVIAVFCAVGGVQPQSETVWRQADRYSVPRMVFVNKMDRTGADFLKVNQQIKDRLKANAFPIQLPIGAEGDLSGIIDLVSNKAYLYKNDLGTDIEEAPIPDEMKDEALEWRSKLMESVAENDEELIEIFLDKGELTEDQLKKGIREGVLKHGLVPVLCGSAFKNKGVQLVLDAVVDYLPAPIDVKPIQGVLPNGKEDVRPSDDNAPFSALAFKVMSDPYGKLTFVRMYSGVLSKGSYVMNSTKDAKERISRLVILKADEREEVDELRAGDLGAVLGLKNTTTGDTLCNTDDPIVLETLFIPEPVISVAVEPKTKGDMEKLSKALQALSEEDPTFRVSTDQETNQTVIAGMGELHLEILVDRMLREFKVEANIGAPQVSYRETIRSSSKGEGKYARQTGGKGQYGHVVIEMEPAEVGKGFEFVNKIVGGTVPKEYIGPASNGMKETCESGVLAGYPLIDVKVTLVDGSFHDVDSSEMAFKIAGSMAFKDGVKKCNPVLLEPMMKVEVESPDDFLGSVIGDLSSRRGQVEGQSVDDGLSKVQAKVPLAEMFGYATQLRSMTQGRGIFSMEFANYEEVPRNVAEAIISKNQGNS,<
<ps1>,TQIFQQQRTNARFATDDMMPGQCPCFWCTLQPVLMNAKTYFPRHVYYRNPVKKSLFKPSRKFTLFSAFVTLLNDRLSESILLPILPSFVLLFDSKASTYGLLSCTYQLAQFTASPFIGLMSDRYGRRPVTLFCITGSIIGISILSFTVLFDWSTSLATIPLFLLFIARLIDGLSGGTAATATTILADISSPEKRAKTFGLIGVAFGLSFFLGNIFVVIFAKNTNNNFIIPVIIASIIPIINFILVFFYLPETKPQNELNKSTQILKNPLKQLFKVFKEEKIRKLSLAFFIYFIAFTGLTNILIFFLQESLNWTTKASSGTLVVVGVIAIIVQGGLIGPLVKKFGEMRLTLIGSGFILLACFLLITTPQKNAIVNIYSAVSFLAVGAGLITPTLRALISKKLDGDNQGSILSNLQGLQSLGGVLGIGMAGKVYDDFGPKAPFIAGSIILLFMIYLIAEGKNNNISYN,<ps2>,HLDCVMPFTVLHDTVLTMGAAVWKILQTECNKTNECERLWARMIWWVYINMTDIFEVPTPDNELLEKAKQLRLASIKTSQTNNDDRIRALNLMADYLEKNSKEIIEANIEDYKKAEIKGISKSLLSRLKLSKEKLNLGIEGVRQVGNLIDPVGQIQIKRELSKGLILERKTVPIGVLGVIFESRPDAVMQISSLAIRSGNGVMLKGGSEANLTNLAIVSALKEGLQDSNLDENAICLLTSRKDSMAMLNLEKYINLIIPRGSNELVKFIQENTEIPVLGHADGICHLYIDNEVNLDMALKVALDSKIQYPAACNAVETLLIHKDTASEFLNKAIPMFNSNDVKLIGDKKSFQLGVAFEANYEDWQTEYLDLILSIKIVNDLEEAIAHIQKFSSKHTDGIITENINNANKFMSEIDSSGVFHNCSTRFADGFRYGFGAEVGISTQTLPPRGPVGLEGLVTYKYFLRGEGHIVDDFSSGKLIYSHKDV,<
<ps1>,LLWFPTIEMTWHNREFQQDDCQFSHRDNTPWVTPKWSQRSQGFTFSRFTTMQNITFKGNVNFDNQKEELNENELFSLKITDSLYKKDIGKFLEILSSHFIP,<ps2>,EHRSCGVNEYQEENWLCTFENLNLLSAFFWQCLLHGSAEVNDCQSWLWRMMRVVIAGAGLAGLSCAKYLVDNGHIPIVLEARDVLGGKVAAWKDEDGDWYETGLHIFFGAYPNMLQLFKELDIEDRLQWKSHSMIFNQPSEPGTYSRFDFPDIPAPANGVTAILSNNDMLSWNEKILFGLGLVPAMLRGQKYLDKCDSKSWTEWLKEHNIPERVNDEVFIAMSKALNFIGPDEISSTVLLTALNRFLQEKNGSKMAFLDGAPPERLCQPMVDYITERGGEVHMNSPLRKIDLNEDSTVKSFTIAPLDSDEKKKVITADAYVSAMPVDLFKLIIPDQWKGINAFSKLDGLIGVPVINIHLWFDKKLTDIDHLLFSRSPLLSVYADMSITCKEYEDPNRSMLELVFAPAKEWINRSDQDIVDATMEELKKLFPTHFIGDDKTKLRKFKVVKTPRSVYKAVPGCQEFRPSQRSPIKNFFLAGDYTMQKYLASMEGAVLSGKLCAETINKEYSKTSNIVSRETSKIN,<
<ps1>,PSYFFTRRRFMDYYQPIPMVCRKDGAWLVEVDHYVWCWTHSTAEVGAKHIMLENIWHPSYSAAEYLGITEIKLSHLRENGYFKPGIHWKSSPLGQKKPWNPEVLYNSILCRKIMDEFYSEEKNDQYAA,<ps2>,WRDVYMPWCSAMQGQATMPKDEEVGLFGKDFLQGCYMGACLPEMFQMKPEMRNLIKENIKKTGNNSSRSIKKLLKQRSFVVFISILLTGLGASITSISFKTGIYFINNWRLELLNHFPSVAVLPLFGAVGGAIAGFLIKNFAPAAKGSGVSQIMGFLRHKKVPMNLKVGLVKLISGIIAIGSGFPLGPEGPSVQMGGSVAWQMARWLKAPLAFRRVIVAAGGGAGIAAVFSAPLGGFIYAIEELLNSARPVILLLVVITTFIADSSADIIQALGLDPKAGGFDFNLGFLIQKEYDPSVFFLPIDFIYLVLLGIIIGLFAELYSKYVLFMQKLGKKWYKNKFVLKMSICGLLLGSIYSFLPSSFHNLDELQKIIVEKNTNIEIAFLAVFILFITTGLAAASGAPGGLFYPMLTLGGAIGLIMGTWVEIATGHAPSTYIFAGMGAFVAGCSRTPITAMFLAFALTKNLLIMKPVLISCIASFLVARAFNEESIYERQIQIELED,<
<ps1>,CHIYWISTTPEKCMRVQDSAQIAKVWEIVFLWQRDTHFNVGIVQVRCARYMKKKSITYTDLSKKQLQHLKELYIQKKVECMSHKELKEFVLEIISHQINDTIGKEEEMEAWMEMSKFYGDQFEIIILEIQQKFANNENLQNFEEDSKEHRLELLEKNNIEQNKQDMWDD,<ps2>,LGACSKYKPNHWTLCGVWDLDPEFVKQHYTMMKRKIMMHRYMAFAYSAAGMKEIGWPTIDSKHLVVYSKQMLDLENEIFSQGMPQEALMEKVGIQLSKWLLKRKSLLKKGVIVFLGPGHNGGDGAVIAKELFLKGYLVKLWCPFPLKKTITINYVNYLTSLGVEILGDSPNPEGKDLWIDAIFGNNQKRKVDEELIELFNKKFEKRSGKVVSIDVPTGLCPNSGKPFLKNAVKADFNLVVGLNKIGLLQDTALPYVGELHHIDIGICRSQLCKLESKILKISYQDLRTIKLPLLPKNSSKYKRGRTLVIAGSEKYPGAAYLAIKGAISSGAGFVSAIIPNLVSNSIWQVEPEVVVTGSLSSDKNGNSILFNALKNVDFSAYDSIVIGPGIGLNEEDWEKSTQYLLDLKGLLILDADALNRISKSNLGPKFFLERKSKTWITPHNKEFMRLFPEIDCTNKVELAKKAAKAFDISILLKGANSVIANNENAWQLFGTDAETSRAGLGDLLSGFIGGCSSIELSSRDYTKTESLAKYVFLHSFAASKCKKGSNASLIGAQLSKLMRKTKTRLMS,<
<ps1>,QVSPVDDVARENPYNPGAERNHRAIAKNHDYLIISNCKSYHAHPEKWTSGMRQHVNPLSKNFFEIDPIPPLNQVFENPKLPLHLDIGCASGEFLFELSLKNKNWNYIGIEIREKLVLNANLKMKSRENKNLYFSFGNANNIFNQTNNKSIINLITSISFNFPDPWFKKKHHKRRVIQPKLLNLLSNSMKKGSLIFIKTDVRDLFDHMELTISESIKFKKIPYQDVDFCESFNPNRIQTNREKYVILNQLKIYESIYKKI,<ps2>,VHWYWGDWFDFKWITKHAVYKVRAQCMQQKETRSNTCICKQVRMAPHMDWMTDDINPIESDFNAALSRYQDGQELIPIAQDFQKIIQQIPNHFAAWTCLSWLQLLLKNNEEALAAAREAVRLNQQDPQARMNLSLALLATNNKGVRDHVELIKKMAMMMPDVKTELKESVEDGFNRYPNWPELTKINKWLEF,<
<ps1>,AIQDIHGMLDEASQAWMKIESIMCMTIDYYRERWEDCCPMDFCRCLYQDEVLNDTLSSKFICFHLINISNKLNSTLKIELANPNKSEMFELKSYEKFRDTEDVRFFDISINNSNFRDLVIHNGPAVSPPNDKELGNWQFYIHHKQEDNLLAISGGRTFYLVNLGWEYPFYKVRLESCGLILKIPRGTFHRSVSDENGSVVLNQAIRDKGGSVESEFKVTNSKDNKKLHDCITNLQPKFKIYSVK,<ps2>,CVCLPPEYQIYYARPRQYYEMARTMWHEEAYDWHWFTKNQSYRGIFCCFLLIMSLIPLLPVFHKFNRQFFDQSLTTNREPLVKVRWSDNRLKTTAGFYKRKQLKGVIDSEIILSKPILSKLSCNEIHSTLCHEMIHAWVDRILNINEIHGPNFLSKMNEINKAENNFQISIRHNFPVERKALKYTGKCLNCGEKYMYRKRIKNIACKKCCNLFFNGSWNKKCLILFD,<
<ps1>,WQTNLWVFFSLYMLNATWFCITVCQNHHHDMHSRYMWWMYLQMGERCSIAMIKDHPIFLESIRFIKSNLIENNFNYLENRVLERLVHTSGDFNIQKLLEFSEGACEKGVKSLKAGAPILTDTDMAAAAIKSMAKNTNGNLVVSAKHWFDDRDLSELTKTAYGIEKGWIELSANNSGNQSPIIVIGSSPTALVNLLEIIQNSQQIPSLIIGMPVGFIGVRQSKNKLLNTNYPRIVMNSTRGGAAMAAAAVNALLRESI,<ps2>,IIRYHISMPHPGANADNAVEFLRHWNCAHHLGIKGMVIGHAGKEAFPEMHMREEDIKSFEDAFFDALNLFNNQKWYEAHDAFEDIWNTLEGDERQIIQGIIQVSVSQFHLSKGNLNGATILMGEGLGRIKNRTNIDLGVDLVSFCKCLDELLRKLQYKEELTKNDKPYLLIKEQNEF,<
<ps1>,LRINNGTYQDEFFHHVPNMYQICYWHVLFMICKFTWSHDSYDGTPTNSTRMRVKLEPETAFIGKKFAYIFLGIIFALNSIVFIWYFFFSNLTWS,<ps2>,GMNTSSSKWPWCHIHRIPHLQPWGNKVDFDLRTNIWCRTYMQRRQQNSMKLFQSLFSTKYNYFYNIYIVFHIRTSILLLSGLVLGLWTSWPGIVIPNNWKCFKDMIEKSSKE,<
<ps1>,PAGRIKDNDLTTVDKIEEDNCVHMHMKLKHYFVKALLNPPWASTFPIIHSVSENIQPSSEENQIVEDLTNKESPEKLPEFKDKELITNLEQNRFECRSCGYIYDPIEGNKKLNIPKNTPFSAIDGNTFACPVCRAGKNLYKDIGPREKPSGFEENLTYGFGFNSLPPGQKNILIFGGLAFAAACFLSLYSLH,<ps2>,ITWVRRMDMHQQHRRVANFWFLASNMIQQPVLMWAWCFFMWYYWPPHPDVLIGIFSAFGAAISWTYACFIWRSQTEKYKSIDINLVKNIIAFLIFLPAFINLSVLNNLKSIITLLFSGVIGIGLGDTFYIKSLQLIGTRRTLSIETLSPILAALSGEIFINENLAFRSYQGILIISISLFILLRQRTNLIVNNLTNITERNNLSVYVFPFLSVLCAVSGGLLSRKVFLESNLSPFQATEIRLLGAIIFLIIIKKFRINFFLKKLDFNDQKRFLLSILLGTNLGILLQQIVFKTLPLGIGWTLLSTSPVISLFFATKEEGQITKGIIFFTTLLFLGLCLIII,<
<ps1>,PHSEMWRLDGEVGCYSAGHDPLHILTDRCNTAGMQPGEFVQSDPHFHLQSMKILLSVFFLFAFIPPSKGVTTKMFKVLDTCARYRLGEIDAKQAIEKLKLKSVNSSEIDLKNIVSNYCSVFTPNENIKF,<ps2>,GYWLWHTRKHAFRDPYITMWSRRWCDLRNLPYGQIGYQRPGWEPCIGKVLMPKKHPTRRQFLNFGKLSLLFFLNSCSNSLKKIKIGFQSSTYPKSFRDTFPAIWQKENINFSKLKLEKNKIKFSKSDFILINDGWLKSINFANFQNINNLFLNDLLDNRSRDYLKSFKEYQRNKLFPIGVVPYAVIIKNNKDLIYEASNNWDFLLDEKLKGKIIFPQSPRILISISKRINVKNSLSKLKEQAMLFDDKNSINWLINSDASVAIIPFSLCEKYLRVDSRLSMVFPNKGVPLMWNFLLTKSKINNIVLFDWIKSLEKRSTIDELANQGWYLPFKNEYSQDKYNIKTENSNYGPSENCWENSWSFSSLNYEEKVNLENLWNQS,<
<ps1>,DHSQVENDETMQRGKHTCRADRPMPHPCAKEFMRSRDDVIRFSKGGAYEGMRFKVSLKKDGKEFDEVVIANNKKDAIEVALKNNPEAEVLNSDWTFKL,<ps2>,LEVPGDAKFRNGHCVHRCTEPLRCYACPHINIHDAQAAMHDIEGGCQTEMMNDHNSKDNYEAQTLILNDSNGNELFCYLEQIVKVEEKEYALLTPVDTPVSLFKINENDEPELIEKIEKNEQVLKNADAVLQEHDLKLIRSAVTLTVSGELEEPIYDELEEDGIEEESETYELLVSFNLLEQEYGLYIPLDPFFIVGKLINQGALLIEDDEFDKVQPLIESELEKSSF,<
<ps1>,MVHYHVPQEIHENMGAPMAPHRIDKYNCDHQLYSEVWGKEYMPFMGMSDMMENSKPNYWQNAERTNGRMAMMGFFALVVNYGLFGWIIPGIF,<ps2>,AYWRPTITWAIAYELIQIYDCFNSLHFPHCIYRMFKMCTQLAIMMIHVCILMNKYDVIIIGSGIGGLCCGSLLALAGKKVLIAEAHSQPGGVAHSFNMRGYKFESGPSLWSGIGKWPTTNPLGQILRLLDEKVELIKYQGWHVNVPEGEFNLEVGQEPFKERIRLLRGEKSVKEWDSFVSGIRPLSQIVSEIPLLSSSPETINFLEIIKLASKFLPNIKSLPKLNGGFGDIVDSHLNDPFLRNWVDLLSFLISGMPMHDTNSAAMATLFDEWFKPASYLEYPKGGSESIVKALVDSFKKNGGELILSSKVEAVNFSKNIASGVTLENGSNFISNFVVMNTDAWTSRKLIPQEFQKKWSPKAKDINKCGSFLHIHLGFDASGLQNLPIHAIHVDNWERGITAERNVAVFSIPSVLDKSMAPKGKHVLHGYTPANEPWEIWKNLKSNELAYKELKEERCSIFLKSLRKIIPDIDNRIEIKLLGTPLTHKKYTNTYCGSYGPALSAAQGLFPGCKTSVRNLLTCGASTFPGIGIPAVSASGAYAAEKIMGKKEYKKLLKTIDL,<
<ps1>,IYPTMGRADSDHCFHFDGWVHITDQRLGHIQGYILLWRHKSDNPPGSRQTVFFKSNFSYSDSNKSYSDLLLELDSGNIQSIYFYPRKREIDVLYKNGNKEKIPILYNDQLILEKASENNVDLTINNSRKESSAANSFASVGLFLIFIIAIVLILKSTSKLASKALGFGKNKSKFVTIDDVETRFDDVAGVPEAAEELKEVIKFLNEPKKFTDLGAKVPKGVLLIGPPGTGKTLLAKAIAGESGVPFLSIAASEFVELFVGVGASRVRDLFEKAKEKSPCIIFIDEIDSIGRQRGSGIGGGNDEREQTLNQLLTELDGFADNSGIIVIAATNRPDILDSALLRPGRFDRKIEVMLPDLDGRKKILSVHSLSKPLAKDVDLSYWATRTVGFSGADLANLMNESAIHCAREDSKLITYSHIENALDKVTLGLRTSIISSQNMKKIIAYNEVGRAIVSAVKNGVDSVDKITILPRSGYLGGYTKINPDEDIVSSGLISKKLLLSKIEIALAGRAAEIIVYGKNEITQCSFNDISYATSIIREMVTKYGFSIIGPLSLEDGGEMSIGDGFVRNKSTIADNTYSRIDNEIINISKISLNNAIKIISNNRILLEKLVELLLIKETVENNTFKKITFDLLKV,<ps2>,YQFSAPQDLYVFVGKPRLRLPVYSDMFSHFHAATNSPQPNPSLWDQCEPWMRRKIFFEVFNIKKLSILVLGFTLGVIAIWPGIISRNSRKCFFNIIKDGSDGNIQIKTILLVNPNYLLRIKNAKNDYWKVLLVGDACFRKF,<
<ps1>,GHQKNTSNCPQIISCNAFKYRFKIYWGAEDPPWDTHQGQKLTVPWLQDEWMVTSQKKGPDSSASDNELSPDQTLGLVSLSLMQKLSQKDPSFSWLGEMKPDQLNLKNLRDRLELTELAIKTGAPLTTSEVSILMGAKPGKSKIERGGILAIKVARNVWKLSKLGQGSSYYRN,<ps2>,NFKHPLAGSAEDQTQLQGGNGFHSGTERWHGHCGHKQRYEGDLDPEKDMAMILKVLEFEFDLIVLGAGSGGLAAAKRAASYGAKVAIIEVNKIGGTCVIRGCVPKKLMVYAANNRRNMLSSEGYGLISKEITFESNILLKNVREEVSRLSVLHSNSLKKLNVKVFEGLGRFLNQNTVEVVCPKTKNILRKVSAKSILISVGGKPKKLNIPGTDFAWTSDDIFELKDFPKKLLIVGGGYIACEFASIFKNLGTEVTQLIRGENLLNGFDKDLSECLEKSMTSLGINLKFKNQLKSIKKINDGLESTLESGSKLLTDNILVATGREPSLKRLNLDTLNLKMDGIYLEVNELNKTSISNIFAIGDIVKRPNLTPVAIEQGRVFADNYFAALKRKVNYENIPKAVFTIPEISTVGLSEEKANEIYSEVNVQVFKCNFTPMSNTFKKNKSKCMLKLVVNKKNDKVLGCHMFGEAASEIIQMVAVSLNTGITKKDFDTTMALHPTISEEFVTMYG,<
<ps1>,WISSEACKAWCEHTAPYTKSSMYQMNMMINPPYCNMEARPFAYETKINRYMFFLSIPQAWHLAGTWSEQLPNDSNLIGMSQTELMMTLHSIFVPLLLVISYFLFLKISKNESKKVKG,<ps2>,STQHAMANCMRIYSPYDNQSEPLYHFTWTCFSDLVRGRESVIIHGDEQAGMTSTLPNDNIKNIDEKISNKLISEIIRDRIKSKGTRFSANDNIADFINPGELKVLEKEVASRIKDLLKSLVIDVDNDHNTQETAERVSKMYLNEVFKGRYHEQPKVTSFPNDKNLDEIYTVGPITVRSACSHHLVPILGECWIGIKPGSKVIGLSKFARVADWVFSRPHIQEEAVMILADEIEKLCEPKGLGIIVKAQHYCMKWRGVKEPNTSMINSVVRGDFRHDISLKQEFFELVRQQSSNNNY,<
