<ps1>,MNTRKKNPKRGVGKTETNTEWLDKVINQLINKDFSQYL,<ps2>,MKLRLFEFYFIKDYLRPWFGLIYSLFFLFFLGAIGYRITEGWDWGDCLWMVLITITTIGFGEVQTLSPEGRIITVLIIVGGLIFIQFTFQKAVRLFESGYFQRVNELRFKRLLRKMENHVILCGYGRVGQEISNQIKTQNIPIIVVESDEDRKKIAEDNGLEVLCADATLDETLKLAGLDKCKSLVVTLPNDAANLYVVLSAKGIRSSIRVIARAGTEEAASKLRLAGASIVVSPYIAAGRAMASMALRPIAIDFLDLLAGSECEIEEFELSNDISLFETAEKITLLELGIGKKSGAKILAIKEDEKLITNPGGDFLLQPGQVLIAFGSKEQLTTLNRLLGNLVVSVELLK,<
<ps1>,LVESTQSQDSNLGTRLQQDLKNDLIAGLLVVIPLATTIWLSSIVSKFVLTLVTSVPKQLNPFITLNPLLQDLINLTLGLTVPLLAILLIGLMARNFVGRWLLEFGEGTLSKIPVAGAVYKTLKQLLETFLSNKSNRFRRVVLVEYPREGLFSVGFVTGDVGPSLQSELDEKLLSVFIPTAPNPTTGWYTLVPESSVKDLAISVEDAFRTIISVGIVNPDEKDSSSNPTFSKLFSQLRASTNTSST,<ps2>,LVESTQSQDSNLGTRLQQDLKNDLIAGLLVVIPLATTIWLSSIVSKFVLTLVTSVPKQLNPFITLNPLLQDLINLTLGLTVPLLAILLIGLMARNFVGRWLLEFGEGTLSKIPVAGAVYKTLKQLLETFLSNKSNRFRRVVLVEYPREGLFSVGFVTGDVGPSLQSELDEKLLSVFIPTAPNPTTGWYTLVPESSVKDLAISVEDAFRTIISVGIVNPDEKDSSSNPTFSKLFSQLRASTNTSST,<
<ps1>,LMHNRSLSRELSLLSLGLIKDTADLELNKIQIDEIFESALDSLINHCRDELDNCEADLENVSQHILDSELKEGSNSSFANVRDELKKAFYKMESVMNSLSVTLDFPKLIVSSNQIDIREDVNHRILSIINNLKSIDSEIDEVMDRWRLKRLPRVDRDILRLAYVDIHFLDTPVAVACDEAVNLANKYCDTQGRKMINGVLRRLQRVKVN,<ps2>,LMHNRSLSRELSLLSLGLIKDTADLELNKIQIDEIFESALDSLINHCRDELDNCEADLENVSQHILDSELKEGSNSSFANVRDELKKAFYKMESVMNSLSVTLDFPKLIVSSNQIDIREDVNHRILSIINNLKSIDSEIDEVMDRWRLKRLPRVDRDILRLAYVDIHFLDTPVAVACDEAVNLANKYCDTQGRKMINGVLRRLQRVKVN,<
<ps1>,MNQFFSRRSFILIPIMSILKFILQPKKVLAAFAASDDDWNLSKEDWKNKLSPESYYILREEGTERAFSSQLNNEKRKGIFYCAGCNQPLFTSDTKFDSGTGWPSFWDPIQGSVETKVDFKLIVPRTEYHCSRCGGHQGHVFNDGPLPTGKRYCNNGLALKFIAE,<ps2>,MNQFFSRRSFILIPIMSILKFILQPKKVLAAFAASDDDWNLSKEDWKNKLSPESYYILREEGTERAFSSQLNNEKRKGIFYCAGCNQPLFTSDTKFDSGTGWPSFWDPIQGSVETKVDFKLIVPRTEYHCSRCGGHQGHVFNDGPLPTGKRYCNNGLALKFIAE,<
<ps1>,LVKPKSPDNKISNHLQQDVVKIAGKTIFINPFLYWRRFDENTNRWLREPGQMSEEQIQPNRNRFYPEIDWADLSQNQKLVKDASVEMFLKTLELISTFHPQLNSGQLLEVERKMAITKKLPFEKWVTKSFAKKARAEEYEKRKFKRDRFIRSWKEWLSLENTQQALLPIIVVVFVSAFIGWSSGVSKNSCNPYFEQNLDQSI,<ps2>,MKGHKKIRFIFPLVAMYVPLLLLAPKAIAGSFGAEIFCTMRDGGNDHESSWQAAYSYIKKQKGGIFKTSPKQAAGQIIETVVRERDKFSYCVEFLDQLHPDRKLQLENDRKEKRRKKEELLQDKENEDYSKETFDRYSY,<
<ps1>,MDKPKNKNFANTASRISAIASSVMDLHVRIALQEVDREKRRLISGGVFIAMGGILLLLVLISIHVIFYLTLSKLNNWATEYNLLLIIFVDLFLAGLSLKLGGKLAKGPYLPQTLEGLGKTTKAVLGKK,<ps2>,MDKPKNKNFANTASRISAIASSVMDLHVRIALQEVDREKRRLISGGVFIAMGGILLLLVLISIHVIFYLTLSKLNNWATEYNLLLIIFVDLFLAGLSLKLGGKLAKGPYLPQTLEGLGKTTKAVLGKK,<
<ps1>,MQSKTKELDPILEVNNLFASIENLPILKGVTISVNPGEIHAIMGRNGCGKSTLSKIIAGHPSYKITKGEIKFTGNDIQSLEPEERAQSGIFLGFQYPIEIPGVSNLEFLRVATNARRKFLNKEELDTFDFEDLVKEKLDLVKMDSAFLSRSINQGFSGGEKKRNEILQMALLEPKIAILDETDSGLDIDALRIVASGIKKISNEETGIILITHYQRLLDEIQPDYVHVMSDGQIIKTGESDLALELEKHGYEWTDNFIKEQ,<ps2>,MQSKTKELDPILEVNNLFASIENLPILKGVTISVNPGEIHAIMGRNGCGKSTLSKIIAGHPSYKITKGEIKFTGNDIQSLEPEERAQSGIFLGFQYPIEIPGVSNLEFLRVATNARRKFLNKEELDTFDFEDLVKEKLDLVKMDSAFLSRSINQGFSGGEKKRNEILQMALLEPKIAILDETDSGLDIDALRIVASGIKKISNEETGIILITHYQRLLDEIQPDYVHVMSDGQIIKTGESDLALELEKHGYEWTDNFIKEQ,<
<ps1>,MSKVEIYTWRFCPFCIRAKSLLEKKNITFTEHKIDGDDNARELMMERANGKRTVPQIFIDDKSIGGCDELYELEKEDKLDLLLN,<ps2>,MSKVEIYTWRFCPFCIRAKSLLEKKNITFTEHKIDGDDNARELMMERANGKRTVPQIFIDDKSIGGCDELYELEKEDKLDLLLN,<
<ps1>,VQFIDQANIILKAGKGGNGIVSFRREKFVPAGGPSGGNGGKGGSIIIIADNNLQTLLDFKFNREIFAKDGFKGGPNKRSGASGENTILKVPCGTEIRDFNTGIILGDLTEDKQSLTIAHGGRGGHGNAYYLSNQNRAPESFTEGKEGEIWEVQLELKLLAEVGIIGLPNAGKSTLISVLSSARPKIANYPFTTLIPNLGVVRKADGNGCLFADIPGLISGAAEGVGLGHDFLRHIQRTKILIHLIDSIAENPIRDFEIIEKELKRYGSGLLNKERIVVLNKMELVDENYLQTITKKLENLSKKKVLVISSSLRKGLSPLLSEVWKRI,<ps2>,VPNNQNRDNFIDKAFTVIAESIVKIMPIADKEKKAYIYYRDGLAAQNNGDYSEALDYYNESLLLEENKIDRGETLKNMAIIYMSNGEEDRSIETYQKALEENPKQPSCLKNIGLIYEKRGRFAEQNGDLDQRDMWFDKAAQVWSKAVRLYPGGYLDIENWLKTSGRSSIDIYL,<
<ps1>,MTTIQQQRTSLLKGWPQFCEWVTSTNNRIYVGWFGVLMIPCLLAAAACFIVAFIAAPPVDIDGIREPVAGSFLYGNNIISGAVVPSSNAIGLHFYPIWEAATVDEWLYNGGPYQLVIFHFLIGISAYMGRQWELSYRLGMRPWICVAYSAPVSAAFAVFLVYPFGQGSFSDGMPLGISGTFNFMFVFQAEHNILMHPFHMAGVAGMFGGSLFSAMHGSLVTSSLIRETTETESQNYGYKFGQEEETYNIVAAHGYFGRLIFQYASFNNSRSLHFFLAVFPVVCVWLTSMGICTMAFNLNGFNFNQSVVDANGKIVPTWGDVLNRANLGMEVMHERNAHNFPLDLAAAESTTVALTAPAIG,<ps2>,MTTIQQQRTSLLKGWPQFCEWVTSTNNRIYVGWFGVLMIPCLLAAAACFIVAFIAAPPVDIDGIREPVAGSFLYGNNIISGAVVPSSNAIGLHFYPIWEAATVDEWLYNGGPYQLVIFHFLIGISAYMGRQWELSYRLGMRPWICVAYSAPVSAAFAVFLVYPFGQGSFSDGMPLGISGTFNFMFVFQAEHNILMHPFHMAGVAGMFGGSLFSAMHGSLVTSSLIRETTETESQNYGYKFGQEEETYNIVAAHGYFGRLIFQYASFNNSRSLHFFLAVFPVVCVWLTSMGICTMAFNLNGFNFNQSVVDANGKIVPTWGDVLNRANLGMEVMHERNAHNFPLDLAAAESTTVALTAPAIG,<
<ps1>,MSKVELISLTPEAEKTMAYIARVSNPSNQANDKFAGLLRYCIKHEHWSVFEQSCMTLKIETNRGIAAQILRHRSFTFQEFSQRYAETSLLGNEIPIPNLRRQDQKNRQNSIDDIPDELKIKFSEKISKHFQEANKLYEEMLNEGIAKECARFIMPLATPTRIYMTGSCRSWIHYIQLRSKEGTQKEHMEIAEDCKKVFIKYFPSVSEALNWE,<ps2>,MSKVELISLTPEAEKTMAYIARVSNPSNQANDKFAGLLRYCIKHEHWSVFEQSCMTLKIETNRGIAAQILRHRSFTFQEFSQRYAETSLLGNEIPIPNLRRQDQKNRQNSIDDIPDELKIKFSEKISKHFQEANKLYEEMLNEGIAKECARFIMPLATPTRIYMTGSCRSWIHYIQLRSKEGTQKEHMEIAEDCKKVFIKYFPSVSEALNWE,<
<ps1>,VSGWLFIIFLLLLGGLISTLGDLLGSKIGKARFSILKLRPKKTAILITILTGSLISASSLFLMILVNRQLRVGLFRLGDLQKKLQESKQVLIPLEKEREKLENKIKAKETEFKQLERNIIALRSGKFVIRSGQSLIISEISSSNLKDIKSKIEKIIINANRYTHKIVKPKNKEVKNLLLLRKNHIEEMQNIILKGGNWVINIKSVRNVLTGENFVYAFPEITENKIIVRKGEKITKIDFKQEDFNKKDFGDKVNFLLSSSLAEIKRRGSLVNEIKLRGDSIKELRDFLNKNDKTNFELEAVSLFNSKTAQPVIVELNVNYPES,<ps2>,VSGWLFIIFLLLLGGLISTLGDLLGSKIGKARFSILKLRPKKTAILITILTGSLISASSLFLMILVNRQLRVGLFRLGDLQKKLQESKQVLIPLEKEREKLENKIKAKETEFKQLERNIIALRSGKFVIRSGQSLIISEISSSNLKDIKSKIEKIIINANRYTHKIVKPKNKEVKNLLLLRKNHIEEMQNIILKGGNWVINIKSVRNVLTGENFVYAFPEITENKIIVRKGEKITKIDFKQEDFNKKDFGDKVNFLLSSSLAEIKRRGSLVNEIKLRGDSIKELRDFLNKNDKTNFELEAVSLFNSKTAQPVIVELNVNYPES,<
<ps1>,MNDRIIEFEPLIEGILIKRYKRFLADIQIENGEIVTAHCANTGPMKGLLNEGANVRISFSSSTKRKLPWTWEQVKVIGRDNKEVWVGINTLFANKLIRKVIEQNLFKDKLGEIAKIKSEVPYGKDKKSRIDFLLTPKSSNPDNRNIYVEVKNTTWTKNNVALFPDTETKRGQKHLIELKGLIPESKSVLVPCITRKDIDYFAPGDESDPLYGELFRESISAGMLLIPCCFEFHSDHVAWKGFKPLKLN,<ps2>,MNDRIIEFEPLIEGILIKRYKRFLADIQIENGEIVTAHCANTGPMKGLLNEGANVRISFSSSTKRKLPWTWEQVKVIGRDNKEVWVGINTLFANKLIRKVIEQNLFKDKLGEIAKIKSEVPYGKDKKSRIDFLLTPKSSNPDNRNIYVEVKNTTWTKNNVALFPDTETKRGQKHLIELKGLIPESKSVLVPCITRKDIDYFAPGDESDPLYGELFRESISAGMLLIPCCFEFHSDHVAWKGFKPLKLN,<
<ps1>,MRRSLRDSIVGFSLLGGLLVFTFFSFWLRGVKLSSKNWYLFAEFNNASGLSKKSPVTYRGILVGSIEDILFTNESIKAKIVLNNPEIILPKPAFARVVTNSFLGGDVQVALETSEKTIPKNTPKAISDKCDSKLIICQGDTITGKQLSSLSNITNRINQLLKESNQENLIENVVNSIDQFDKTQENLDELIYLSKQEIIRVKPLIKEVTIAAGHLNNILSTINDEETLKDIKLTIEAAESISGKFDNMSDDFEQLMKDKELTKSIRDLTIGLSKFLNEIYP,<ps2>,MRRSLRDSIVGFSLLGGLLVFTFFSFWLRGVKLSSKNWYLFAEFNNASGLSKKSPVTYRGILVGSIEDILFTNESIKAKIVLNNPEIILPKPAFARVVTNSFLGGDVQVALETSEKTIPKNTPKAISDKCDSKLIICQGDTITGKQLSSLSNITNRINQLLKESNQENLIENVVNSIDQFDKTQENLDELIYLSKQEIIRVKPLIKEVTIAAGHLNNILSTINDEETLKDIKLTIEAAESISGKFDNMSDDFEQLMKDKELTKSIRDLTIGLSKFLNEIYP,<
<ps1>,MASSETYEFLFVKPGDHVVIKNEKPPGNTQNGRQEYWIGQIISCIGGARNPNSWTLFQVADIDNGEIIIINADTVERILKTAEN,<ps2>,MASSETYEFLFVKPGDHVVIKNEKPPGNTQNGRQEYWIGQIISCIGGARNPNSWTLFQVADIDNGEIIIINADTVERILKTAEN,<
<ps1>,LSVDRELLKEVTQELWNTVKKLRPEIDRETRLQLVLKALLTIGDLPDQLQAAMVVGVCAEMDKSDFENADGNSNTKEESNSTSVDTSTGRKVFRRSSAK,<ps2>,LSVDRELLKEVTQELWNTVKKLRPEIDRETRLQLVLKALLTIGDLPDQLQAAMVVGVCAEMDKSDFENADGNSNTKEESNSTSVDTSTGRKVFRRSSAK,<
<ps1>,LQIGDKVPQFSLLDQNGTKRSNNGLKTPLVLFFYPKDDTPGCTIEVCGFRDKYDLFKVLGAQVWGVSNGSSSSHLAFANKNKLQYPLLCDKNDSLRKAFKVPKVLGLLDGRVTYVIDRNGFVKHIFRDLLNGPEHIKEAIRVLKEIQNQ,<ps2>,LQIGDKVPQFSLLDQNGTKRSNNGLKTPLVLFFYPKDDTPGCTIEVCGFRDKYDLFKVLGAQVWGVSNGSSSSHLAFANKNKLQYPLLCDKNDSLRKAFKVPKVLGLLDGRVTYVIDRNGFVKHIFRDLLNGPEHIKEAIRVLKEIQNQ,<
<ps1>,MFSINKSNFMKKIGMQAVDEAIENGIDLDGTPIPSKMLELYNRIMSEENKRERSGVKKSMRNRCVKTGSKHFDKETLDQLLIDSGWEGLKEKEILFFYS,<ps2>,MFSINKSNFMKKIGMQAVDEAIENGIDLDGTPIPSKMLELYNRIMSEENKRERSGVKKSMRNRCVKTGSKHFDKETLDQLLIDSGWEGLKEKEILFFYS,<
<ps1>,VNSNSSNQVGKNIRRTGFLIVLSYLLIVLIMKVLEANNFFGYSLSSFSNDIFAPPSLKHLCGTDRLGRDVCLRTLQGSSIAIEVVFLAIFFALILGLPLGLLSGYFGGILDKCLSLVMDTIFSIPVILLAVVVAFVLGKGIINASIALCIVYSPQYFRLIRNQTMLIKSETYVEAARVSGADVKTIIFKYILPNVITPLPILLTLNAADAVLVLGSLGFLGLGVPANVPEWGSDLNLALAAIPTGIWWTALFPGLAMFFLVLGLSFIGEELENIFEN,<ps2>,LEGINLNQIGVSFKGSGSYVPNQILTNQEISKKVETSDEWIKSRTGISQRRISGLSENVSEMGYKAALGAIEMARWDIETIDLIILATSTPNDLFGSAPEIQSKLGAINAVAFDLTAACSGFLFAAITATQFLKAGSYKRAVVIGSDQLSSYVDWNDRRSCILFGDGAGAIAIEGTNELDNLLGFSMRTDGQRGSFLNLPSQNNQDLIINDINFSSGGFSSIKMNGQEVYKFAVREVPLIIDNLFKKTNFNSEKINWLLLHQANQRILDSVGERLNVSTEKILSNLSNYGNTSAATIPLMLDEAIRNKKIKENDIIATSGFGAGLSWGAALIRWG,<
<ps1>,MSNTESLTGKVALITGASRGIGKEIALELSNLGAKVIINYSSSDEKAEEVVNLIKESGGKVHKLKFDVSKEESVSKAFEEIIKINGAIDILVNNAGITRDGLLMRMKSEQWDDVLNTNLKGVFLCTKYASKFMIKKRSGKIINISSIVGIIGNPGQANYSAAKAGVIGFTKTCAKEFASRGINVNAIAPGFIETEMTEKLNNEEIIKAIPLGKLGSCSQIANLVSFLVSSNAGSYITGQTISIDGGMSI,<ps2>,MSNTESLTGKVALITGASRGIGKEIALELSNLGAKVIINYSSSDEKAEEVVNLIKESGGKVHKLKFDVSKEESVSKAFEEIIKINGAIDILVNNAGITRDGLLMRMKSEQWDDVLNTNLKGVFLCTKYASKFMIKKRSGKIINISSIVGIIGNPGQANYSAAKAGVIGFTKTCAKEFASRGINVNAIAPGFIETEMTEKLNNEEIIKAIPLGKLGSCSQIANLVSFLVSSNAGSYITGQTISIDGGMSI,<
<ps1>,MHKVLAIETSCDETSVSIVSNSGDIYKIHSNIVASQIEDHSKWGGVVPELAARKHLELLPFVLEQALEESKIRIEKIDVIASTVTPGLVGCLRVGSITARSLCTLYSKPFLGIHHLEGHLSSILFSKNYPKPPFLTLLVSGGHTELIKVGERRKMQRLGRSYDDAAGEAFDKVGRLLGLSYPGGPAIAKIAKKGNASKFNLPKCKISDKEGGFLKYDFSFSGLKTAVLRLVEKINLNGDEIPIPDIAASFERVVAEVLVERTIKCANDYGLDNIVVVGGVAANDTLRKMMISEACKKSIKVHLAPINLCTDNAAMIGAAALYRLKFKAYESSLKLGISGRLPIDQANTLYENKPPF,<ps2>,LVKPKSPDNKISNHLQQDVVKIAGKTIFINPFLYWRRFDENTNRWLREPGQMSEEQIQPNRNRFYPEIDWADLSQNQKLVKDASVEMFLKTLELISTFHPQLNSGQLLEVERKMAITKKLPFEKWVTKSFAKKARAEEYEKRKFKRDRFIRSWKEWLSLENTQQALLPIIVVVFVSAFIGWSSGVSKNSCNPYFEQNLDQSI,<
<ps1>,MHKVLAIETSCDETSVSIVSNSGDIYKIHSNIVASQIEDHSKWGGVVPELAARKHLELLPFVLEQALEESKIRIEKIDVIASTVTPGLVGCLRVGSITARSLCTLYSKPFLGIHHLEGHLSSILFSKNYPKPPFLTLLVSGGHTELIKVGERRKMQRLGRSYDDAAGEAFDKVGRLLGLSYPGGPAIAKIAKKGNASKFNLPKCKISDKEGGFLKYDFSFSGLKTAVLRLVEKINLNGDEIPIPDIAASFERVVAEVLVERTIKCANDYGLDNIVVVGGVAANDTLRKMMISEACKKSIKVHLAPINLCTDNAAMIGAAALYRLKFKAYESSLKLGISGRLPIDQANTLYENKPPF,<ps2>,VNSNSSNQVGKNIRRTGFLIVLSYLLIVLIMKVLEANNFFGYSLSSFSNDIFAPPSLKHLCGTDRLGRDVCLRTLQGSSIAIEVVFLAIFFALILGLPLGLLSGYFGGILDKCLSLVMDTIFSIPVILLAVVVAFVLGKGIINASIALCIVYSPQYFRLIRNQTMLIKSETYVEAARVSGADVKTIIFKYILPNVITPLPILLTLNAADAVLVLGSLGFLGLGVPANVPEWGSDLNLALAAIPTGIWWTALFPGLAMFFLVLGLSFIGEELENIFEN,<
<ps1>,MHKVLAIETSCDETSVSIVSNSGDIYKIHSNIVASQIEDHSKWGGVVPELAARKHLELLPFVLEQALEESKIRIEKIDVIASTVTPGLVGCLRVGSITARSLCTLYSKPFLGIHHLEGHLSSILFSKNYPKPPFLTLLVSGGHTELIKVGERRKMQRLGRSYDDAAGEAFDKVGRLLGLSYPGGPAIAKIAKKGNASKFNLPKCKISDKEGGFLKYDFSFSGLKTAVLRLVEKINLNGDEIPIPDIAASFERVVAEVLVERTIKCANDYGLDNIVVVGGVAANDTLRKMMISEACKKSIKVHLAPINLCTDNAAMIGAAALYRLKFKAYESSLKLGISGRLPIDQANTLYENKPPF,<ps2>,MHKVLAIETSCDETSVSIVSNSGDIYKIHSNIVASQIEDHSKWGGVVPELAARKHLELLPFVLEQALEESKIRIEKIDVIASTVTPGLVGCLRVGSITARSLCTLYSKPFLGIHHLEGHLSSILFSKNYPKPPFLTLLVSGGHTELIKVGERRKMQRLGRSYDDAAGEAFDKVGRLLGLSYPGGPAIAKIAKKGNASKFNLPKCKISDKEGGFLKYDFSFSGLKTAVLRLVEKINLNGDEIPIPDIAASFERVVAEVLVERTIKCANDYGLDNIVVVGGVAANDTLRKMMISEACKKSIKVHLAPINLCTDNAAMIGAAALYRLKFKAYESSLKLGISGRLPIDQANTLYENKPPF,<
<ps1>,MIKNPIQEVTNKLQYRAIGIVKGIYKPNNIDQLNRGTLTDKEGKIIETVILGKAIALIKKYINLEKDYFWIVYPRNKNINNLHLQVAGIWDPYQLNQFDKNNSEKDPNQLLEELNLNNNYFSIRGELVYVNIKKKEIVIKICSSPPSKRSKYLTFKIIIEGEIPLQFLNNFVSLDVIRDGNTLRMAKYEIIEKIKPEKV,<ps2>,MIKNPIQEVTNKLQYRAIGIVKGIYKPNNIDQLNRGTLTDKEGKIIETVILGKAIALIKKYINLEKDYFWIVYPRNKNINNLHLQVAGIWDPYQLNQFDKNNSEKDPNQLLEELNLNNNYFSIRGELVYVNIKKKEIVIKICSSPPSKRSKYLTFKIIIEGEIPLQFLNNFVSLDVIRDGNTLRMAKYEIIEKIKPEKV,<
<ps1>,MTKFKLKIASRRSKLAMVQTLWVKEQLEKNIPDLEVSIEAMATQGDKILDVALAKIGDKGLFTKELEAQMLVGHADIAVHSLKDLPTNLPDGLTLGCITKREDPSDALVVNKKNKIYQLESLPPGSIVGTSSLRRLAQLRYKFPHLDFKDIRGNVITRIEKLDSGEFDCIILAAAGLKRLGFESRVHQIIPNEISLHAVGQGALGIECKSDDKEVLKIISVLEDKVSSQRCLAERSFLRELEGGCQVPIGVNSSIQNDEIALIGMVASIDGKRLIKNESIGNIKYPEEVGKKLAEKLKLQGADKILSEIFEQFRDK,<ps2>,VPNNQNRDNFIDKAFTVIAESIVKIMPIADKEKKAYIYYRDGLAAQNNGDYSEALDYYNESLLLEENKIDRGETLKNMAIIYMSNGEEDRSIETYQKALEENPKQPSCLKNIGLIYEKRGRFAEQNGDLDQRDMWFDKAAQVWSKAVRLYPGGYLDIENWLKTSGRSSIDIYL,<
<ps1>,MTKFKLKIASRRSKLAMVQTLWVKEQLEKNIPDLEVSIEAMATQGDKILDVALAKIGDKGLFTKELEAQMLVGHADIAVHSLKDLPTNLPDGLTLGCITKREDPSDALVVNKKNKIYQLESLPPGSIVGTSSLRRLAQLRYKFPHLDFKDIRGNVITRIEKLDSGEFDCIILAAAGLKRLGFESRVHQIIPNEISLHAVGQGALGIECKSDDKEVLKIISVLEDKVSSQRCLAERSFLRELEGGCQVPIGVNSSIQNDEIALIGMVASIDGKRLIKNESIGNIKYPEEVGKKLAEKLKLQGADKILSEIFEQFRDK,<ps2>,VNSNSSNQVGKNIRRTGFLIVLSYLLIVLIMKVLEANNFFGYSLSSFSNDIFAPPSLKHLCGTDRLGRDVCLRTLQGSSIAIEVVFLAIFFALILGLPLGLLSGYFGGILDKCLSLVMDTIFSIPVILLAVVVAFVLGKGIINASIALCIVYSPQYFRLIRNQTMLIKSETYVEAARVSGADVKTIIFKYILPNVITPLPILLTLNAADAVLVLGSLGFLGLGVPANVPEWGSDLNLALAAIPTGIWWTALFPGLAMFFLVLGLSFIGEELENIFEN,<
<ps1>,MTKFKLKIASRRSKLAMVQTLWVKEQLEKNIPDLEVSIEAMATQGDKILDVALAKIGDKGLFTKELEAQMLVGHADIAVHSLKDLPTNLPDGLTLGCITKREDPSDALVVNKKNKIYQLESLPPGSIVGTSSLRRLAQLRYKFPHLDFKDIRGNVITRIEKLDSGEFDCIILAAAGLKRLGFESRVHQIIPNEISLHAVGQGALGIECKSDDKEVLKIISVLEDKVSSQRCLAERSFLRELEGGCQVPIGVNSSIQNDEIALIGMVASIDGKRLIKNESIGNIKYPEEVGKKLAEKLKLQGADKILSEIFEQFRDK,<ps2>,MTKFKLKIASRRSKLAMVQTLWVKEQLEKNIPDLEVSIEAMATQGDKILDVALAKIGDKGLFTKELEAQMLVGHADIAVHSLKDLPTNLPDGLTLGCITKREDPSDALVVNKKNKIYQLESLPPGSIVGTSSLRRLAQLRYKFPHLDFKDIRGNVITRIEKLDSGEFDCIILAAAGLKRLGFESRVHQIIPNEISLHAVGQGALGIECKSDDKEVLKIISVLEDKVSSQRCLAERSFLRELEGGCQVPIGVNSSIQNDEIALIGMVASIDGKRLIKNESIGNIKYPEEVGKKLAEKLKLQGADKILSEIFEQFRDK,<
<ps1>,MLVKKMTELFSRFFVKAISFAICISVFFTLFNSPSYAAKTSMTGDYAKDTISVVKTLQIAVETPKDSPDKDKVRDESLALITDYISRYRNRGMVNKTQSFTTMQTALNAMAGHYKNFATRPLPDKLKERLTKEFTLAEKMVLRES,<ps2>,MLVKKMTELFSRFFVKAISFAICISVFFTLFNSPSYAAKTSMTGDYAKDTISVVKTLQIAVETPKDSPDKDKVRDESLALITDYISRYRNRGMVNKTQSFTTMQTALNAMAGHYKNFATRPLPDKLKERLTKEFTLAEKMVLRES,<
<ps1>,LKKITSILIIFFLIVLYPIRTYSAEILQINNSSSILVGDQNRDLPIKLFCVEINNEDDEKIALNLLKKEFPRGSKVKIKPIGFKENILTARVFNINETKEMSDLLISKNLSKETCQN,<ps2>,LKKITSILIIFFLIVLYPIRTYSAEILQINNSSSILVGDQNRDLPIKLFCVEINNEDDEKIALNLLKKEFPRGSKVKIKPIGFKENILTARVFNINETKEMSDLLISKNLSKETCQN,<
<ps1>,MESIFNNSFATLVAYVGIVSIYLLVIPLILFYWMNNRWNVMGKFERLIVYGLVFLFFPGLILFSPFLNLRLRGDSKG,<ps2>,MESIFNNSFATLVAYVGIVSIYLLVIPLILFYWMNNRWNVMGKFERLIVYGLVFLFFPGLILFSPFLNLRLRGDSKG,<
<ps1>,LTKGKVVQIGLLISLLGLLSYKLAPQLGIDNFTASTISNFVLIVIVISWVTSYVLRVLNGKMTFMEQRKRYRKEYEKIVNDKLETKFNLLPKEEQEKLMEDLEKNP,<ps2>,LTKGKVVQIGLLISLLGLLSYKLAPQLGIDNFTASTISNFVLIVIVISWVTSYVLRVLNGKMTFMEQRKRYRKEYEKIVNDKLETKFNLLPKEEQEKLMEDLEKNP,<
<ps1>,MNDSYYKDKEKIYDAEVLESSSLDENIIIKILIRAGRTIAKPALEVLEMALDPFTPTQVRVSLMAALAYLIMPFDLFPDFMPLVGYSDDFVALTAVLSIWSRYMTPAIRARAERKLNKLFPFVK,<ps2>,MNDSYYKDKEKIYDAEVLESSSLDENIIIKILIRAGRTIAKPALEVLEMALDPFTPTQVRVSLMAALAYLIMPFDLFPDFMPLVGYSDDFVALTAVLSIWSRYMTPAIRARAERKLNKLFPFVK,<
<ps1>,MLRSIFAGFFAIVLTLGLGISSVSAKTVEVKLGTDAGMLAFEPSSVTISTGDTVKFINNKLAPHNAVFDGHEELSHADLAFAPGESWEETFDTAGTFDYYCEPHRGAGMVGKVIVE,<ps2>,MKGHKKIRFIFPLVAMYVPLLLLAPKAIAGSFGAEIFCTMRDGGNDHESSWQAAYSYIKKQKGGIFKTSPKQAAGQIIETVVRERDKFSYCVEFLDQLHPDRKLQLENDRKEKRRKKEELLQDKENEDYSKETFDRYSY,<
<ps1>,MLRSIFAGFFAIVLTLGLGISSVSAKTVEVKLGTDAGMLAFEPSSVTISTGDTVKFINNKLAPHNAVFDGHEELSHADLAFAPGESWEETFDTAGTFDYYCEPHRGAGMVGKVIVE,<ps2>,VQFIDQANIILKAGKGGNGIVSFRREKFVPAGGPSGGNGGKGGSIIIIADNNLQTLLDFKFNREIFAKDGFKGGPNKRSGASGENTILKVPCGTEIRDFNTGIILGDLTEDKQSLTIAHGGRGGHGNAYYLSNQNRAPESFTEGKEGEIWEVQLELKLLAEVGIIGLPNAGKSTLISVLSSARPKIANYPFTTLIPNLGVVRKADGNGCLFADIPGLISGAAEGVGLGHDFLRHIQRTKILIHLIDSIAENPIRDFEIIEKELKRYGSGLLNKERIVVLNKMELVDENYLQTITKKLENLSKKKVLVISSSLRKGLSPLLSEVWKRI,<
<ps1>,MTNKKRILSGVQPTGDLHIGNWLGAINNWVELQEKHETFLCVVDLHAITTEYDTKQLSKNTLSTAALYIACGINPKICSIFVQSQISAHSELCWILNCMTPINWMERMIQFKEKSIQQGNNVSIGLFDYPILMAADILLYDADYVPVGEDQKQHLELAKDIAQQRINAKFGKEENILKIPQPIIMKKGSKIMSLNDGSKKMSKSDINEGSRINLLDTPEIITKKIKRAKSDSYMGMEFNNPERPESRNLLMIYSLLSGKEVSELENDLSQTGWGTFKKIFTEQIIESLKPIQERYQVLINDPHELNKILIQGKEKAEVVANKTLSRVKSELGFFEIEK,<ps2>,MTNKKRILSGVQPTGDLHIGNWLGAINNWVELQEKHETFLCVVDLHAITTEYDTKQLSKNTLSTAALYIACGINPKICSIFVQSQISAHSELCWILNCMTPINWMERMIQFKEKSIQQGNNVSIGLFDYPILMAADILLYDADYVPVGEDQKQHLELAKDIAQQRINAKFGKEENILKIPQPIIMKKGSKIMSLNDGSKKMSKSDINEGSRINLLDTPEIITKKIKRAKSDSYMGMEFNNPERPESRNLLMIYSLLSGKEVSELENDLSQTGWGTFKKIFTEQIIESLKPIQERYQVLINDPHELNKILIQGKEKAEVVANKTLSRVKSELGFFEIEK,<
<ps1>,LGRSRKTNQLIREFLSELKEVLTKDGSITLRSLIFQENFHSLEGALKETEIKFIYPSDLKRFKDKSLNVLDICFGLGYNSASLFNNVIRQNSLINWYALEIDKKPLEYSLGNKSFQKLWHPKVFKILKALLKNSKYKDQFFDCDILWGDAREKIKNIPANIKFDLIYLDGFSPQKCPQVWSVEFLSKVTQKLNPQGYLITYSCSAAIRSTLKDFGLNIFNNKPNLVSKNLWSYGTIAVKNIDEKVLQNNLYLKKLSWMEEEHLLTKASIPYRDPTLNSNPKDIIKKRVQEQFLSNLKTSKKWRDKWGMTK,<ps2>,LGRSRKTNQLIREFLSELKEVLTKDGSITLRSLIFQENFHSLEGALKETEIKFIYPSDLKRFKDKSLNVLDICFGLGYNSASLFNNVIRQNSLINWYALEIDKKPLEYSLGNKSFQKLWHPKVFKILKALLKNSKYKDQFFDCDILWGDAREKIKNIPANIKFDLIYLDGFSPQKCPQVWSVEFLSKVTQKLNPQGYLITYSCSAAIRSTLKDFGLNIFNNKPNLVSKNLWSYGTIAVKNIDEKVLQNNLYLKKLSWMEEEHLLTKASIPYRDPTLNSNPKDIIKKRVQEQFLSNLKTSKKWRDKWGMTK,<
<ps1>,LKNGADSIQVFSDLELLKKTAKKWDGNKRLMLAERGGKTIDGFDLGNSPLSVTKETVQGKRLFMSTTNGTKSLKKVQNVENLFAMSLPNRKAVAERIISLNKKNVLILGSGWEGSYSLEDSLAAGALAIYIKENFNSEVNILNDELQASLALWNVWKNDILKCLKTATHGKRLTSLGDYEDDFKCCSELDCLDIVPTQVERGVIRAS,<ps2>,LKNGADSIQVFSDLELLKKTAKKWDGNKRLMLAERGGKTIDGFDLGNSPLSVTKETVQGKRLFMSTTNGTKSLKKVQNVENLFAMSLPNRKAVAERIISLNKKNVLILGSGWEGSYSLEDSLAAGALAIYIKENFNSEVNILNDELQASLALWNVWKNDILKCLKTATHGKRLTSLGDYEDDFKCCSELDCLDIVPTQVERGVIRAS,<
<ps1>,LISEIKELCLKANAIILAHYYQAPEIQDIADFIGDSLDLSRKAANNDADTIVFCGVHFMAETAKILSPNKTVLLPDIDAGCSLADDCPAEEFQKFREENPDHYVVSYINCTAEVKAQSDLICTSSNAVSLVEKIPKDKKIIFAPDKNLGRWVQKNSGRKLKLWPGSCIVHETFSEEALLKLKYKHPDAKVIAHPECSQNLLVLSDFIGSTSKLLDFVSNDYSDTYMVLTEPGIIHQMKKKEPNKNFIEVPDIDGCKCNECPYMKLNTLEKILDCLKNNSPSIELDPEIIKKAYKPIKRMLDMSI,<ps2>,LISEIKELCLKANAIILAHYYQAPEIQDIADFIGDSLDLSRKAANNDADTIVFCGVHFMAETAKILSPNKTVLLPDIDAGCSLADDCPAEEFQKFREENPDHYVVSYINCTAEVKAQSDLICTSSNAVSLVEKIPKDKKIIFAPDKNLGRWVQKNSGRKLKLWPGSCIVHETFSEEALLKLKYKHPDAKVIAHPECSQNLLVLSDFIGSTSKLLDFVSNDYSDTYMVLTEPGIIHQMKKKEPNKNFIEVPDIDGCKCNECPYMKLNTLEKILDCLKNNSPSIELDPEIIKKAYKPIKRMLDMSI,<
<ps1>,MNRKSNNSNPTGNLDYDKILEEEIINSYENKFEANSNINNKNKRFYRLKRTPLEVINRLFFFFFVGSFIFSFFLAYSENKVWFIIYLISAFSCIFYTPNRKALKELIAAWPNIEDLIKGRSLWRKDNK,<ps2>,MNRKSNNSNPTGNLDYDKILEEEIINSYENKFEANSNINNKNKRFYRLKRTPLEVINRLFFFFFVGSFIFSFFLAYSENKVWFIIYLISAFSCIFYTPNRKALKELIAAWPNIEDLIKGRSLWRKDNK,<
<ps1>,MKLRLFEFYFIKDYLRPWFGLIYSLFFLFFLGAIGYRITEGWDWGDCLWMVLITITTIGFGEVQTLSPEGRIITVLIIVGGLIFIQFTFQKAVRLFESGYFQRVNELRFKRLLRKMENHVILCGYGRVGQEISNQIKTQNIPIIVVESDEDRKKIAEDNGLEVLCADATLDETLKLAGLDKCKSLVVTLPNDAANLYVVLSAKGIRSSIRVIARAGTEEAASKLRLAGASIVVSPYIAAGRAMASMALRPIAIDFLDLLAGSECEIEEFELSNDISLFETAEKITLLELGIGKKSGAKILAIKEDEKLITNPGGDFLLQPGQVLIAFGSKEQLTTLNRLLGNLVVSVELLK,<ps2>,VPNNQNRDNFIDKAFTVIAESIVKIMPIADKEKKAYIYYRDGLAAQNNGDYSEALDYYNESLLLEENKIDRGETLKNMAIIYMSNGEEDRSIETYQKALEENPKQPSCLKNIGLIYEKRGRFAEQNGDLDQRDMWFDKAAQVWSKAVRLYPGGYLDIENWLKTSGRSSIDIYL,<
<ps1>,MKLRLFEFYFIKDYLRPWFGLIYSLFFLFFLGAIGYRITEGWDWGDCLWMVLITITTIGFGEVQTLSPEGRIITVLIIVGGLIFIQFTFQKAVRLFESGYFQRVNELRFKRLLRKMENHVILCGYGRVGQEISNQIKTQNIPIIVVESDEDRKKIAEDNGLEVLCADATLDETLKLAGLDKCKSLVVTLPNDAANLYVVLSAKGIRSSIRVIARAGTEEAASKLRLAGASIVVSPYIAAGRAMASMALRPIAIDFLDLLAGSECEIEEFELSNDISLFETAEKITLLELGIGKKSGAKILAIKEDEKLITNPGGDFLLQPGQVLIAFGSKEQLTTLNRLLGNLVVSVELLK,<ps2>,VSGWLFIIFLLLLGGLISTLGDLLGSKIGKARFSILKLRPKKTAILITILTGSLISASSLFLMILVNRQLRVGLFRLGDLQKKLQESKQVLIPLEKEREKLENKIKAKETEFKQLERNIIALRSGKFVIRSGQSLIISEISSSNLKDIKSKIEKIIINANRYTHKIVKPKNKEVKNLLLLRKNHIEEMQNIILKGGNWVINIKSVRNVLTGENFVYAFPEITENKIIVRKGEKITKIDFKQEDFNKKDFGDKVNFLLSSSLAEIKRRGSLVNEIKLRGDSIKELRDFLNKNDKTNFELEAVSLFNSKTAQPVIVELNVNYPES,<
<ps1>,MKLRLFEFYFIKDYLRPWFGLIYSLFFLFFLGAIGYRITEGWDWGDCLWMVLITITTIGFGEVQTLSPEGRIITVLIIVGGLIFIQFTFQKAVRLFESGYFQRVNELRFKRLLRKMENHVILCGYGRVGQEISNQIKTQNIPIIVVESDEDRKKIAEDNGLEVLCADATLDETLKLAGLDKCKSLVVTLPNDAANLYVVLSAKGIRSSIRVIARAGTEEAASKLRLAGASIVVSPYIAAGRAMASMALRPIAIDFLDLLAGSECEIEEFELSNDISLFETAEKITLLELGIGKKSGAKILAIKEDEKLITNPGGDFLLQPGQVLIAFGSKEQLTTLNRLLGNLVVSVELLK,<ps2>,LGRSRKTNQLIREFLSELKEVLTKDGSITLRSLIFQENFHSLEGALKETEIKFIYPSDLKRFKDKSLNVLDICFGLGYNSASLFNNVIRQNSLINWYALEIDKKPLEYSLGNKSFQKLWHPKVFKILKALLKNSKYKDQFFDCDILWGDAREKIKNIPANIKFDLIYLDGFSPQKCPQVWSVEFLSKVTQKLNPQGYLITYSCSAAIRSTLKDFGLNIFNNKPNLVSKNLWSYGTIAVKNIDEKVLQNNLYLKKLSWMEEEHLLTKASIPYRDPTLNSNPKDIIKKRVQEQFLSNLKTSKKWRDKWGMTK,<
<ps1>,MSIAKKALLFTSALALIAGPSVTASTRLSGAGASFPAKIYTRWFSDLAKSGGPRVNYQAVGSGSGRKAFIDQTVNFGASDDPMKDKDIAKVTRGLVQIPMVGGTIAFGYNYDCDLKLTQEQAVQVAMGMVKNWKELGCKAGKLTWAHRSDGSGTTKAFTNSMEAFSPTWTLGTGKSVKWPAGVGAKGNSGVAGVIQNTPGAIGYVNQSYIKGNVKAAALQNLSGEFLKPSVEAGAKALNGITLDENLAGKNPNPTAKGAYPIASLTWILAYEKGNGRNTKAIKKSLSTLLSDEYQDKAPTLGFVPLKGDILEKSRAAVKKIGR,<ps2>,MSIAKKALLFTSALALIAGPSVTASTRLSGAGASFPAKIYTRWFSDLAKSGGPRVNYQAVGSGSGRKAFIDQTVNFGASDDPMKDKDIAKVTRGLVQIPMVGGTIAFGYNYDCDLKLTQEQAVQVAMGMVKNWKELGCKAGKLTWAHRSDGSGTTKAFTNSMEAFSPTWTLGTGKSVKWPAGVGAKGNSGVAGVIQNTPGAIGYVNQSYIKGNVKAAALQNLSGEFLKPSVEAGAKALNGITLDENLAGKNPNPTAKGAYPIASLTWILAYEKGNGRNTKAIKKSLSTLLSDEYQDKAPTLGFVPLKGDILEKSRAAVKKIGR,<
<ps1>,MKIGINGFGRIGRLVFRALWDRADTEITHINEMAGDSNAAAHLLEFDSVHGRWVKDIKVKEEEIIIDGKKLAYTSFKNYLDVPWEKSSVDIILECTGKNKKPDKLNPYFDSLGMKRVIVACPVKGIVAEAESLNIVYGINQNLYDPSKHKLVTAASCTTNCLAPIVKVINENFSIKHGAITTIHDVTNTQVPVDFYKSDLRRARGCMQSLIPTTTGSAKAIAEIFPELKGKLNGHAVRVPLLNGSLTDAVFELNNAVTEEQVNNEFKKASETYLEGILGYEERPLVSADYVNDSRSSIVDSLSTMVVNSNLLKIYAWYDNEWGYSCRLADLTEYVIKKEI,<ps2>,MKIGINGFGRIGRLVFRALWDRADTEITHINEMAGDSNAAAHLLEFDSVHGRWVKDIKVKEEEIIIDGKKLAYTSFKNYLDVPWEKSSVDIILECTGKNKKPDKLNPYFDSLGMKRVIVACPVKGIVAEAESLNIVYGINQNLYDPSKHKLVTAASCTTNCLAPIVKVINENFSIKHGAITTIHDVTNTQVPVDFYKSDLRRARGCMQSLIPTTTGSAKAIAEIFPELKGKLNGHAVRVPLLNGSLTDAVFELNNAVTEEQVNNEFKKASETYLEGILGYEERPLVSADYVNDSRSSIVDSLSTMVVNSNLLKIYAWYDNEWGYSCRLADLTEYVIKKEI,<
<ps1>,MKNSIKITQLFLLLIFLTSCKATANKQELIIDSEEQESQQTKLSKSKMEVRYSCGEDGISDFLNDGWIISKQYTEEKICTWKSFPATKDCDMEKDKGCKITTPDKIGEEKVYLLEK,<ps2>,MKNSIKITQLFLLLIFLTSCKATANKQELIIDSEEQESQQTKLSKSKMEVRYSCGEDGISDFLNDGWIISKQYTEEKICTWKSFPATKDCDMEKDKGCKITTPDKIGEEKVYLLEK,<
<ps1>,MNFEIKNVFLTIEGKSIVNDVSIKVCPGEIVGLMGPNGAGKTSTFNLAVGNLRPDKGDILINSKSIKNLPLPIRAKLGLGYLTQEASIFRDLTVKENIDLALENSFSSRAIVRNKREKIINEFNLNKVVDNYGYQLSGGERRRCEIARALSVGRQGPKYLLLDEPFAGIDPLAVNDLKKLIIKLRDNGMGILITDHNVRETLLITSKSYVLSEGKILAHGSSDELANNQIVKKFYLGVDFQL,<ps2>,MAAKEHKSLQGSKILLIEDDKSIRLTVTESLISEGFEVSNFKDGSSALDFILGEGIKDFDLILLDLMLPGLNGLELCRKIRNEELYTPILILSAKGNESDRVLGLEVGADDYLTKPFGISELIARCRALLRRSKRGKEKKQKIETIIEYKNIKMFTEECRVTNFNQEIILSPKEFKLLELFIKNPKRVWSRDLILEKIWAIDFIGDTKTVDVHVRWLREKLEENPSAPKIIKTVRGFGYRFG,<
<ps1>,MNFEIKNVFLTIEGKSIVNDVSIKVCPGEIVGLMGPNGAGKTSTFNLAVGNLRPDKGDILINSKSIKNLPLPIRAKLGLGYLTQEASIFRDLTVKENIDLALENSFSSRAIVRNKREKIINEFNLNKVVDNYGYQLSGGERRRCEIARALSVGRQGPKYLLLDEPFAGIDPLAVNDLKKLIIKLRDNGMGILITDHNVRETLLITSKSYVLSEGKILAHGSSDELANNQIVKKFYLGVDFQL,<ps2>,MNFEIKNVFLTIEGKSIVNDVSIKVCPGEIVGLMGPNGAGKTSTFNLAVGNLRPDKGDILINSKSIKNLPLPIRAKLGLGYLTQEASIFRDLTVKENIDLALENSFSSRAIVRNKREKIINEFNLNKVVDNYGYQLSGGERRRCEIARALSVGRQGPKYLLLDEPFAGIDPLAVNDLKKLIIKLRDNGMGILITDHNVRETLLITSKSYVLSEGKILAHGSSDELANNQIVKKFYLGVDFQL,<
<ps1>,MLLSKLVDLIKSGESKFIKANIFENIDIENAASIDIALKNQISFLEENNILKDNLGKTSASAIITSNNNEILGLLESLNISNIVVENPRIAFAEVLNFLYEEINFNPGIDDSAVIKSSAKVGKNCYVGPNVYIGENSIIGDNNKIFPGTTILGNVRLGNNNVIHPNCVIYENTSIENNCVINSNTVIGSEGFGFIPQDGKWIKMPQKGCVIIKSFVEIGTNCCIDRPSVGNTFIDEGTKMDNLVQIGHGVKIGKNCAFAAQVGIAGGAVIGNSVILAGQVGVNNRVKVGNNVIASSKCGIHCDIEDGEVVSGFPAMKNKSWLRSSSVFKKLPELAKKLRQLDKK,<ps2>,MLLSKLVDLIKSGESKFIKANIFENIDIENAASIDIALKNQISFLEENNILKDNLGKTSASAIITSNNNEILGLLESLNISNIVVENPRIAFAEVLNFLYEEINFNPGIDDSAVIKSSAKVGKNCYVGPNVYIGENSIIGDNNKIFPGTTILGNVRLGNNNVIHPNCVIYENTSIENNCVINSNTVIGSEGFGFIPQDGKWIKMPQKGCVIIKSFVEIGTNCCIDRPSVGNTFIDEGTKMDNLVQIGHGVKIGKNCAFAAQVGIAGGAVIGNSVILAGQVGVNNRVKVGNNVIASSKCGIHCDIEDGEVVSGFPAMKNKSWLRSSSVFKKLPELAKKLRQLDKK,<
<ps1>,MSSNFKNLYTSNNPPLEMILMRGSKLESIHKVHAVISDKKGRVLMCAGNPEYKSFIRSALKPFQAIPFVSSGASSKIKNSSKSIALSCGSHSGSKLHAREAFKILWEYNIDIHNLKCPIKKTSPLEHNCSGKHAAFLATCKKLNWPLETYLKGDHPLQVEIFRIISELLEIPLEQIYAERDDCGAPTLYMKILEMAKLYSLLSSSDNAELEQISRAMTINPTMISDHNRFDTEVIQASHGHVISKGGAEGIQCFCKVNEGMGLALKVEDGSKRAKQSVGLHILKQLEWISELRIQDIEDKIIKLPEGVQIEVKGQLKFQES,<ps2>,VPNNQNRDNFIDKAFTVIAESIVKIMPIADKEKKAYIYYRDGLAAQNNGDYSEALDYYNESLLLEENKIDRGETLKNMAIIYMSNGEEDRSIETYQKALEENPKQPSCLKNIGLIYEKRGRFAEQNGDLDQRDMWFDKAAQVWSKAVRLYPGGYLDIENWLKTSGRSSIDIYL,<
<ps1>,VRIIFWGTPEYSVKSLEVLKKSDHDIVAVITQPDKKRSRGNKLISSPVKEYATKENIPVFTPETIKENIQFISILNDLSCDLFIVIAYGKILPKAILDIPKYKSWNAHASLLPRWRGAAPIQWSILEGDKITGVGIMRMEEGLDTGDVLVEKQIKIENNDNLKTLTKKLSDLSSELFLRAISDIEQNKNRDINLLLKKQTDFKRELKYARMINKLDYIINWENSATDIYRKINALYPRANTTYKRKNLKIIKIKILTTHEIHNKNYKILSNVFKPGLIIGLIKNVGIIITTKTDPILLLEAKLEGKKVSSQNQLIQQLNPVIGENFSD,<ps2>,VRIIFWGTPEYSVKSLEVLKKSDHDIVAVITQPDKKRSRGNKLISSPVKEYATKENIPVFTPETIKENIQFISILNDLSCDLFIVIAYGKILPKAILDIPKYKSWNAHASLLPRWRGAAPIQWSILEGDKITGVGIMRMEEGLDTGDVLVEKQIKIENNDNLKTLTKKLSDLSSELFLRAISDIEQNKNRDINLLLKKQTDFKRELKYARMINKLDYIINWENSATDIYRKINALYPRANTTYKRKNLKIIKIKILTTHEIHNKNYKILSNVFKPGLIIGLIKNVGIIITTKTDPILLLEAKLEGKKVSSQNQLIQQLNPVIGENFSD,<
<ps1>,MRNEKYWVKALDQTHLSITNNGLFPLKTTVVTREYYNKNDFIIRELDTSRFTKKNNYGPNQNPFNPWDKILEVDKVGTNHQLILNKYPVQKGHILLITNTWRPQDGWLDINDWIAIQMVNEDTSGLWFFNSSPIAGASQPHRHFQLLRRDHGEIICPREKWFLDFENNNDQDSKLKKNTVVSKFNFLNNSINIYNLYLELSNKIGLGNPIDDEKPRFPYNILITNNWIAIIKRKYDHVHGFSVNGLGFAGYLLVTEKSNINYLKKYGPEKLLENFV,<ps2>,MRNEKYWVKALDQTHLSITNNGLFPLKTTVVTREYYNKNDFIIRELDTSRFTKKNNYGPNQNPFNPWDKILEVDKVGTNHQLILNKYPVQKGHILLITNTWRPQDGWLDINDWIAIQMVNEDTSGLWFFNSSPIAGASQPHRHFQLLRRDHGEIICPREKWFLDFENNNDQDSKLKKNTVVSKFNFLNNSINIYNLYLELSNKIGLGNPIDDEKPRFPYNILITNNWIAIIKRKYDHVHGFSVNGLGFAGYLLVTEKSNINYLKKYGPEKLLENFV,<
<ps1>,MTTSSKKDYLSILGLSSKFDDIELKKAFRREARKWHPDLNKNDINAEDRFKLINEAYEFLRDPVRRVKSIDSNSSNEEIYNKYSTGFPEFKDYLNSLFGFEYESELDNESYDQTSDFYEDEKPNAIFNEEEFNSYDYPARSPEEPPPVKLHQDIETIIELTPDEALSGASILIELEDQTVVEVDTPPFAGDGWRLRLENIAKGGKDHYLQLKVQTENGLRIDGLRVLYKLELFPPDALLGCAVEVPTLDGNVTLQVPPKSSTGRLLRLKGRGLSFGDNIGDQFVEILVVIPADINDEEIALYTRLQELSLSDE,<ps2>,MTTSSKKDYLSILGLSSKFDDIELKKAFRREARKWHPDLNKNDINAEDRFKLINEAYEFLRDPVRRVKSIDSNSSNEEIYNKYSTGFPEFKDYLNSLFGFEYESELDNESYDQTSDFYEDEKPNAIFNEEEFNSYDYPARSPEEPPPVKLHQDIETIIELTPDEALSGASILIELEDQTVVEVDTPPFAGDGWRLRLENIAKGGKDHYLQLKVQTENGLRIDGLRVLYKLELFPPDALLGCAVEVPTLDGNVTLQVPPKSSTGRLLRLKGRGLSFGDNIGDQFVEILVVIPADINDEEIALYTRLQELSLSDE,<
<ps1>,LKKTFKVTITNKETGKIYQENISDQEYILKEFEKKGLRLPFSCRNGCCTSCAVKIISGKLDQPEAMGVSQDLKDKGYALLCVAKVIEDIEVETTYYDEVYDLQFGQYFGKGKTRKAPPWEFEED,<ps2>,MKGHKKIRFIFPLVAMYVPLLLLAPKAIAGSFGAEIFCTMRDGGNDHESSWQAAYSYIKKQKGGIFKTSPKQAAGQIIETVVRERDKFSYCVEFLDQLHPDRKLQLENDRKEKRRKKEELLQDKENEDYSKETFDRYSY,<
<ps1>,MDFKTYQKQARLTAQYPNLGSNNIYPTLGLVGEAGEVAEKVKKVIRDKKGIFDEESKKGIKKELGDVLWYISNLCNEFNFELEEVALQNLEKLKLRAAKGKISGSGDDR,<ps2>,MDFKTYQKQARLTAQYPNLGSNNIYPTLGLVGEAGEVAEKVKKVIRDKKGIFDEESKKGIKKELGDVLWYISNLCNEFNFELEEVALQNLEKLKLRAAKGKISGSGDDR,<
<ps1>,MSFFQGKILLNFIIDLLNKPAINWSNFELNSSLQLNDFVDLLLEPLNTSQYSYNIKLGLHEALINAVTHGNKLDPNKSIRVRRIITPNWCVWQIQDQGNGLEIKKRLYKLPKKFTSFNGRGLYIINECFDDIRWSNKGNRLQLALKR,<ps2>,VPNNQNRDNFIDKAFTVIAESIVKIMPIADKEKKAYIYYRDGLAAQNNGDYSEALDYYNESLLLEENKIDRGETLKNMAIIYMSNGEEDRSIETYQKALEENPKQPSCLKNIGLIYEKRGRFAEQNGDLDQRDMWFDKAAQVWSKAVRLYPGGYLDIENWLKTSGRSSIDIYL,<
<ps1>,MSFFQGKILLNFIIDLLNKPAINWSNFELNSSLQLNDFVDLLLEPLNTSQYSYNIKLGLHEALINAVTHGNKLDPNKSIRVRRIITPNWCVWQIQDQGNGLEIKKRLYKLPKKFTSFNGRGLYIINECFDDIRWSNKGNRLQLALKR,<ps2>,MSFFQGKILLNFIIDLLNKPAINWSNFELNSSLQLNDFVDLLLEPLNTSQYSYNIKLGLHEALINAVTHGNKLDPNKSIRVRRIITPNWCVWQIQDQGNGLEIKKRLYKLPKKFTSFNGRGLYIINECFDDIRWSNKGNRLQLALKR,<
<ps1>,VASTLLFTALKEAIDEEMANDVNVCIMGEDVGQYGGSYKVTKDLYEKYGELRVLDTPIAENSFTGMAVGAAMTGLRPIVEGMNMGFLLLAFNQISNNMGMLRYTSGGNYKIPAVVRGPGGVGRQLGAEHSQRLEAYFHAVPGIKIVACSTPTNAKGLMKAAIRDNNPVLFFEHVLLYNLSEELPEGDYICSLDQADLVKEGKDITILTYSRMRHHCLKAVEELDKKNIDVELIDLISLKPFDMKTISKSIKKTNNVIIVEECMKTGGIGAELIALITEECFDDLDTRPIRLSSQDIPTPYNGNLENLTIIQPHQIVEKVEEVINGSI,<ps2>,VASTLLFTALKEAIDEEMANDVNVCIMGEDVGQYGGSYKVTKDLYEKYGELRVLDTPIAENSFTGMAVGAAMTGLRPIVEGMNMGFLLLAFNQISNNMGMLRYTSGGNYKIPAVVRGPGGVGRQLGAEHSQRLEAYFHAVPGIKIVACSTPTNAKGLMKAAIRDNNPVLFFEHVLLYNLSEELPEGDYICSLDQADLVKEGKDITILTYSRMRHHCLKAVEELDKKNIDVELIDLISLKPFDMKTISKSIKKTNNVIIVEECMKTGGIGAELIALITEECFDDLDTRPIRLSSQDIPTPYNGNLENLTIIQPHQIVEKVEEVINGSI,<
<ps1>,MSKLSTTKICVKSPAKINLHLEIIGKRKDGYHELAMIMQNIDLSDYIEFENNQIGEIKLKSNSKDLSLDEDNLIIKAANYIKDMSKNKELGANIFLKKNIPIGAGLAGGSSNAAATLVGLNKLWDLDLDYETIFILSAKLGSDVPFFIEGGCQFCFGRGEILEKYSSNFDFGVILLKNPNISISTVDTYKKYSQEFCPKYFTETEKTNKIRNDLRVNGFNDFKLSEQRINVKNDLQVIVERENNSVKKALYLLSNLQNCLSYSMSGSGPTCFALFKDINIANEVFEQNYKMFNNNGFEAWVCKLINSGITLL,<ps2>,LVKPKSPDNKISNHLQQDVVKIAGKTIFINPFLYWRRFDENTNRWLREPGQMSEEQIQPNRNRFYPEIDWADLSQNQKLVKDASVEMFLKTLELISTFHPQLNSGQLLEVERKMAITKKLPFEKWVTKSFAKKARAEEYEKRKFKRDRFIRSWKEWLSLENTQQALLPIIVVVFVSAFIGWSSGVSKNSCNPYFEQNLDQSI,<
<ps1>,MSKLSTTKICVKSPAKINLHLEIIGKRKDGYHELAMIMQNIDLSDYIEFENNQIGEIKLKSNSKDLSLDEDNLIIKAANYIKDMSKNKELGANIFLKKNIPIGAGLAGGSSNAAATLVGLNKLWDLDLDYETIFILSAKLGSDVPFFIEGGCQFCFGRGEILEKYSSNFDFGVILLKNPNISISTVDTYKKYSQEFCPKYFTETEKTNKIRNDLRVNGFNDFKLSEQRINVKNDLQVIVERENNSVKKALYLLSNLQNCLSYSMSGSGPTCFALFKDINIANEVFEQNYKMFNNNGFEAWVCKLINSGITLL,<ps2>,VPNNQNRDNFIDKAFTVIAESIVKIMPIADKEKKAYIYYRDGLAAQNNGDYSEALDYYNESLLLEENKIDRGETLKNMAIIYMSNGEEDRSIETYQKALEENPKQPSCLKNIGLIYEKRGRFAEQNGDLDQRDMWFDKAAQVWSKAVRLYPGGYLDIENWLKTSGRSSIDIYL,<
<ps1>,MKNLKLKVIFKYLKPYKKEFLYGGIALLVVNILSILIPLEVKNIIDQLKDGFSSSFVISKSLFLMFLATCMGLIRLFSRQIVFGIGRKVEVNLRQKLFDHLLIQDPDWIQKKGSGDIISRATSDVENIRRLLGFTVLSLCNIVLAYSLTIPSMLSINKTLTVAALMIFPMILVIVSLFGGRMVSQRKIQQESLSKLSDLIQEDLSGISAIKIYAQEEAEKKQFNNYNKVYRNSAIKLARTASTLFPLLQGISSISLLILLGLGTSQLENGFITIGGLVALILFVERLVFPTALLGFTLNTFQLGQVSLDRVEEIFQNNPKITDKPKAKFIKKKVKGTIEAKNLKIKYEGAKFNSLNRLNFKINPGELIAIVGPVGCGKTTLAKSLGRTIEIPDGQLFLDDIDITNIKLRDLRKHIAIVPQEAFLFTSTISENLKFGDPKASRNVVKNSAVNAGLIDDINSFPDGFKTIVGERGITLSGGQRQRTALGRALLVDASVVVLDDALASVDNKTAAKIIEEMRANKSKTILMISHQLSVAATCDRVLVMDQGKIVQEGIHKDLITTNGLYKNLWEREIATNKIVS,<ps2>,MKNLKLKVIFKYLKPYKKEFLYGGIALLVVNILSILIPLEVKNIIDQLKDGFSSSFVISKSLFLMFLATCMGLIRLFSRQIVFGIGRKVEVNLRQKLFDHLLIQDPDWIQKKGSGDIISRATSDVENIRRLLGFTVLSLCNIVLAYSLTIPSMLSINKTLTVAALMIFPMILVIVSLFGGRMVSQRKIQQESLSKLSDLIQEDLSGISAIKIYAQEEAEKKQFNNYNKVYRNSAIKLARTASTLFPLLQGISSISLLILLGLGTSQLENGFITIGGLVALILFVERLVFPTALLGFTLNTFQLGQVSLDRVEEIFQNNPKITDKPKAKFIKKKVKGTIEAKNLKIKYEGAKFNSLNRLNFKINPGELIAIVGPVGCGKTTLAKSLGRTIEIPDGQLFLDDIDITNIKLRDLRKHIAIVPQEAFLFTSTISENLKFGDPKASRNVVKNSAVNAGLIDDINSFPDGFKTIVGERGITLSGGQRQRTALGRALLVDASVVVLDDALASVDNKTAAKIIEEMRANKSKTILMISHQLSVAATCDRVLVMDQGKIVQEGIHKDLITTNGLYKNLWEREIATNKIVS,<
<ps1>,MAKSSWEGNCFLNFFNNKSSSGKDDKTIFKSKFTSPYKLLKCSYDQEGRCILPILHTAGGLVGGDLLEFEANIGINSKVLLTTSSAQKVYGSVGRSKINPEGTFSSQKTKISILDNSHLEYLPQETIVFANGLYSQEFNIKISDNSSFLFTDLIRLGRSSAGESIESGVFRSKLEIMRNGNLCDDWEFVDQIELTKFSFEAKSGMDFKPVFGSLIWICEKEFPITKISYLKEKIKIIFKENNNYLSLGTLENGLSIRFLGTSSQDARKCFFSIWTQIRTVCGFCKPEYQGVWPLQDL,<ps2>,MAKSSWEGNCFLNFFNNKSSSGKDDKTIFKSKFTSPYKLLKCSYDQEGRCILPILHTAGGLVGGDLLEFEANIGINSKVLLTTSSAQKVYGSVGRSKINPEGTFSSQKTKISILDNSHLEYLPQETIVFANGLYSQEFNIKISDNSSFLFTDLIRLGRSSAGESIESGVFRSKLEIMRNGNLCDDWEFVDQIELTKFSFEAKSGMDFKPVFGSLIWICEKEFPITKISYLKEKIKIIFKENNNYLSLGTLENGLSIRFLGTSSQDARKCFFSIWTQIRTVCGFCKPEYQGVWPLQDL,<
<ps1>,MSSKLRVGVAGPVGSGKTALVETLCIALKKRYKIAVVTNDIYTKEDANFLIKKKILEEGRIVGVETGGCPHTAIREDCSLNKNAVMDLENKYDPLDFIFVESGGDNLAASFSPELVDLSIYVIDVSAGDKIPRKGGPGITRSDLLLINKIDLADMVGANLNIMQNDTNMMRDGKPWFFTNLSSGSGVDNVIKYLVAQIPNI,<ps2>,VNSNSSNQVGKNIRRTGFLIVLSYLLIVLIMKVLEANNFFGYSLSSFSNDIFAPPSLKHLCGTDRLGRDVCLRTLQGSSIAIEVVFLAIFFALILGLPLGLLSGYFGGILDKCLSLVMDTIFSIPVILLAVVVAFVLGKGIINASIALCIVYSPQYFRLIRNQTMLIKSETYVEAARVSGADVKTIIFKYILPNVITPLPILLTLNAADAVLVLGSLGFLGLGVPANVPEWGSDLNLALAAIPTGIWWTALFPGLAMFFLVLGLSFIGEELENIFEN,<
<ps1>,MSSKLRVGVAGPVGSGKTALVETLCIALKKRYKIAVVTNDIYTKEDANFLIKKKILEEGRIVGVETGGCPHTAIREDCSLNKNAVMDLENKYDPLDFIFVESGGDNLAASFSPELVDLSIYVIDVSAGDKIPRKGGPGITRSDLLLINKIDLADMVGANLNIMQNDTNMMRDGKPWFFTNLSSGSGVDNVIKYLVAQIPNI,<ps2>,MTKFKLKIASRRSKLAMVQTLWVKEQLEKNIPDLEVSIEAMATQGDKILDVALAKIGDKGLFTKELEAQMLVGHADIAVHSLKDLPTNLPDGLTLGCITKREDPSDALVVNKKNKIYQLESLPPGSIVGTSSLRRLAQLRYKFPHLDFKDIRGNVITRIEKLDSGEFDCIILAAAGLKRLGFESRVHQIIPNEISLHAVGQGALGIECKSDDKEVLKIISVLEDKVSSQRCLAERSFLRELEGGCQVPIGVNSSIQNDEIALIGMVASIDGKRLIKNESIGNIKYPEEVGKKLAEKLKLQGADKILSEIFEQFRDK,<
<ps1>,MSSKLRVGVAGPVGSGKTALVETLCIALKKRYKIAVVTNDIYTKEDANFLIKKKILEEGRIVGVETGGCPHTAIREDCSLNKNAVMDLENKYDPLDFIFVESGGDNLAASFSPELVDLSIYVIDVSAGDKIPRKGGPGITRSDLLLINKIDLADMVGANLNIMQNDTNMMRDGKPWFFTNLSSGSGVDNVIKYLVAQIPNI,<ps2>,LGRSRKTNQLIREFLSELKEVLTKDGSITLRSLIFQENFHSLEGALKETEIKFIYPSDLKRFKDKSLNVLDICFGLGYNSASLFNNVIRQNSLINWYALEIDKKPLEYSLGNKSFQKLWHPKVFKILKALLKNSKYKDQFFDCDILWGDAREKIKNIPANIKFDLIYLDGFSPQKCPQVWSVEFLSKVTQKLNPQGYLITYSCSAAIRSTLKDFGLNIFNNKPNLVSKNLWSYGTIAVKNIDEKVLQNNLYLKKLSWMEEEHLLTKASIPYRDPTLNSNPKDIIKKRVQEQFLSNLKTSKKWRDKWGMTK,<
<ps1>,MSSKLRVGVAGPVGSGKTALVETLCIALKKRYKIAVVTNDIYTKEDANFLIKKKILEEGRIVGVETGGCPHTAIREDCSLNKNAVMDLENKYDPLDFIFVESGGDNLAASFSPELVDLSIYVIDVSAGDKIPRKGGPGITRSDLLLINKIDLADMVGANLNIMQNDTNMMRDGKPWFFTNLSSGSGVDNVIKYLVAQIPNI,<ps2>,MIDSFPLIKKEHIETLQINIGLKCNQACKHCHVNSSPLRSEKMSYEIISLIPKVIEKYKIKTLDITGGAPEMHPEFRNLITTLSDKNIDIIDRCNLTIFFEDGFEDLPQFLAKNNVIVTASLPCYEKDNVELQRGYGVFDKSINALKILNDLGYGKQKDGLQLNLVYNPVNPILPPSQVILKEDYKRILFEKYNISFNNLYTITNMPINRYADSLNSENKLDSYYKLLKENFNKNNLEKLMCKKTISVNWQGQIYDCDFNQQINLKGNKGPKTLSDLMSKSFKFDYGVAVKEHCFACTAGAGSSCGGTLT,<
<ps1>,MSSKLRVGVAGPVGSGKTALVETLCIALKKRYKIAVVTNDIYTKEDANFLIKKKILEEGRIVGVETGGCPHTAIREDCSLNKNAVMDLENKYDPLDFIFVESGGDNLAASFSPELVDLSIYVIDVSAGDKIPRKGGPGITRSDLLLINKIDLADMVGANLNIMQNDTNMMRDGKPWFFTNLSSGSGVDNVIKYLVAQIPNI,<ps2>,MKLRLFEFYFIKDYLRPWFGLIYSLFFLFFLGAIGYRITEGWDWGDCLWMVLITITTIGFGEVQTLSPEGRIITVLIIVGGLIFIQFTFQKAVRLFESGYFQRVNELRFKRLLRKMENHVILCGYGRVGQEISNQIKTQNIPIIVVESDEDRKKIAEDNGLEVLCADATLDETLKLAGLDKCKSLVVTLPNDAANLYVVLSAKGIRSSIRVIARAGTEEAASKLRLAGASIVVSPYIAAGRAMASMALRPIAIDFLDLLAGSECEIEEFELSNDISLFETAEKITLLELGIGKKSGAKILAIKEDEKLITNPGGDFLLQPGQVLIAFGSKEQLTTLNRLLGNLVVSVELLK,<
<ps1>,MSSKLRVGVAGPVGSGKTALVETLCIALKKRYKIAVVTNDIYTKEDANFLIKKKILEEGRIVGVETGGCPHTAIREDCSLNKNAVMDLENKYDPLDFIFVESGGDNLAASFSPELVDLSIYVIDVSAGDKIPRKGGPGITRSDLLLINKIDLADMVGANLNIMQNDTNMMRDGKPWFFTNLSSGSGVDNVIKYLVAQIPNI,<ps2>,MQKTKFSKINDQFNNLLFGFLSSSWKSKSINVISVLTGYFLFANFATKFISEGKNELIMVPIIILIIELIIRIRPPAGSSFFNLWSIIDKARIGATYAVILEAFKLGS,<
<ps1>,MSSKLRVGVAGPVGSGKTALVETLCIALKKRYKIAVVTNDIYTKEDANFLIKKKILEEGRIVGVETGGCPHTAIREDCSLNKNAVMDLENKYDPLDFIFVESGGDNLAASFSPELVDLSIYVIDVSAGDKIPRKGGPGITRSDLLLINKIDLADMVGANLNIMQNDTNMMRDGKPWFFTNLSSGSGVDNVIKYLVAQIPNI,<ps2>,MSKLSTTKICVKSPAKINLHLEIIGKRKDGYHELAMIMQNIDLSDYIEFENNQIGEIKLKSNSKDLSLDEDNLIIKAANYIKDMSKNKELGANIFLKKNIPIGAGLAGGSSNAAATLVGLNKLWDLDLDYETIFILSAKLGSDVPFFIEGGCQFCFGRGEILEKYSSNFDFGVILLKNPNISISTVDTYKKYSQEFCPKYFTETEKTNKIRNDLRVNGFNDFKLSEQRINVKNDLQVIVERENNSVKKALYLLSNLQNCLSYSMSGSGPTCFALFKDINIANEVFEQNYKMFNNNGFEAWVCKLINSGITLL,<
<ps1>,LSRLLISFIFFAIVFLSPLSTFASHTSDPTVSLLQSRISKNFSKKFCNAIQNGLSKDEAMTSAIVKTENIVSFSYNPQKKWIEKEDLANQISIKVINDCGWSFGLIGKEGIDYFNSYFLEIYDKTTPDKKLSS,<ps2>,LSRLLISFIFFAIVFLSPLSTFASHTSDPTVSLLQSRISKNFSKKFCNAIQNGLSKDEAMTSAIVKTENIVSFSYNPQKKWIEKEDLANQISIKVINDCGWSFGLIGKEGIDYFNSYFLEIYDKTTPDKKLSS,<
<ps1>,MTFEAKYLGSNGWLIKFDKTNLIIDPWLTGDLIFPPGEWFFKGSLDNEILIEEDINIILLTQGLPDHCHVPSLKKFKKDIDIICSNSAKGILEKLGFTSIKVLKPKEKIMQKELEIEATAGAPVPQIENGYIVKDYKGKGFYIEPHGYLDENVNSQELDAVITPIINLELPLVGSFVKGADVLPKLIKTFNPKYILSSTAGGEAKYTGLLNKFISVQEYAEEVKCNLVNLKTMDSVKI,<ps2>,MTFEAKYLGSNGWLIKFDKTNLIIDPWLTGDLIFPPGEWFFKGSLDNEILIEEDINIILLTQGLPDHCHVPSLKKFKKDIDIICSNSAKGILEKLGFTSIKVLKPKEKIMQKELEIEATAGAPVPQIENGYIVKDYKGKGFYIEPHGYLDENVNSQELDAVITPIINLELPLVGSFVKGADVLPKLIKTFNPKYILSSTAGGEAKYTGLLNKFISVQEYAEEVKCNLVNLKTMDSVKI,<
<ps1>,MPIVFAWSLCLSVVVVLLSTIPLTLGRIKAGYSVENMSAPRALFDKLPDFGKRAVWCHQNCWESISIHAPACILCLITLPDSNLSLIAAWMHPLLRFLYIGAYVLNIPIARGLIWASGIFTTLVLYKEGISQFM,<ps2>,MPIVFAWSLCLSVVVVLLSTIPLTLGRIKAGYSVENMSAPRALFDKLPDFGKRAVWCHQNCWESISIHAPACILCLITLPDSNLSLIAAWMHPLLRFLYIGAYVLNIPIARGLIWASGIFTTLVLYKEGISQFM,<
<ps1>,MTDIEEIKKKIYQIAAITDRGQRLNKLIAPMYQEKLKEMGNLIDILESFNTEVSEEKLSGEWELIYSTVELFRSSPFFLAIEKALNDEFKSNLFFKLHQLQVGSFGLSTIGRIAQNIDFDKKEFLSTFDTTIFGLTIIPILGWFKLLPTFGGRVITLADDLILEDKVLKMNLKKTKVSKVDGLNKIPLFSTLLMERWYPVKEVWEKLPWNKESPSCEVSVIYLDEEVRVMKDIYGSTFVYIRPTISLLNSK,<ps2>,MTDIEEIKKKIYQIAAITDRGQRLNKLIAPMYQEKLKEMGNLIDILESFNTEVSEEKLSGEWELIYSTVELFRSSPFFLAIEKALNDEFKSNLFFKLHQLQVGSFGLSTIGRIAQNIDFDKKEFLSTFDTTIFGLTIIPILGWFKLLPTFGGRVITLADDLILEDKVLKMNLKKTKVSKVDGLNKIPLFSTLLMERWYPVKEVWEKLPWNKESPSCEVSVIYLDEEVRVMKDIYGSTFVYIRPTISLLNSK,<
<ps1>,MLLSRVAESLYWINRYLERAENISRFVEVSEAMSLDCPPGSAEPWLPLIDASSDRETFDSRFPEKKQDDVINFLIRDRINPNSIISCIQLARENARQIRDVMTSEMWEQINILYWNLQEGESIWDLPRQEQLSEIRRGCQLFYGITDATLSKDLACQFSILGRLIERADKTSRILDVKYYLLLPSLDELGGVLDELQWIALLRSAGAYQMFRKAEQNSIQPNSVARFLLLDNNFPRSVRYCLDGISNTLKMIDTSPSSDNPSKLECMRGLLKAKWSYIRIEDIINDGLHEAIDSLQIDLNKLHNLIEDKYFINKEFDQ,<ps2>,LVKPKSPDNKISNHLQQDVVKIAGKTIFINPFLYWRRFDENTNRWLREPGQMSEEQIQPNRNRFYPEIDWADLSQNQKLVKDASVEMFLKTLELISTFHPQLNSGQLLEVERKMAITKKLPFEKWVTKSFAKKARAEEYEKRKFKRDRFIRSWKEWLSLENTQQALLPIIVVVFVSAFIGWSSGVSKNSCNPYFEQNLDQSI,<
<ps1>,MLLSRVAESLYWINRYLERAENISRFVEVSEAMSLDCPPGSAEPWLPLIDASSDRETFDSRFPEKKQDDVINFLIRDRINPNSIISCIQLARENARQIRDVMTSEMWEQINILYWNLQEGESIWDLPRQEQLSEIRRGCQLFYGITDATLSKDLACQFSILGRLIERADKTSRILDVKYYLLLPSLDELGGVLDELQWIALLRSAGAYQMFRKAEQNSIQPNSVARFLLLDNNFPRSVRYCLDGISNTLKMIDTSPSSDNPSKLECMRGLLKAKWSYIRIEDIINDGLHEAIDSLQIDLNKLHNLIEDKYFINKEFDQ,<ps2>,MKLRLFEFYFIKDYLRPWFGLIYSLFFLFFLGAIGYRITEGWDWGDCLWMVLITITTIGFGEVQTLSPEGRIITVLIIVGGLIFIQFTFQKAVRLFESGYFQRVNELRFKRLLRKMENHVILCGYGRVGQEISNQIKTQNIPIIVVESDEDRKKIAEDNGLEVLCADATLDETLKLAGLDKCKSLVVTLPNDAANLYVVLSAKGIRSSIRVIARAGTEEAASKLRLAGASIVVSPYIAAGRAMASMALRPIAIDFLDLLAGSECEIEEFELSNDISLFETAEKITLLELGIGKKSGAKILAIKEDEKLITNPGGDFLLQPGQVLIAFGSKEQLTTLNRLLGNLVVSVELLK,<
<ps1>,MLLSRVAESLYWINRYLERAENISRFVEVSEAMSLDCPPGSAEPWLPLIDASSDRETFDSRFPEKKQDDVINFLIRDRINPNSIISCIQLARENARQIRDVMTSEMWEQINILYWNLQEGESIWDLPRQEQLSEIRRGCQLFYGITDATLSKDLACQFSILGRLIERADKTSRILDVKYYLLLPSLDELGGVLDELQWIALLRSAGAYQMFRKAEQNSIQPNSVARFLLLDNNFPRSVRYCLDGISNTLKMIDTSPSSDNPSKLECMRGLLKAKWSYIRIEDIINDGLHEAIDSLQIDLNKLHNLIEDKYFINKEFDQ,<ps2>,MSKLSTTKICVKSPAKINLHLEIIGKRKDGYHELAMIMQNIDLSDYIEFENNQIGEIKLKSNSKDLSLDEDNLIIKAANYIKDMSKNKELGANIFLKKNIPIGAGLAGGSSNAAATLVGLNKLWDLDLDYETIFILSAKLGSDVPFFIEGGCQFCFGRGEILEKYSSNFDFGVILLKNPNISISTVDTYKKYSQEFCPKYFTETEKTNKIRNDLRVNGFNDFKLSEQRINVKNDLQVIVERENNSVKKALYLLSNLQNCLSYSMSGSGPTCFALFKDINIANEVFEQNYKMFNNNGFEAWVCKLINSGITLL,<
<ps1>,MTEVINNIPDFEKYLTDTKKVVEEALDFSLGPENPEILRESMRYSLLAGGKRIRPILCLASCSLAGGEPSLAVPTAVAIEMIHTMSLIHDDLPAMDNDGFRRGRPTNHKVYGDAIAILAGDALLTRAFEMVSLRSPGVDSNRLLNVVGELSLVAGAPGLVGGQVVDLECEGKEVDLETLEYIHLHKTGALLKASVRTGAMIAGANEELLNALTTYAEGIGLAFQIIDDILDLTSSSEKLGKTAGKDLLADKTTYPKLLGMEESKKKAFDLVDQAKKAIEPWGLNAKYLISLADFITNRDR,<ps2>,MTEVINNIPDFEKYLTDTKKVVEEALDFSLGPENPEILRESMRYSLLAGGKRIRPILCLASCSLAGGEPSLAVPTAVAIEMIHTMSLIHDDLPAMDNDGFRRGRPTNHKVYGDAIAILAGDALLTRAFEMVSLRSPGVDSNRLLNVVGELSLVAGAPGLVGGQVVDLECEGKEVDLETLEYIHLHKTGALLKASVRTGAMIAGANEELLNALTTYAEGIGLAFQIIDDILDLTSSSEKLGKTAGKDLLADKTTYPKLLGMEESKKKAFDLVDQAKKAIEPWGLNAKYLISLADFITNRDR,<
<ps1>,VNFWGFINLKFLLDVLFALGFGLLLFSRVKEQRTLWLLRGYLLLVSFAWFIQRYAYLPLTSKLIDAVVLACSLSLAILWQGELRRLMELLGTGRLAVLLGNPPKEFRATSTTVNQLVDAAGKLSQNRKGALIVVDLGSDLRPEDFLYSGIKIEAKLSTDLLINLFATDTPLHDGAVLVKGNKIISAGVILPLSRQGISRYGTRHLAALGITERFDRCICIVVSEETGTLSLANQGKLERPITSSRLQELLIKLVGNQNTSGTPKSSSNKTNSYQKTNTNDTITVEKKLDKQNTIQD,<ps2>,VNFWGFINLKFLLDVLFALGFGLLLFSRVKEQRTLWLLRGYLLLVSFAWFIQRYAYLPLTSKLIDAVVLACSLSLAILWQGELRRLMELLGTGRLAVLLGNPPKEFRATSTTVNQLVDAAGKLSQNRKGALIVVDLGSDLRPEDFLYSGIKIEAKLSTDLLINLFATDTPLHDGAVLVKGNKIISAGVILPLSRQGISRYGTRHLAALGITERFDRCICIVVSEETGTLSLANQGKLERPITSSRLQELLIKLVGNQNTSGTPKSSSNKTNSYQKTNTNDTITVEKKLDKQNTIQD,<
<ps1>,MENPTKNKIQNLIDLNPVMVFMKGTKLMPQCGFSNNVVQILNSLGVTFNTFDVLSDFEIREGIKEYSEWPTIPQVYLKGEFLGGSDILIEMYNAGTLKEKIEIALAS,<ps2>,VNSNSSNQVGKNIRRTGFLIVLSYLLIVLIMKVLEANNFFGYSLSSFSNDIFAPPSLKHLCGTDRLGRDVCLRTLQGSSIAIEVVFLAIFFALILGLPLGLLSGYFGGILDKCLSLVMDTIFSIPVILLAVVVAFVLGKGIINASIALCIVYSPQYFRLIRNQTMLIKSETYVEAARVSGADVKTIIFKYILPNVITPLPILLTLNAADAVLVLGSLGFLGLGVPANVPEWGSDLNLALAAIPTGIWWTALFPGLAMFFLVLGLSFIGEELENIFEN,<
<ps1>,MENPTKNKIQNLIDLNPVMVFMKGTKLMPQCGFSNNVVQILNSLGVTFNTFDVLSDFEIREGIKEYSEWPTIPQVYLKGEFLGGSDILIEMYNAGTLKEKIEIALAS,<ps2>,MVMNVSIVIPTYNRKPILEKCLKALEKQNLNENISNYEVIVVDDGSTDGTTYWIKDNYEVLPHVVLYEQEHGGPALGRNLGVMKSKYEIIIFIDSDLIVLDDFIACHVNKLLFSWSKNTKKCFTYGSVINTSNFSNPESERYKLTDFSFAYFATGNVAISKELLLSVGLFDNSFSLYGWEDLELGERLKKLGTKLIKCPEAVGFHWHPPFDCGQIESLVSQEKERARMALIFYKKHSNLRVRFMIQLTPIHILLWQIICLGGLISIKRLLPLLRFLIDSGRNRIALEIVRIPLNLIYVKELRRLI,<
<ps1>,VRIFMKLFKSLLVAPATIGLLAPFSTFAGEANLNDISKYSNLEHLDLANAFVNDEPKNNSLLAGGEGLVDSGSSDGGFSQTTTASFSVDAVLGAIDGNASATTGQGEETGFDFQFNIGLSTSFTGEDSLDIAIDNGSATASPIGAKMGFDTGTSLVVDGVTYSFPVGGATMVVGDATDVSATYTGACTYSAFTDTTLDDCGTGNSIGAGGKGVAASLGYAFDSGFSIAGGISSPTTEIVGDDADLYGLNVAYSTDSYGVAVGYAIDDGGTGAETTTWGLNGFYTFDLASLSVGYETSETGGTDSSGYFVGLSFSEVGPGSVNVGAATTGLFADSVTEYLIYEASYSYPVNDAMTITPGIFIEETAGDDLTGVAVKTSFSF,<ps2>,MKVNKKYKGLVTKKFNEFYLVELDKYETSVANKKFLCKIKKSVNFRNQFVFVGDEVIVYQIDLQSKRATIESLVKRNNLLERPSVANISNIYVICSVEEPKLNLSQVNKFLISSEQLGVEVSLVLTKCDLITEEKRLLLIEKFHQWGYQAITLNLNNPENLRTLLIELKKKKCSIFMGPSGVGKTTLLNMIIPNLDNKTAPVSSKIKRGKNTTRNVELFSLSSKSYIVDTPGFNIQTLEIDIRELSNLYPEIYKQVVNEGIHCKFRNCLHVNDEGCKLNKNFERYTFYKEMVESSKSHYCLIQED,<
<ps1>,VRIFMKLFKSLLVAPATIGLLAPFSTFAGEANLNDISKYSNLEHLDLANAFVNDEPKNNSLLAGGEGLVDSGSSDGGFSQTTTASFSVDAVLGAIDGNASATTGQGEETGFDFQFNIGLSTSFTGEDSLDIAIDNGSATASPIGAKMGFDTGTSLVVDGVTYSFPVGGATMVVGDATDVSATYTGACTYSAFTDTTLDDCGTGNSIGAGGKGVAASLGYAFDSGFSIAGGISSPTTEIVGDDADLYGLNVAYSTDSYGVAVGYAIDDGGTGAETTTWGLNGFYTFDLASLSVGYETSETGGTDSSGYFVGLSFSEVGPGSVNVGAATTGLFADSVTEYLIYEASYSYPVNDAMTITPGIFIEETAGDDLTGVAVKTSFSF,<ps2>,MAGFGLPNFGQLTEAFKKAKEIQQNAQKLQDELESMEIEGKSDDEMIKVWISGNQLPLRVEVNENISTANKEEIEKNILEAIKKAHESSTTTMKERMNDLTGGLNLNLPGLDNNDS,<
<ps1>,VRIFMKLFKSLLVAPATIGLLAPFSTFAGEANLNDISKYSNLEHLDLANAFVNDEPKNNSLLAGGEGLVDSGSSDGGFSQTTTASFSVDAVLGAIDGNASATTGQGEETGFDFQFNIGLSTSFTGEDSLDIAIDNGSATASPIGAKMGFDTGTSLVVDGVTYSFPVGGATMVVGDATDVSATYTGACTYSAFTDTTLDDCGTGNSIGAGGKGVAASLGYAFDSGFSIAGGISSPTTEIVGDDADLYGLNVAYSTDSYGVAVGYAIDDGGTGAETTTWGLNGFYTFDLASLSVGYETSETGGTDSSGYFVGLSFSEVGPGSVNVGAATTGLFADSVTEYLIYEASYSYPVNDAMTITPGIFIEETAGDDLTGVAVKTSFSF,<ps2>,MASQISYRGNKNPIKKKLSFFEGGHQLEKLEFALAVAQTKGDEQKSLVLMKKIIELGGNVEEPGT,<
<ps1>,VRIFMKLFKSLLVAPATIGLLAPFSTFAGEANLNDISKYSNLEHLDLANAFVNDEPKNNSLLAGGEGLVDSGSSDGGFSQTTTASFSVDAVLGAIDGNASATTGQGEETGFDFQFNIGLSTSFTGEDSLDIAIDNGSATASPIGAKMGFDTGTSLVVDGVTYSFPVGGATMVVGDATDVSATYTGACTYSAFTDTTLDDCGTGNSIGAGGKGVAASLGYAFDSGFSIAGGISSPTTEIVGDDADLYGLNVAYSTDSYGVAVGYAIDDGGTGAETTTWGLNGFYTFDLASLSVGYETSETGGTDSSGYFVGLSFSEVGPGSVNVGAATTGLFADSVTEYLIYEASYSYPVNDAMTITPGIFIEETAGDDLTGVAVKTSFSF,<ps2>,MITLYQFRHSAFCLKTRMALHAKKLQYRVEEVTPGLGQFEIFKISGQKQVPIIVDDNDQIISDSTIICEYINKKNDNNPLFPKDPLLFAQCKLIEDWADTTMASTCRKALIKSAIENPQLRTALLPDEIPSSVKGLVDKLPFKNLSKISNVVFSTKDNLELQKILEALSKALINKKYLIGDNLSIADIAISAQLSLLKFPKSSGPILSGEGCQEYINNPYLENIFIWRNNIEEYLFSANSQ,<
<ps1>,VRIFMKLFKSLLVAPATIGLLAPFSTFAGEANLNDISKYSNLEHLDLANAFVNDEPKNNSLLAGGEGLVDSGSSDGGFSQTTTASFSVDAVLGAIDGNASATTGQGEETGFDFQFNIGLSTSFTGEDSLDIAIDNGSATASPIGAKMGFDTGTSLVVDGVTYSFPVGGATMVVGDATDVSATYTGACTYSAFTDTTLDDCGTGNSIGAGGKGVAASLGYAFDSGFSIAGGISSPTTEIVGDDADLYGLNVAYSTDSYGVAVGYAIDDGGTGAETTTWGLNGFYTFDLASLSVGYETSETGGTDSSGYFVGLSFSEVGPGSVNVGAATTGLFADSVTEYLIYEASYSYPVNDAMTITPGIFIEETAGDDLTGVAVKTSFSF,<ps2>,VLIIYRSNSLTAKEASIFCNKTLKERNIKSKRIESDFDNNQLENYFYNLAALPDLVIVLGGDGTVLKSANALVNYDIPILSFNIGGNLGFLTQEKDFLFDQSFIKILEKEEFIIDFRNRLHCDVYSNEKNRERKILKSYDALNDFYFKSVEEDISPTNQIQIEIDNEKVNEYKGDGLIISSSTGSTAYSMAAGGPIVHPSINAFVINPICPMSLASRPIIIPDTSKVVIRVVQKNKREIKLWKDGSKCMTIKENDYCEINKVTKPCKMIKFNKSISYYITLIKKLDWKGDLSLKNNQNN,<
<ps1>,VRIFMKLFKSLLVAPATIGLLAPFSTFAGEANLNDISKYSNLEHLDLANAFVNDEPKNNSLLAGGEGLVDSGSSDGGFSQTTTASFSVDAVLGAIDGNASATTGQGEETGFDFQFNIGLSTSFTGEDSLDIAIDNGSATASPIGAKMGFDTGTSLVVDGVTYSFPVGGATMVVGDATDVSATYTGACTYSAFTDTTLDDCGTGNSIGAGGKGVAASLGYAFDSGFSIAGGISSPTTEIVGDDADLYGLNVAYSTDSYGVAVGYAIDDGGTGAETTTWGLNGFYTFDLASLSVGYETSETGGTDSSGYFVGLSFSEVGPGSVNVGAATTGLFADSVTEYLIYEASYSYPVNDAMTITPGIFIEETAGDDLTGVAVKTSFSF,<ps2>,MSKKRKRISRRRLAGQRVMAHVPIYHIETGKHKPVTAARRFIAENALSAPSVFNVRRNEHTTDRFFWGQKGLFSAQYAEENHFLFPSLKVVVEGIGEEKIFEGLELTADDWEEIEEYEYAFV,<
<ps1>,VRIFMKLFKSLLVAPATIGLLAPFSTFAGEANLNDISKYSNLEHLDLANAFVNDEPKNNSLLAGGEGLVDSGSSDGGFSQTTTASFSVDAVLGAIDGNASATTGQGEETGFDFQFNIGLSTSFTGEDSLDIAIDNGSATASPIGAKMGFDTGTSLVVDGVTYSFPVGGATMVVGDATDVSATYTGACTYSAFTDTTLDDCGTGNSIGAGGKGVAASLGYAFDSGFSIAGGISSPTTEIVGDDADLYGLNVAYSTDSYGVAVGYAIDDGGTGAETTTWGLNGFYTFDLASLSVGYETSETGGTDSSGYFVGLSFSEVGPGSVNVGAATTGLFADSVTEYLIYEASYSYPVNDAMTITPGIFIEETAGDDLTGVAVKTSFSF,<ps2>,MSKIKENKEQFWLEKFDCFSVTGKDSKRFLNGITTGNIVDLNNKVLKSCWLSPNGILKSLLEINCSEKELKVIVLVGNTSEIRKYFNDIIFPSDDVSLSDSFSINRLQQVDDMNSWRITQPIFLKNEDKKYDFYKNNPNSMNTNDLQLWKINQAIPSLNSEINGKNNPLELGLTDLIDFNKGCYLGQETMSKIKNVSSLKQEIRVWTAKDKDVNLESVNKILFNNQNKEKSVGYITSIYVLESRIIKGLAMIKRKYLDKGNPFFSDNFGQISLEKSVGSTFL,<
<ps1>,VRIFMKLFKSLLVAPATIGLLAPFSTFAGEANLNDISKYSNLEHLDLANAFVNDEPKNNSLLAGGEGLVDSGSSDGGFSQTTTASFSVDAVLGAIDGNASATTGQGEETGFDFQFNIGLSTSFTGEDSLDIAIDNGSATASPIGAKMGFDTGTSLVVDGVTYSFPVGGATMVVGDATDVSATYTGACTYSAFTDTTLDDCGTGNSIGAGGKGVAASLGYAFDSGFSIAGGISSPTTEIVGDDADLYGLNVAYSTDSYGVAVGYAIDDGGTGAETTTWGLNGFYTFDLASLSVGYETSETGGTDSSGYFVGLSFSEVGPGSVNVGAATTGLFADSVTEYLIYEASYSYPVNDAMTITPGIFIEETAGDDLTGVAVKTSFSF,<ps2>,VENSINISILIPLIPMGMALLILSLLVSFNRTINRLTKPVSALAVFSLLSSALISAFLYFKKIEGEIFLSDYLKLFGSTNLILHLNSLTEKIVIFFAVIIAIVIGVLFYKLPRRKGYVSLIIGISLISSSIMFAVFFLDFSFLI,<
<ps1>,VRIFMKLFKSLLVAPATIGLLAPFSTFAGEANLNDISKYSNLEHLDLANAFVNDEPKNNSLLAGGEGLVDSGSSDGGFSQTTTASFSVDAVLGAIDGNASATTGQGEETGFDFQFNIGLSTSFTGEDSLDIAIDNGSATASPIGAKMGFDTGTSLVVDGVTYSFPVGGATMVVGDATDVSATYTGACTYSAFTDTTLDDCGTGNSIGAGGKGVAASLGYAFDSGFSIAGGISSPTTEIVGDDADLYGLNVAYSTDSYGVAVGYAIDDGGTGAETTTWGLNGFYTFDLASLSVGYETSETGGTDSSGYFVGLSFSEVGPGSVNVGAATTGLFADSVTEYLIYEASYSYPVNDAMTITPGIFIEETAGDDLTGVAVKTSFSF,<ps2>,MKRKEDSKNNNYDSMSFTDHLEELRQRLLNSIYSILICIFFSFLIIKPLISFLEIPASDIHLLQLAPGEFLFVAIKVAGYSGIIVSIPYIFYQLILFISPGLTKKEKNLILPAVFGSGLLFFLGLIFSWWILVPAAINFFINFGADIVEPTWSIERYFDFVLLLMSSTAIAFQLPVLQFILGSLGIITTEKMLSNWKIVVISSAILSAVITPSTDPLTMSLLSISIIFLFFVGAGLTYISESLKSKTLSSSH,<
<ps1>,VRIFMKLFKSLLVAPATIGLLAPFSTFAGEANLNDISKYSNLEHLDLANAFVNDEPKNNSLLAGGEGLVDSGSSDGGFSQTTTASFSVDAVLGAIDGNASATTGQGEETGFDFQFNIGLSTSFTGEDSLDIAIDNGSATASPIGAKMGFDTGTSLVVDGVTYSFPVGGATMVVGDATDVSATYTGACTYSAFTDTTLDDCGTGNSIGAGGKGVAASLGYAFDSGFSIAGGISSPTTEIVGDDADLYGLNVAYSTDSYGVAVGYAIDDGGTGAETTTWGLNGFYTFDLASLSVGYETSETGGTDSSGYFVGLSFSEVGPGSVNVGAATTGLFADSVTEYLIYEASYSYPVNDAMTITPGIFIEETAGDDLTGVAVKTSFSF,<ps2>,MTINEKIISDKELKISDWELDFYSRPIIETNGKKRWELIISSSKSFKTEKIFLWNKVCPANEVNSIWLTKALNEALNDAEIEGWAKPLKIRFWRASMKSIIKKSIENIGIEALVSRRTYELFDRIEFLEREIYPLEQGYVRGVLAPTFTSNILNDPKPLPEAVRGDALTISEISIEELKLAKNWPIEFGDIFPIQSSIKNDNLVPGLRLFSKDRSLALAAWFSSLEPVKLLIKQNQLILEASEDDKWLVTDLQEKDAKVLNDKFTQSKKDSYGYQFISIQATPFIEKFAGFWILKDVELIS,<
<ps1>,VRIFMKLFKSLLVAPATIGLLAPFSTFAGEANLNDISKYSNLEHLDLANAFVNDEPKNNSLLAGGEGLVDSGSSDGGFSQTTTASFSVDAVLGAIDGNASATTGQGEETGFDFQFNIGLSTSFTGEDSLDIAIDNGSATASPIGAKMGFDTGTSLVVDGVTYSFPVGGATMVVGDATDVSATYTGACTYSAFTDTTLDDCGTGNSIGAGGKGVAASLGYAFDSGFSIAGGISSPTTEIVGDDADLYGLNVAYSTDSYGVAVGYAIDDGGTGAETTTWGLNGFYTFDLASLSVGYETSETGGTDSSGYFVGLSFSEVGPGSVNVGAATTGLFADSVTEYLIYEASYSYPVNDAMTITPGIFIEETAGDDLTGVAVKTSFSF,<ps2>,MESIFNNSFATLVAYVGIVSIYLLVIPLILFYWMNNRWNVMGKFERLIVYGLVFLFFPGLILFSPFLNLRLRGDSKG,<
<ps1>,VRIFMKLFKSLLVAPATIGLLAPFSTFAGEANLNDISKYSNLEHLDLANAFVNDEPKNNSLLAGGEGLVDSGSSDGGFSQTTTASFSVDAVLGAIDGNASATTGQGEETGFDFQFNIGLSTSFTGEDSLDIAIDNGSATASPIGAKMGFDTGTSLVVDGVTYSFPVGGATMVVGDATDVSATYTGACTYSAFTDTTLDDCGTGNSIGAGGKGVAASLGYAFDSGFSIAGGISSPTTEIVGDDADLYGLNVAYSTDSYGVAVGYAIDDGGTGAETTTWGLNGFYTFDLASLSVGYETSETGGTDSSGYFVGLSFSEVGPGSVNVGAATTGLFADSVTEYLIYEASYSYPVNDAMTITPGIFIEETAGDDLTGVAVKTSFSF,<ps2>,MTNKKRILSGVQPTGDLHIGNWLGAINNWVELQEKHETFLCVVDLHAITTEYDTKQLSKNTLSTAALYIACGINPKICSIFVQSQISAHSELCWILNCMTPINWMERMIQFKEKSIQQGNNVSIGLFDYPILMAADILLYDADYVPVGEDQKQHLELAKDIAQQRINAKFGKEENILKIPQPIIMKKGSKIMSLNDGSKKMSKSDINEGSRINLLDTPEIITKKIKRAKSDSYMGMEFNNPERPESRNLLMIYSLLSGKEVSELENDLSQTGWGTFKKIFTEQIIESLKPIQERYQVLINDPHELNKILIQGKEKAEVVANKTLSRVKSELGFFEIEK,<
<ps1>,VRIFMKLFKSLLVAPATIGLLAPFSTFAGEANLNDISKYSNLEHLDLANAFVNDEPKNNSLLAGGEGLVDSGSSDGGFSQTTTASFSVDAVLGAIDGNASATTGQGEETGFDFQFNIGLSTSFTGEDSLDIAIDNGSATASPIGAKMGFDTGTSLVVDGVTYSFPVGGATMVVGDATDVSATYTGACTYSAFTDTTLDDCGTGNSIGAGGKGVAASLGYAFDSGFSIAGGISSPTTEIVGDDADLYGLNVAYSTDSYGVAVGYAIDDGGTGAETTTWGLNGFYTFDLASLSVGYETSETGGTDSSGYFVGLSFSEVGPGSVNVGAATTGLFADSVTEYLIYEASYSYPVNDAMTITPGIFIEETAGDDLTGVAVKTSFSF,<ps2>,LALIIPSNYHKISDVEKNHISWIEPDLAERQDIRPLRIGILNIMPLGKQYEFNLLHPLGLSPLQIEPVWIKLKTHSYKTWDLNHLNNLYTTWEEANDPEPLDGVIITGAPVEHLAFEEVKYWDEFVNITNEARNSCASTLGLCWAGFALAYLAGVNKTVFDKKLFGVFPLKSLAPGHPLMGTQDDEFICPQSRFAGLPDLEMEEAQKEGKLNLLAYGKDVGYTIFETKDQKQLMHLGHPEYTVHRIISEINRDKEKGDVPPPENFDINSSNTSWRSHRNLLFQQWLWFCYQQVSLS,<
<ps1>,VRIFMKLFKSLLVAPATIGLLAPFSTFAGEANLNDISKYSNLEHLDLANAFVNDEPKNNSLLAGGEGLVDSGSSDGGFSQTTTASFSVDAVLGAIDGNASATTGQGEETGFDFQFNIGLSTSFTGEDSLDIAIDNGSATASPIGAKMGFDTGTSLVVDGVTYSFPVGGATMVVGDATDVSATYTGACTYSAFTDTTLDDCGTGNSIGAGGKGVAASLGYAFDSGFSIAGGISSPTTEIVGDDADLYGLNVAYSTDSYGVAVGYAIDDGGTGAETTTWGLNGFYTFDLASLSVGYETSETGGTDSSGYFVGLSFSEVGPGSVNVGAATTGLFADSVTEYLIYEASYSYPVNDAMTITPGIFIEETAGDDLTGVAVKTSFSF,<ps2>,MHSKINYFLGIFLSIVILIFNEPSFAINNPNLLPEEKTPVIDLAKTLSPNQKKSLEENLNNLEKESGWKIKYLSQFESVPGIAIKDYWDLDETSLLVIADPRGGNLLNFNVGEAYFAFMPRLFWVELQTRFGNQYYVKDHGEDGAVLDAINSVKICLDRGGCQVVPGLPKEQYIWTLCTSILGGLVAGFAAAPRKEGQIISIGFLALLSPLWGMLFGIFGLAPIISRTSEVLPLFKNGLAFAAAAIAGYLLSQTVFSRYEKPKKS,<
<ps1>,VRIFMKLFKSLLVAPATIGLLAPFSTFAGEANLNDISKYSNLEHLDLANAFVNDEPKNNSLLAGGEGLVDSGSSDGGFSQTTTASFSVDAVLGAIDGNASATTGQGEETGFDFQFNIGLSTSFTGEDSLDIAIDNGSATASPIGAKMGFDTGTSLVVDGVTYSFPVGGATMVVGDATDVSATYTGACTYSAFTDTTLDDCGTGNSIGAGGKGVAASLGYAFDSGFSIAGGISSPTTEIVGDDADLYGLNVAYSTDSYGVAVGYAIDDGGTGAETTTWGLNGFYTFDLASLSVGYETSETGGTDSSGYFVGLSFSEVGPGSVNVGAATTGLFADSVTEYLIYEASYSYPVNDAMTITPGIFIEETAGDDLTGVAVKTSFSF,<ps2>,LTNYTHYTTVVVHLYYLLMTLGGANVWSNFSYGSRVDSPNGWILNPQGSFLILFENCKKSARNNINVYTHLLFTNHLGEPAGLKNTRLHDLDSAFETWNELIAGGWTEVTNQFQESA,<
<ps1>,VRIFMKLFKSLLVAPATIGLLAPFSTFAGEANLNDISKYSNLEHLDLANAFVNDEPKNNSLLAGGEGLVDSGSSDGGFSQTTTASFSVDAVLGAIDGNASATTGQGEETGFDFQFNIGLSTSFTGEDSLDIAIDNGSATASPIGAKMGFDTGTSLVVDGVTYSFPVGGATMVVGDATDVSATYTGACTYSAFTDTTLDDCGTGNSIGAGGKGVAASLGYAFDSGFSIAGGISSPTTEIVGDDADLYGLNVAYSTDSYGVAVGYAIDDGGTGAETTTWGLNGFYTFDLASLSVGYETSETGGTDSSGYFVGLSFSEVGPGSVNVGAATTGLFADSVTEYLIYEASYSYPVNDAMTITPGIFIEETAGDDLTGVAVKTSFSF,<ps2>,LKEDSSYLIKYTSSGLYCELADTWIDPIKPVKRALITHAHMDHFTFGCDEYISTYETAVIIKERIGKEINIKTYDYEKEFKINGIKISFHPSGHILGSSQIKFSLAEEIWLITGDFKRQKDETCKEYEIVKTDYLISESTFGLPIFKWDEPQKTASDITKWVNSSQEKTSILFCYSLGKAQRLLNEISKTNFINNIYTHSSIYRMNNCYKKLGIDIIETTKLEQTKNNSDLKGSLIILPPALNKSSSLKNFKDIQTGFASGWMSIRALRKRSGYDKGFSISDHADWIAILKTIKESKAKNVFFHHGESEALNKYLKEKNSINVLEFEFKK,<
<ps1>,VRIFMKLFKSLLVAPATIGLLAPFSTFAGEANLNDISKYSNLEHLDLANAFVNDEPKNNSLLAGGEGLVDSGSSDGGFSQTTTASFSVDAVLGAIDGNASATTGQGEETGFDFQFNIGLSTSFTGEDSLDIAIDNGSATASPIGAKMGFDTGTSLVVDGVTYSFPVGGATMVVGDATDVSATYTGACTYSAFTDTTLDDCGTGNSIGAGGKGVAASLGYAFDSGFSIAGGISSPTTEIVGDDADLYGLNVAYSTDSYGVAVGYAIDDGGTGAETTTWGLNGFYTFDLASLSVGYETSETGGTDSSGYFVGLSFSEVGPGSVNVGAATTGLFADSVTEYLIYEASYSYPVNDAMTITPGIFIEETAGDDLTGVAVKTSFSF,<ps2>,MNFKNHHQKKRFGQHWLVNNLILEKIKEVAELEEKDFILEIGPGRGALTSKLLDSKISRLHAIELDEDLIDLLNNKFRNDKNFSLQQGDILSTNLDSINKKITKVIANIPYNITGPILDIFVGRLGIISKNNYNKIIFLMQKDVVDRILAKDGNTNAGAMSVRMQLISNIRRICDVPPSSFDPPPKVFSTLVVFEPLRPEMRLDIKLEKYLDKLLRISFNSRRKMIRNTLNSILSAEEIEKLSESSQICFNSRPQDISINKWIKLAEACIKITNKNQ,<
<ps1>,VRIFMKLFKSLLVAPATIGLLAPFSTFAGEANLNDISKYSNLEHLDLANAFVNDEPKNNSLLAGGEGLVDSGSSDGGFSQTTTASFSVDAVLGAIDGNASATTGQGEETGFDFQFNIGLSTSFTGEDSLDIAIDNGSATASPIGAKMGFDTGTSLVVDGVTYSFPVGGATMVVGDATDVSATYTGACTYSAFTDTTLDDCGTGNSIGAGGKGVAASLGYAFDSGFSIAGGISSPTTEIVGDDADLYGLNVAYSTDSYGVAVGYAIDDGGTGAETTTWGLNGFYTFDLASLSVGYETSETGGTDSSGYFVGLSFSEVGPGSVNVGAATTGLFADSVTEYLIYEASYSYPVNDAMTITPGIFIEETAGDDLTGVAVKTSFSF,<ps2>,LSRLLISFIFFAIVFLSPLSTFASHTSDPTVSLLQSRISKNFSKKFCNAIQNGLSKDEAMTSAIVKTENIVSFSYNPQKKWIEKEDLANQISIKVINDCGWSFGLIGKEGIDYFNSYFLEIYDKTTPDKKLSS,<
<ps1>,VRIFMKLFKSLLVAPATIGLLAPFSTFAGEANLNDISKYSNLEHLDLANAFVNDEPKNNSLLAGGEGLVDSGSSDGGFSQTTTASFSVDAVLGAIDGNASATTGQGEETGFDFQFNIGLSTSFTGEDSLDIAIDNGSATASPIGAKMGFDTGTSLVVDGVTYSFPVGGATMVVGDATDVSATYTGACTYSAFTDTTLDDCGTGNSIGAGGKGVAASLGYAFDSGFSIAGGISSPTTEIVGDDADLYGLNVAYSTDSYGVAVGYAIDDGGTGAETTTWGLNGFYTFDLASLSVGYETSETGGTDSSGYFVGLSFSEVGPGSVNVGAATTGLFADSVTEYLIYEASYSYPVNDAMTITPGIFIEETAGDDLTGVAVKTSFSF,<ps2>,VNKKKLYLANPYGFSKQTKNLLPEFIKIFQNLNVEVYEPFERTKHLITNKNNWAYDLAKANFNDLKSCDCIFAIVNGNPPDEGVMVELGISIALNKEIFLFRDDFRNCSDSDQYPLNLMLFVGLSKESWSKNYFESIEDILNPKKSFLNWAKRI,<
<ps1>,VRIFMKLFKSLLVAPATIGLLAPFSTFAGEANLNDISKYSNLEHLDLANAFVNDEPKNNSLLAGGEGLVDSGSSDGGFSQTTTASFSVDAVLGAIDGNASATTGQGEETGFDFQFNIGLSTSFTGEDSLDIAIDNGSATASPIGAKMGFDTGTSLVVDGVTYSFPVGGATMVVGDATDVSATYTGACTYSAFTDTTLDDCGTGNSIGAGGKGVAASLGYAFDSGFSIAGGISSPTTEIVGDDADLYGLNVAYSTDSYGVAVGYAIDDGGTGAETTTWGLNGFYTFDLASLSVGYETSETGGTDSSGYFVGLSFSEVGPGSVNVGAATTGLFADSVTEYLIYEASYSYPVNDAMTITPGIFIEETAGDDLTGVAVKTSFSF,<ps2>,VRIFMKLFKSLLVAPATIGLLAPFSTFAGEANLNDISKYSNLEHLDLANAFVNDEPKNNSLLAGGEGLVDSGSSDGGFSQTTTASFSVDAVLGAIDGNASATTGQGEETGFDFQFNIGLSTSFTGEDSLDIAIDNGSATASPIGAKMGFDTGTSLVVDGVTYSFPVGGATMVVGDATDVSATYTGACTYSAFTDTTLDDCGTGNSIGAGGKGVAASLGYAFDSGFSIAGGISSPTTEIVGDDADLYGLNVAYSTDSYGVAVGYAIDDGGTGAETTTWGLNGFYTFDLASLSVGYETSETGGTDSSGYFVGLSFSEVGPGSVNVGAATTGLFADSVTEYLIYEASYSYPVNDAMTITPGIFIEETAGDDLTGVAVKTSFSF,<
<ps1>,MANSQVTTESGGRQNMFPSETRPYIDESVSYDSYPKNAEKVNGRWAMIGFVALLGAYVTTGQIIPGIF,<ps2>,VRIFMKLFKSLLVAPATIGLLAPFSTFAGEANLNDISKYSNLEHLDLANAFVNDEPKNNSLLAGGEGLVDSGSSDGGFSQTTTASFSVDAVLGAIDGNASATTGQGEETGFDFQFNIGLSTSFTGEDSLDIAIDNGSATASPIGAKMGFDTGTSLVVDGVTYSFPVGGATMVVGDATDVSATYTGACTYSAFTDTTLDDCGTGNSIGAGGKGVAASLGYAFDSGFSIAGGISSPTTEIVGDDADLYGLNVAYSTDSYGVAVGYAIDDGGTGAETTTWGLNGFYTFDLASLSVGYETSETGGTDSSGYFVGLSFSEVGPGSVNVGAATTGLFADSVTEYLIYEASYSYPVNDAMTITPGIFIEETAGDDLTGVAVKTSFSF,<
<ps1>,MLNLIKKNLNIKSGIALIVLATIFVFLSNSFKKNKSKDISNFVVSVEKGILSESINTSGEVKATRTSNIGPRKQGILEEIKVEEGDLVEKGQILATLDDEDFIYKLEELELNLKKQKSEYLRREFLFKEGAVSKEDYESYKNKYNTSEAKFSDAKAEKDFYSIRAPYPGKITAKYAEIGSYVTPSSNLSSNSKAKNFIFELSEGLEIIAKVPESDIGRIKTGQEASVRIEAYPSNKYRAIVKKIAERAVKDNNVTSFEVTLKFKEISEEIKIGMTADLEFKVKSSEEKILVPTVSIVTEKGEKGVLKVDKNNTPKFEKIEIGISSGNKTSIIEGLRPGEQIFIDIPPWANKRK,<ps2>,VRIFMKLFKSLLVAPATIGLLAPFSTFAGEANLNDISKYSNLEHLDLANAFVNDEPKNNSLLAGGEGLVDSGSSDGGFSQTTTASFSVDAVLGAIDGNASATTGQGEETGFDFQFNIGLSTSFTGEDSLDIAIDNGSATASPIGAKMGFDTGTSLVVDGVTYSFPVGGATMVVGDATDVSATYTGACTYSAFTDTTLDDCGTGNSIGAGGKGVAASLGYAFDSGFSIAGGISSPTTEIVGDDADLYGLNVAYSTDSYGVAVGYAIDDGGTGAETTTWGLNGFYTFDLASLSVGYETSETGGTDSSGYFVGLSFSEVGPGSVNVGAATTGLFADSVTEYLIYEASYSYPVNDAMTITPGIFIEETAGDDLTGVAVKTSFSF,<
