<ps1>,LSKRNPIILIHGLWNTADIFSSITSKLDEIGIEYFSPTLKHEYGMTSIVELTNLLNYLILEKYGYEKELDILGFSMGGIIGRYWIKKLNGYKRTRRFITIGSPHNGTLSSQLIPKYPFKGISEMKINSPLLRELSRSDYLLSGIDCISFFTYWDLMVFPGWRACLNSGEKISLKIYKHKNLVRNPDAVDKIIEKLLN,<ps2>,VRNSPFLPNRPLKVAVLGSSGAVGSELLKILEERDFPISELVLLSSQRSEGKIVKWKGEEIITKKASKEEFLNVDLVLASAGGSISKQWLSTVKDQNAVLIDNSSAFRLENDVPLVVPEVNACEALKHNGVIANPNCTTILLTLVLAPLNKISPIKRVIVSTYQSVSGAGQLAMEELQFLTKKYLQGDPKESEVLPYSLAFNLFLHNSPMLSNNYCEEEMKMTNETRKILNITDLKLSSTCVRVPVLRAHSESVNVEFDDVIKPSYAINQLKKAKGLEIIEDYEKNRFPMPNDVMGRDNIAVGRIRTDISNSNGLELWLCGDQIRKGAALNAVQIAELLIAKK,<
<ps1>,LTNYTHYTTVVVHLYYLLMTLGGANVWSNFSYGSRVDSPNGWILNPQGSFLILFENCKKSARNNINVYTHLLFTNHLGEPAGLKNTRLHDLDSAFETWNELIAGGWTEVTNQFQESA,<ps2>,MLRKLIHPILILPFCLYINSQEALLSKANNSIEEILHENENQIFLNYSDIDNITLKNNRELKALESLVNSTMFTLSSKIAKRYPSLDLQASGLPKYTSGKNYNSSSSTTKTSQFSANPSLNIKLDLIDPLRGSEIKIARNNYAIAKNNYEIKKKDLIKEAKSRYHKLQKSYQDIKNKTLSLDLSITSLKDAQSKFDAGIGTKFEVLEAEAQLSRDMQSLNEKKIQNQINKIELKEILNINGDFEINQKQKLIGFWNHKLNKNITEGLANSLSLKNINLKKSIKENQAKNYLNVYKPNVYISNNFTSSFSKGDSLSVKIDPEKSGSSYTNTVSLNFSWNIFDGGQNKNLYKSSKADVKSEDYSYKNIENVLKTNISKAYLNLKLNEEKILSSLKEISSTEESLRLARLRYDIGISTLKDVLVRQKELSNANSKKIDSIYNYNLNLDELVRLTFLEISNICNEENNLIKNEIQSICNI,<
<ps1>,MNQFFSRRSFILIPIMSILKFILQPKKVLAAFAASDDDWNLSKEDWKNKLSPESYYILREEGTERAFSSQLNNEKRKGIFYCAGCNQPLFTSDTKFDSGTGWPSFWDPIQGSVETKVDFKLIVPRTEYHCSRCGGHQGHVFNDGPLPTGKRYCNNGLALKFIAE,<ps2>,MTNTKVSNNNPDKESIINKSITKAKDNEIIKNKTIQNKKVNSVSKEPNKSVDDISNELFSELISKKISLVQEIKDLETKKNELEKDIESNFKGQSDNIAKRVKGFQEYLTGSLQNLSQNVEKLELVSQPIVVKPSPLDEKKEASNKNELLTVPALSETFKPDEQLIRSCFSNFIEQPDFYSEPWKLRRSLDSSDIEVMDDWFFNMGGRGSLESRGSRQKNALLSAGFIAILGELYGDQFQTLILASQPERLGEWRRVLQDSLGLTRDDFGPNSGIVLFERPEGVIERADRLEANEELPFIIVDAAETSVEIPILQFPLWLAFAGSNDEIYDDLELN,<
<ps1>,MVKEDPVRLELSITPSYGKNPVIVGIVESLDLVARRDREGRMPRDLQGTWDWTVRHGKVSTGGWNPMLKEALQTMFETGLPSIIYEELTGDEYKPVDGIRHVR,<ps2>,MSEYRDSSSNNFLSLISGAFIGAAGLAWWLISEADKRKEEKKQKAMMYSSRIQDGSEAIDTNENIKDVEGDKLEQKVEELNSAIADVRRQLEELGQ,<
<ps1>,MSLTQSKEVNSLSRRYSTYIERRITRTVMVGDIAIGSDYPVRVQSMINEDTMDVDNSYLAIKRLHEVGCEIVRLTVPSLAHAKAVGDIKEKLIKNNIDTPLVADVHHNGMKIAMEVAKHVDKVRINPGLFVFEKSDPTRTEYTDTEFETIKKTILKRFTPLVEVLKSENKALRIGVNHGSLSERMLFTYGDTPLGMTESAMEFVKICDELDFHNIIISMKASRAPVMLAAYRMIADRLDAEGYNYPLHLGVTEAGDGDYGRIKSTAGIGTLLAEGLGDTIRVSLTEAPEKEIPVCYSILQSLGLRKTMVEYISCPSCGRTLFNLEEVVDKVRKATSHLTGLDIAIMGCIVNGPGEMADADYGYVGKGKGTIALYRRKEEIKRVPEDEGVDALIRLIKDDGKWIDP,<ps2>,MSKVELISLTPEAEKTMAYIARVSNPSNQANDKFAGLLRYCIKHEHWSVFEQSCMTLKIETNRGIAAQILRHRSFTFQEFSQRYAETSLLGNEIPIPNLRRQDQKNRQNSIDDIPDELKIKFSEKISKHFQEANKLYEEMLNEGIAKECARFIMPLATPTRIYMTGSCRSWIHYIQLRSKEGTQKEHMEIAEDCKKVFIKYFPSVSEALNWE,<
<ps1>,MKKLFLLSLLISLISPIKTSAGFPEGEKGYDLKKIEDSFKLPCDEIGNDECIARAFGVGACTWVFGIKNGKDSKEALRIADGVLIALLKGNNLDINSIFEKDGSIKETIQKESVYRINFCKDATKLAIPKLIKKLPEGVELDDERIENLADVFPLQYLTMFEQMRKRN,<ps2>,MKAAILVNQKKKLIVDELDLPTSLKVGQVLVKLEYSGICGTQIGEIDGVKGEDKFLPHLLGHEGSGIVEKVGPGVKTVREGDSVVLHWRQGNGIQSEPPKYNWNGKTVNAGWVTTFNTKAIISENRCTKIPANISKEDAALFGCAVTTGFGVIENNAKLKMGESIVVFGAGGIGLNIIQAARLTSAWPIIAVDLFDNRLDLAKKLGATHSVNSSNKSYLDEIENILKDRELDVFIDNTGNTSIIEMGYNLISDQGRLILVGVPKTGENINIFSLPLHFGKKITGSFGGECNPAKDIPRFIKMMQNGLWDLKGLITESYDLENINEAIFSMRTGKTSGRVIIKL,<
<ps1>,MNNVVQNKSKIFYQLQKLRRLAQPFFLPIDQCNGFQFIWLLISLLFCVGGIVLVALTGIISFFESIQPIFLDKYFGGVVNTVNTIWSGWWGLLFSGLFLIGSGSFFSLRRQLKNRRWVHWLFLAVIVLMLLAVNGINAGIGFIARDLTNALVEKQQDGFYRILGIYACCFAVALPIRVSQIFFTYKLGIIWRDWLSKSLVKDYMTNKAYYQLNPNDEEQTDVDNPDQRITDDTRAFTGQSLSFTLGVFDALLTFSLNILILWSISTTLTFSLFGYAAFATAILLIAGKNLVKIDFDQLRYEADFRYGLVHIRDNAESIAFYSGEKPEKSETERRLGEVVRNFNLLIIWRVIIDVMRRSINYAGNFFPYLIMAIPYFRGDIDYGRFIQASFAFGMVEGSLFFIVNQIEELAKFTAGIGRLEGFQSKVESISQTKPIDNQNIISDYSSILINNADLFPPGSDKAIIKNLNLSIETNQSLLVVGPSGCGKTSLLRMISGLWEPNQGSIKKPKTGDLLFIPQKPYMLLGSLREQLCYPTEVDKFSDDHLISVLNEVNLNSIVDRYPNLDVKQDWPRILSLGEQQRLAFARLLLNSPRFAVLDEATSALDIKTEKRLYNLLRDRELSLISVGHRPSLKDFHENILELNGQGGWKLFTTDKYNFKN,<ps2>,MNRWVLLEHKILSSKFIDIHYDFLVEDQLDCLTWKFHEIPSLNKGVIKIVKQPNHRLVWLSRVEYQLSKNRGLVKRIDHGIFSNIPHNQDSQKLKIILNGKLLNGLFIIDGNFCQLTKNN,<
<ps1>,MKYLILGSGSFAGQLIFSEYLERNYDVYGFNRSRVKDHYQWPWIKKYKNDLGNRWFEYNLTNDVEEMISHINRLKPNFIIDFMGQGMVAPSWLKPEVWYTTNIAIKSRLMNALIDSSFLQKYIRIGTPEVFGSNENFLKEDECFNPSTPYAVSHAAIDFNLRCLYKQYNFPYLIGRFANFYGVGQQLYRIIPRLFLSCRSERNFILDGKGESRRSFIFSKDIVSAIDSMIKFDGIGQEFNFSSNEEISIMSLVNKICNLTNVDKSRILKFGPERPGKDRYYRLDIKKSKNVLNWEPEVSLDEGLNIINIWISENIENLSNKSWTYEYKD,<ps2>,LSLIFINLLTSIPEYISKAVETNSTIAYLTICLAMFLENIIPPIPSEIIMPLGGFFVYQQKLNFYILVFWGVFGTILGSMPWYYLGKLVNEKRLSNFLDKRGKYIGITSNDLIKSRRWFDKYGVSLVFWGRLVPGIRTLISVPAGMELMPLRKFLIWTSLGSLIWVTLLTYAGFVFGENYPIIETYLNQIKFIVKPILILIFVYFLIKFFIRLYKKKIT,<
<ps1>,MGENLPLLLSAALGKKVNRPPVWMMRQAGRYMKIYRDLRERYPSFRERSENPELSYEISMQPFLAFKPDGVILFSDILTPLPGMGINFEIIESKGPIIEDPIRNIRQVEKLKELIPNESLSFVGEVLSSLKKDVKNEATVLGFVGAPWTLAAYVVEGKSSKNYSLIKSMAFKEPDLLHKLLDHFAKSIGEYLKYQIKSGAQVVQIFDSWAGQLSPQDYDIFAGPYQKKVVDIVKEEFPDTPIILYISGSAGVLERMAKTGVDIISLDWTVDIEEACKRIPTGIGIQGNVDPGILFGNKDSIKERIDNTFNKVKERKYILNLGHGILPGTPEENAKTFFEHGKKLTY,<ps2>,MRGSIKRSNESYQDSYSPNGIIGEKDACGVGFIANIDGKESNWILKQSLKGLNCMEHRGGCGGDSDSGDGAGILCSIPWEFLDRELNLNTESYEKRGLGMIFMPNNELKVKESKLICDEEAKELNFKQSFWRNVPIKNETLGILAKANAPFINQWIVCLEKDDSRDIEMLLFQLRKRIEKRIRDNTKNAIGECEFYFASLSSKTVVYKGMVRSEVLSEFYEDLKKEDFKVSFSVYHRRFSTNTLPKWPLAQPMRFLGHNGEINTLLGNINWAKASEIHIDDYWGELSRDIKPIVDKNKSDSSNLDATLEINIRSGKPITDSLLKLVPEAFRDQPELESREDIKAFYEYSATLQEAWDGPALLVFADGNYVGATLDRNGLRPARYSITNDGFVIMGSETGVVDIEENRVIEKGRLGPGQMLAVDLSQNKILRNWEVKAEAAKRKNYKKLIQKRTIKLKNNEWSNTCNLKDFELLQQQTAFGFSSEDNDLILDSMASLSKEPTYCMGDDIPLAVLSSKPHILYDYFKQRFAQVTNPPIDPLREKLVMSLEMHLGERCSPFEFNGIKPFIHLKSPIINEKELISLKESEIKSKTISSLFDIEERIKGFEAKLDDICKVSEKAIKEGCSLIIISDKGVSSKQSFIPPLLAVGAIHHYLLKKEIRLKASLIIETGQCWSTHHLACLIGYGVSAVCPWLTLESGRHWLQHPKTQKLIATKKINPLSIDDVQENIKKALEDGLRKILSKIGISLLSSYHGAQIFEAVGLGSDLIKIAFDGTTSRIAGITLKELANESLLIHTKAFPEIDLKKLEFLGFVQFRNNGEYHSNNPEMSKVLHSALKQGPGYDHFETYKTLIRNRPVTSLRDLLSINSTRKSIPIDEVESVESICKRFCTGGMSLGALSREAHEVLAVAMNRIGGKSNSGEGGEDPARFNVLNDIDENTQSAILPSIKGLENGDTACSAIKQIASGRFGVTPEYLRSGKQLEIKMAQGAKPGEGGQLPGPKVDSYIAKLRNSKPGVALISPPPHHDIYSIEDLAQLIHDLHQVHPRAKVSVKLVSEIGIGTIAAGVSKANADVIQISGHDGGTGASPLSSIKHAGLPWELGVAEVHKSLMENNLRGRVLLRTDGGLKTGWDVVIAAILGAEEFGFGSVAMIAEGCIMARVCHTNKCPVGVATQKEELRKRFKGLPENVVNFFLYIAEEIRQIMSSIGVSNMEELIGNQEFLTARDIKLPKTANIDLSSLIKKGTQYKDRSWLKHSKTAHTNGYVLEDQFLSDNEFMNSIKNHGKVIKEIEIKNTDRSVCAKISGEIAGLYGNNGFNGELNLNFKGYAGQSFGAFLLKGMHIQLIGEANDYVCKGMNGGVLTIVPPQVDEKSSEQVILGNTCLYGATGGKLFALGKSGERFAVRNSGATAVTEGSGDHCCEYMTGGKIVILGSTGRNIGAGMTGGIAYILDENNDLENKVNKEIVSIHKITSLKQEEILLGILGEYLEKTKSLKASKIINNWSNFKGIFKIVVPPSEEETLGI,<
<ps1>,MIEKKGDNIRSENFYPDSNYYLDQDNTPEETTLPEDQIFNTKKFEWPNSYWFIAERTNGRLAMIGFMAVIINYTLFGWIAYPIL,<ps2>,VHKNKILVPLSNNSYEVIIKQGLINNIGEELIRIGINSNRKILIVSNKEISTLFGRKLLNNLKKNNFNAEIFNIKAGESHKNFASLSEIFNAAFEVGLDRNSLLIALGGGIVGDVTGFAAATWLRGIEYIQIPTTLLSMVDSSVGGKTAVNHPKGKNLIGAFYQPKAVFIDPETLITLPTREFKAGMAEVIKYGVIKDKSLFEYLENEKNRDKILNLENESLIKIINKSIKTKACIVSEDEKENGIRAILNYGHSFGHVIENLCGYGEYLHGEAISIGMKIAGDIATEKNLWSKEHSLRQDHLIESYGLPIQTPKIKKNDVMKILMGDKKVRNGKMRFILPIELGEVDIFNDINESQFLKYFN,<
<ps1>,MLKNDLWINQKASKGMINPFQSNLVRHLDPNNKKNAVLSYGCSSYGYDLRLSSKEFLIFKHVPGTVMNPKKFNPDNLEKTILHEDKDGEFFILPAHSYGLGVALEKMKVPENITVICIGKSTYARLGIIVNTTPAEAGWEGHLTLEFSNSSGADCRIYANEGICQLLFFEGDPCSTTYEDRKGKYQNQPEKVTLAKI,<ps2>,MKKTKVICIGEALIDRIKNKSNQEFTDFLGGAPANVACALRKLQIDSVFIGRIGSDEFGKKFINQFKELEVNINFLQLDDCLPTRIVKVNRDNSGDRYFSGFDTSLNTFFADEAFDKNEIKKDLKSLENLFSKTKYLVCGTIILSSSISADTINFLLSLANKFDVKIIIDLNWREVFWDFATSSSETNKKERVDLIRNLLNKAHILKLAKEEAILFFENKNPLEISERLLNRPDVIITDGANPICWLINGVQGTTEVSKSLKIIDTTGAGDAFLAGLISQLLSFDYPSNESEIQNCVKFASICGLLTCLGEGAIEQQPDYSKVNKFFGSQIL,<
<ps1>,MVSVPFSNNGSNKNFKKDFNNENAGLVPPQNIQAEEAVLGGILLDPDAIGRIADLIKPEAFYINAHQEIYKTALMLHTQGKPTDLTSMSAWLADNGSLEKIGGNSKLVELVENVSSTASIEQVANLISDKFIRRQLIRSGNEVVQLGFDQTQETNEVLDKAEQKIFEISQEKPTKGLTQAAEILTSTFNEIESRSLGTSVAGIPVNFYDLDAMTQGFQRSDLIIVAGRPSMGKTSMVLNLAKNVAQSQDLPVCVFSLEMSKEQLTYRLLSMEVGIESGRLRTGRLQQEEWPLLGEGINSLGQLPIFIDDKPNLSVLEMRSLCRRLIAEQKKELGLIVIDYLQLMEGTTPDNRVQELSRITRGLKSMARELKVPVVALSQLSRGVESRTNKRPMLSDLRESGSIEQDADLVLMIYRDEYYNPETEDRGITEIIVTKHRNGPVGTVKLLFEPQFTRFRNLAN,<ps2>,VELMGQFFSNVARYPKYLISIIAGGLVALLEPLFKNRSNPLTLVGLISSVISAFITFYFVLKAMTNPINL,<
<ps1>,MSFSKLVEIKNNFKFDANNSCKNLYKGACVKIKNSQKTFQVVGINPQSKVCWIREWPFALEVNKTFSLELNQITLQTYCSDTFNEK,<ps2>,MAENFSFDVVSDFDRQELVNALDQVKREISQRYDLKGTDTSLDLEKDNIFITTNSELTLNSVIDIIRQKAIKRKLSIKIFDFNSIEVVSGNKVKQTITLKKGLNQEIAKKISKNIRDEIKKINVSINGETLRVMSKSKNDLQLAIKLLENLEETYKIPLQTNNYR,<
<ps1>,MNKRHSLQRKTTLKWNSNGDLSEIDMLRILDRISAYELNQCELTCDLDE,<ps2>,MASQDYLIAIALIEQNNIRAMPLGGKEIKEKLEEEGNLIKLGEEVILNLLLRVFQRSDEGALKRVSEDKGLLLVHMHPKRMQKELPFIKSEWIRDGDTTQFLKYLGNLSKEIWTASLIKYKGLELVSIAKNEDI,<
<ps1>,MVEKFKTLFFVKSSLISLYLALTCPIPFISSEKLKIFSIITFFFGLLLIINITNDYVDTCDKKISYKTSFISKIFGKKNWEIFWKDIKLIKSLPTSQGSNIHYFISNKNESFLVPQRVENFERFVSIIEEKTKLNIDKLSYISPLWTYKLLTYMSILMIIGELIAFII,<ps2>,MSSNKICLNCGSSDLVSDRSLGGRMVCFKCGSSSFKNNSFSRIQNKKIIYLLIVLVILLIVVL,<
<ps1>,LTNSIKGRNSKEVTIQLKRAETQKNILIKNIYKEYETYFDIVRKSMLISAKKGIAGIYSDFSISDKALHSKELNIFLNKNISLLINSKLPFITIEQLKLGDISYPTKQLVNASVLKELVKRKEYQTVHIDHENEKTANESIEFHCDNNLNTYEYYESLSEDEISSVNLDESCYLNSFSKEISIENIEEGKRLVNAFLELIEETSDNKLIDYEKINDQAPDVFISSDNLNTFEFIDKSFSNFLLNLSYNINLELFKIELIKKIITEETFKCLSNNNSIIKHPYPFVIRYDLYPDNLYPRKNKSSDVYLFNITNVELELYNLDLSICRNNINDLKNRFKLLNKKQRYWKNKELASNSSK,<ps2>,MTDILVLILFVLSGAASGWLGVDLLPIDILKQVSNVEGFRIVLAIIGFFIGLAAGFVFLQLRKTFLDQIRTMPTDLLISRAVGLILGLLVANLLLAPILLIPFPREVFFAKPLAAILSNFFFGALGYKLADTHGRTLLRLFNPTNTDAYLVNEGIIPAASPKILDTSVIIDGRINGLLSCGLLEGQLIVAQSVIDELQTLADSSSNEKRGKGRRGLKLLKELRELYGRRLVINPTKYEGNGVDEKLLRITEDMAGTLITADYNLSQIAEVKELKVMNLSDLVIALRPEVQPGESLNIKIVREGKEKLQGIGYLDDGTMVVIDDAKKFVGERLDIVITGALQSPTGRMVFGKLINNPESNKSFKSPATQG,<
<ps1>,VHLDKSSSEIINKFKLSPHPEGGWFREIIRSKNHVTRNDGQKRNNITSIYYLLCKSERSKWHRVNSSDEIWIYLQGAPLNLYFLDDNKELRNIRLDLNNPIEMIPSGYWQAASSTGEFTLTSCCVGPGFDFNDFQMLRNIDPSLRPAKAIKELI,<ps2>,MFFWYRVLSLWPLRRRIINLERFRGLHDDYSKSSTSLNAIRELNDTCNVNLLCTPYVAYIPNSDYWRPNQARDLYKLHLKKSSKKLKIKFIDGSTVIDTKDIKNYAPLGPHLSKLGYQKFAELLSSHLSKKK,<
<ps1>,MSKVEIYTWRFCPFCIRAKSLLEKKNITFTEHKIDGDDNARELMMERANGKRTVPQIFIDDKSIGGCDELYELEKEDKLDLLLN,<ps2>,LTIYLGFLYLFFGIIFLLMPLIYIELGRPRDFIKGGLNLVIGMLLIYKQNIFNTLNYLIFSVITTLLTFYIVEIFSIRWNQLTNQEKNNLLTLEELKKNLSIFLKAISLARQDFLNSNNIFKFGRKNENLNKKKWVRNDENDNIVNSNKNNLLTLEMPKKATNKSTKDTINEGK,<
<ps1>,MKLSLLSAVLFLFTEISFAQEKLNYTVTSDSQIQSIKGNFEAIGNVIIKSTNNNFEASSNKLTYDKDAKTLKLVGNVFVKNLESEGLSIQKSYGDELTIFTDSGLFKFNSENKNRVKTKLKF,<ps2>,MKNLKSNKRKIHRKVAAISSIPLLITLISGTIYSFLQPLGVDAFWLIKWHTGNFGIINLQPFYSIFLGIASIISVISGIRLLQKNS,<
<ps1>,MVCVSNNKSYLKSQHLKIIGQKTLRGKVKISGAKNSALVLLAASLLTDEKIILDNVPLLTDIEKMGNILKNLGVKLHNKDHQLIIDSKNISIQELPYELVNGLRASFFCIGALLTRFGEASIPLPGGCNIGERPINEHINGLRALGAEIIIDRDVVKAKLVKKKTKLFGANIRLNCPSVGATETLIMAASLAEGRTVIENAAREPEIQDLCQMLNKMGAKIYDSGKEKIIIDGVHKLHGCTHKVIPDRIEAGTFLIAAAATSSSITVSPVIPNHLEAVLNKLEESGSKIIIKGNSISIKGNNIKAVDIKTAPFPGFPTDLQAPFMALMTIAKGRSKITETIFENRMNHVDLLNQMGSSITLKNNIAHINGVKKLRGMTLVGSDLRSSAALIIAALTSKSVSYVYGLEHLDRGYENFEQKLSKLGIEIKRQITKQTINKSKNRSSNSKLKEVSEIRAA,<ps2>,LELVDNINPGLVNNLLKMKSKIKQTFKLILFIFLTNTHFLQAHNLFNGGCKNHCKESVKPLIMNKELNNSSYKNQIEDDDSCLIKSLCRG,<
<ps1>,LIFIMIQFASFAIGGFVPSAAIAGVLVLIGLGAFFYLGLKGPTDY,<ps2>,MYSLEISLRYSPFPLSIQKKEYEDIKRIYDEIKDSMNSDNQNSPLIELSCEKVQDKLITVLAKEVISVQIYEKSAVAGGSKRPGFSLDI,<
<ps1>,MSGIKTKNNTQKLSFRLAPYLFIAVAIFTAFGTNGGTWV,<ps2>,MRNSWIQPRIGQKNITQMNFAKNGHITEEMNYVAKKENLPPSLIMEEVARGRLIIPANVNHVNLEPMAIGIASKCKVNANIGASPNASDINEEVEKLKLAVKYGADTVMDLSTGGVNLDEVRQAIIKESSVPIGTVPVYQALESAHGSIERLTEDDFLHIIEKHCQQGVDYQTIHAGLLIEHLPKVKGRITGIVSRGGGILAQWMLHHFKQNPLYTRFDDICEIFKKYDCTFSLGDSLRPGCLHDASDDAQLAELKTLGELTRRAWTHNVQVMVEGPGHVPMDQIEFNVRKQMEECSEAPFYVLGPLVTDISPGYDHISSAIGAAMAGWYGTAMLCYVTPKEHLGLPNAEDVREGLIAYKIAAHAADIARHRAGARDRDDELSHARYNFDWNKQFELSLDPERAKQYHDETLPEEIFKKAEFCSMCGPNHCPMNSKISDETLDELNNKLTKCDTSV,<
<ps1>,MKSPVLKNPNQDWHPNIWPPFTQIINSKPQLEVTHGKNALIYTKNPKQELIDGISSWWVTLHGHSNDYIADAIYHQAKTLEQVIFADFLHPQAQILSERLSGLTKLERLFFSDNGSTAVEVALKIAYQSWQNQGETRNQIIAFDGAYHGDTFGAMALGERNIFNENFDNLMFPVKRAPWPSTWINDEEVERKENNAIQILTKLLKKPTVAVILEPLVQGAGGMNMVRPEFIRRVSEVVKNNNSLLIADEVLTGFGRCGSLFAFQKANIIPDLISISKGLTGGFLPMGITLAKETIFQSFISDSPKKTFWHGHSFTANPLGCAAANASLDLLEKDPIKYLSFEEKHLSHLKKIKKLPFVKNIRVTGTIAAFDIEIGKNEGYLNNVGKRIKALSIKKGLFIRPLGNVIYLLPPLCITDRQLEKSYRIIFEILSDL,<ps2>,MKSLLNTHTKFEIMHIVLRNFKFLIFLFLLSLNLSGYSNAHMRGTFLSEEDARNRSLELGCEGIHKNQDKWMPCKNEKELHKFLNKKGSSRGNNLASSLAWIFILSSSFGILWLSIVKIKRK,<
<ps1>,MNNAKNLKIKQIDKKNISFKELSLIKNIIFWVDIIPGDQTQKNAIFARPFHDKNAIPQKLTGDNFYIKSNFHGYGGKSYQCIEVNDHIYLIWVDQLSKAMWLKIFKVQEKVLKNDNQYLLCDVEPRQLTESIKTNFDTSFVISKNNLLFGLCEIKHRDYLFSLNLKKTKQDIRIIKKFDNFAGNLSSNISADLFSWIEWNAGSMPWERNELFFAMIDNDGEIQNIKNFSNKFVNEEKNVSFFQPYWMSDTTLVCSEDSTGWWNLLFLDLTDIKNIILKKRIIKPLTEYGSPQWVSGISFFSGNIKNLFCVAKKDNSWVLEHYQNCECIKELKLPFCSIGDLDVCDQKLVIRGCSFGCFEELFECDFGEKSHTKLLNEISLESINEYSRPESFWFKGFNNQPTHSFIYKPLFERFIKSPLIVKAHSGPTACFDGSLNSEVQHWTSKGFTVAEVNYGGSSGFGREYRERLNYKWGILDSYDCKALVLDLIRLNLVDRTKVAILGNSAGGLTAINALCEGDLFKVAICKYPVLDLNDMHQHTHRFEKGYLNSLIGRYSKFHNEYKLRSPIYKINHLKKPVLLFHGKKDLVISCKKTLQIKEKLLKNNKNSEVIIFENEGHGFKNTNNKKQVLIKTQEFLEKTLNI,<ps2>,LSRILLLSNGHGEDLSGSLLAKYFVKKGDLVDALPIVGDGENYKKENIRIIGKTKKFRTGGIGYNSFSGRIFEIFGGQIIYFFKKLYLSYKLKNKYDFYLVIGDIVPVFFAWFAKKDFFTYLVAYSSHYEGKLKLPWPCKFFLISKYAKKIYARDFLTADDLSQQLRKKVSFLGNPFMDKFSFFENKPKIVPFNIGLFPGSRFPELLDNLKLILEVLETMSKLQYFENIAFKFAIVKALSMEEIRQILNQRKWIYIEKKGKNDGLEFTFGFITINLNWNLFEEILFESNFVISMAGTASEQAIGLAKPVIQIEGNGPQFTKSFAEAQRRLLGRYVFCSTNYINKKDQINQTINLILKVIYLIKLDKKFLVSCLDNANLRIGESNSCLKIINDIKGFHEK,<
<ps1>,MMIPISLQKNQNRHIIKSVRKFIDRFFKIKKNQNLNMTEQRKIEKFGVGNLYPDIHPPEFSFFKEKCIDVALGYDDGFTFTPKFGNFKETEDIFDYLKQYLEDKELEKLDIRFDTLKTCIYQINPETLELGELLECEGSDVEYFEWNKKTKSIDEVDSNSLSDEEEEYFH,<ps2>,MIKIFALTFSEIGIGKLEIFVIGIVSLLFPILFIIASRNLDAKGVFDWMMEKPNDWIGKK,<
<ps1>,VFDISKENFFKNLIKFPKKNIFMILLFLGFGEWFLSDLINFAGGSIGFFILCFGGYFYLKSEKPKFNEPKDLDGWIKLCNEDLDFFEEIELHNNLEKQNINRKKALELILNREKKEEIYCIGQKNFDSNATLFKNYFKEDKFKLNFMERLPKYNSSEIVPEVILNSDAILYFLKLPLSANDFLWLEKLPKNMPIWLVASFTKGLSFNNEIEEVKAQISGEYANRIIKFDKTKNSFANIPFSLRKFFISSNNNIENTKKRLLKRLHTNWQSEIEGIRRMQLNDLQRRNQIIVATSVFFSPIPSIDVLSMTVLNSLMIKEIKSIWGCNWSPEILDKVSKQIIKTAIAQGVIEWSGQTLIGLTKLHGPNWLVTGAFQAISAAYLTRVVSSSLADFMALTKGVSEPDLEFIKENSDKIVERAFENEKINWKSLIPELNIPLTRLT,<ps2>,MIKNTKKSQKNKILTLEDVSISYGTFEAVRNVFCNFKSGDITSLIGPSGCGKSTVLRALNRMNDLIPNCSLRGTVLFDGTNIYDKRVDPVEVRRRIGMVFQQPNPFPKSIYENIAFGARINGFVGDMDELVESSLRKAAVWSECKDKLNDSGYSLSGGQQQRLCIARTIAIEPEIILMDEPCSALDPISTLKIEETMHELKKNYTIIIVTHNMQQALRVSDMTAFFNAVEYEEGDGGKVGYLAEFDSTKKIFSSPKEKTTQEYISGKFG,<
<ps1>,MWIRFHEKNGSERLNFTAFYEALLEAKGVNLGDTGVAGIGKGGRKLSYIATVQGNGNLLIGKAYTALLDLKAGDEFEIKLGRKQIRLLPSE,<ps2>,MTISDKIRVYELSRDLKLENKDILDAAQKLSISVKSHSSSISLEDAKKIKNLINKNSSKKILSVSKSAIKAKNENPKNNDNKNNKNFSNPSHPEKLSKEGLNKKPLLIKPTNKVVNSLVSSNIKNPNPPTIVSNLKSQALSKNQNKTNTSVITTPNLKDKKNPSALQDKKPLKNSSGSPAKTTARPPIQLIEKPKNLANSNRNINANKINNSVNQKAQSLNRADNNKLSRADNNNFPKKNLNSPNVKSTPELVGAPIRREDPKINTNRPNSNSRQPSSNTQISANRPGGQNRQGVPNREGGPYRQGSPNRPGTPYRQGAPNRPGGQNRQGVPNREGGGPYRQGSPNRPGTPNRPGTPYRQGAPNRPGGQNRQGVPNREGGGPYRQGSPNRPGTPYRQGASGIRKPVAPNELMQLQKTNASNKEKPNISNVNKQKIEGANQKTKAPNSRLNTSPSPTAKKPARSFASNTKKPGRTDWDDSAKLEALRNKNPQKQRQKVHIIGENDDSLTSETSGYSGEKVSILSASLARPKKEKSEEIKSQKPSKQFKKKKKETTRQRQKRRAMELRAAKDAKQVRPEMIIIPEDNLTVQELADKLSLESSEIIKSLFFKGITATVTQSLDLATIETVAEEFGVPVLQDDVQEAAKKTVDMIETDDIESLIKRPPVITVMGHVDHGKTSLLDSIRESRVASGEAGGITQHIGAYQVEFEHESKKKKLTFLDTPGHEAFTAMRARGTKVTDVAVLVVAADDGCRPQTLEAISHARAAKVPIVVAINKIDKEGASPDRVKQELSEKDLIAEDWGGDVVMVPVSAIKKQNIDKLLEMILLVSEVEDLQANPERLAKGTVIEAHLDKAKGPVATLLVQNGTLKAGDVLAAGSVLGKIRAMVDEHGNRIKEAGPSCPVEALGFSEVPTAGDEFEVYRDEKSARAIVGDRATDARATKLAQQMASRRVSLSSLSTQANDGELKELNLILKADVQGSVEAILGSLEQLPKNEVQVRVLLSAPGEITETDIDLAAASGSVIIGFNTSLASGAKRAADANDVDIREYEVIYKLLEDIQSAMEGLLEPDLVEESLGQAEVRATFAVGKGAIAGCYIQSGKLQRNCSLRVLRSDKVIFEGNLDSLKRSKDDVKEVNTGFECGVGCDKFSTWSEGDIISAFKFVTKKRTLNK,<
<ps1>,MNKTITPSIETIERNWFLVDAKDKTLGRLSTEIAAVLRGKNKPTFTPHLDTGDFVIVVNAEKVEVTGKKASQKLYRRHSGRPGGMKVEKFESLQERIPERIIEQAVKGMLPHNSLGRQQFKKLKVYKGSDHPHAAQNPVLLNS,<ps2>,MKIILLVFFFIMFSFIFLKFYKYKKAFKKDKSIKFNKSNLYNWMNLTKKERFDLSKKESNSYLKKRKTLLEEIRKEYKIISKND,<
<ps1>,MTELNQKNSGKNIKWHNLTIDRNKLEKMRGHKGMVIWFTGLSGSGKSTLANAVNEVLHLDGFSTYVLDGDNIRHGLCKDLGFSDEDREENIRRIGEVANLFMNAGIITITAFVSPFISDRDKVRKIIGSKDFIEVHCAADIEVCESRDTKGLYKKARLGEIKEFTGISSPYEAPVNPEIVVDTGSLGLNDSVEKVINHLREQNLLERS,<ps2>,MESDNLFSNTYRIESNAPLADKLRPKNLDDFFGQESILGHDSLLRNAILNDKVGNIIFSGPPGVGKTTLIEIISSNTRSSLIKLNAVLSSIKELRTEIANAKERLRSSNRKTILFIDEVHRFTSVQQDALLPSIENGTITFIGATTENPFFAVNKALISRARIFSLLPLNKNDLKKIIDKVIKYYSCLKDSKVVEIKEEAINHLIKFSGGDARNLINALELGISITKENKENLVVIDLAIAEDSIQKKNIVYDKNGQNHFDVISAFIKSIRGSDPDATLYWLANMVEAGEDPNFIFRRLLISACEDIGLADPNAIVVVQSCCDAFDRVGFPEGLFFLSQASLYLAISPKSNSTKSIFKALEAIKATNVSLVPNHLKNNASNYLNPHNYQGKWLQQEYLPTDLQGIKFWKPKDSGWEKNKYEDLPKKQKS,<
<ps1>,MSASKREEVSSHLRYIRLELREMHQMLIRDDLLPDLSEAKEVHAQLDALYELLSDKRKKKVKNEFENF,<ps2>,MEAFHPPKEVKETIDDSGLPKEEGISEKWLREKIDSLIPLIQEKWPNIAQQTLETAKGSIDDLVGVIASHTGSSASGIKNQLFQIIDSIQENNWEIADKIEPIESQLEELLDELNSTLRPKIETPIRKKPILSIAIAAGIGLFIGSLINSRNK,<
<ps1>,LNYWIQNLAPDGSPDEIGVIQLAWLGDSVWELHQRLRHIHIPLKSRDLHLSVVNEVKAQAQSKALDEIEHLLNSFEINLIRRARNKTKRFPKSSDPAIYSRATGFEALVGWLFLKDPKRLSKFFEYLECK,<ps2>,VTQIDSKKKFDRLRLCKLLETIYKEHTTEELNLICNQLLQILDNFSEKSRYEEISEDKKWDESFAVLITYADGVYKKGETTLVTLRELLSKNFGSLSKVVHILPFLKSTSDGGFAVSSHTSLEEKFGSWEDLKSISNKHYLMADLVLNHVSSSHPWVQQFIKCQEPGLSNVFSPSQDLDWKNVIRPRSSSLFSQINTDDGQKQVWTTFGPDQIDLNWLNPKMTIEFLNLIITYLSNGIKWLRLDAVGFIWKEPGTTCLHLSKAHSIVKILRILLNDLLKDGVLITETNVPQKENLSYLLPEDEADMAYNFPLPPLLLEAIISSRADILNAWICDWPELPKTTTLFNFTASHDGVGLRALEGLMNEQRIKDLLINCEKRGGLVSHRRLSNGEDKPYELNISWWSAMEDPGRDSNRYQYERFLLTQLLVMSLKGVPAFYLPALLASENDIKSFSMTGQRRDLNREKFKSEKLAAVFNNPESNANKNLKYLRHAMDVRAKLPQFHPQSHMECLSKNRADIVALKRGIGSKAVFTIHNMTENKINYRFIDYEFNKLIKNDLNMQDYLTSNKYNSNNIELDPFQVIWLGF,<
<ps1>,MTSSKPKKSSRVRKTTKNSKKNHNTMMPLLPKTPPSFKNKVVDKKALKNLVSWAYKTHGTAVTAAMADNLKDLGFKYATQAAVSISVNDLKVPEAKQDLIGQAEAQITATEECYRLGEITEVERHTKVIDTWTETNERLVDAVKNNFNQNDPLNSVWMMANSGARGNMSQVRQLVGMRGLMANPQGEIIDLPIRTNFREGLTVTEYVISSYGARKGLVDTALRTADSGYLTRRLVDVAQDVIVREEDCGTERSIVINSEDGKFGSRLIGRLSAEDILDSEGNLIVPKNTAIDPSLSKTLETSLISKVNIRSPLTCEANRSVCRKCYGWALAHNHLVDLGEAVGIIAAQSIGEPGTQLTMRTFHTGGVSTAESGVVRSKIKGKVEFGSKAKIRGYRTPHGVEAKQAEVDFLLKIIPTGSITNKAQKIEVTSGSLLFVEDGQDIDSDITVAQITSGAVKKSVEKATKDVICDLAGEVRYDKVIQPKEVTDRQGNITLKAQRLGRLWVLAGDVYNLPPNAKPVVSTETKVEQGTVLAEASQSSEFGGEVRLRESVGDSREVQIVTTSMLLSNFKLIEESTHSGELFHLESNDGTIYRLNTSPGSKISSGEVIADLADERFRTKTGGLVKYAPGLSVKKARSSKNGFEVSQGGTLLWIPQETHEINKDISLLMTEDMEWIEAGTEVVKDIFSQTSGIVTVTQKNDILREITVRNGSFHECEDEEILSRFTEEGKLVNPGEKIIDGVDNDEILFVQKLETSKGKGLLLRTVEEYTIPNEAELPELSHVKQEKGPSLALKAIQRLSYKDGELIKSVEGVELLKTNLSIESFDATPQMTIDVETIQDKSDKSINRLNLVILESILVRRDTISDSSHGSTHTELQINNNQLVKAGDVIATTQILCKERGVLQLPDSVEGEPIRRLIVERNEDKIKINIKDKAVVKTGDRVVDGDLISKGVKSTSCGEIEEVSSEYVILRIGRPYMVSPDSVLHVKDGDLVLRGDGLALLVFERQKTGDIVQGLPRIEELLEARRPRDSSILCKKSGVVQIKEGTDEESVSLSVIERDDSISEYQLLMGQNIMVSDGQQVTGGELLTDGPINPHDLLDCLFTDLKDQKPLMEAAQESISKLQRKMVNEVQNVYKSQGVAISDKHIEVIVRQMTSKVRIEDAGDTTLLPGELIELRQVEDTNQAMSITGGAPAEFTPVLLGITKASLNTDSFISAASFQETTRVLTEAAIEGKSDWLRGLKENVIIGRLIPAGTGFSGFVEELASEAGPHPDILAEESGGYRRTQNLRPDYTVDMPQTPIVSSTAILDDPSDEDLETTRNRHGIDPTSSNFAAFARPNAENQFSEDQLPDPAALEGLQEEGLLSDG,<ps2>,MQNPAEKKSSILKDFKNLFIWIIIALIIRWQVIEPRWIPSGSMLPTLQIQDKILVEKLTPKITSKSNLSKLKNKIIVFNVPEQLIDAGYESDIALIKRVIGVPGDKVEVKEGNLYLNDIAQNNYISDKNINYSTGPYYVPEKSLWVMGDNRNNSMDSHIWGFLPYEKVIGKAIFRYWPLNNIGPIRFPSLNNLG,<
<ps1>,MEDWQEWEYFDYHGELRSKRTKICITCTHFRYSTTDQCVTILTCPFHQKLIPQGDHLVKGCTYWRKDSRIFAPEAA,<ps2>,VRFHIQQEIDIPASTQLYNQICFAIAARYYPPGHRLPSTRQLAMQTGLHRNTISKVYRQLETDGVVEAIAGSGIYVRDNLKKSFNSKNNLNTTPALETKKAVDKLIKLGCTLQETRNLLTNEIDWRIKCGSRIIVSTPREDIGASMLIAEDLSPNINVPVEVIPMEELEKVLCNSNNGTIVTSRYFLQPLEKLAKQYRVRAIAVDLSDFQKELKIIKELKPGSCVGIVSISPGLLRAAEIIIHSMRGSDIVIMTTISDNSNRLLALLKASNHIVCDGPSLSVIENTLLKNRSQLMRVPQIICAKNYLSIKTINHLKTEIGVIN,<
<ps1>,MKVIVIDDDPTGSQTVNNCLLLLKWDYSTLIKGFQSKSNLFFILANTRSLSENDAKLRLVEICNALKKVISKESYKEEFIFVSRGDSTLRGHNFLEPKIMNDCLGPFDATFHIPAFIEGKRKTIDGEHFVDNVPVSQTIFAKDKIFGYKTSNVKQLLFQKCKSQIKFNDIQNLKISELKVLESKEKNIVFNKIRNLKENSHVIVDIENYSQLQKFSLSIKKLSKQKKFLFRTAASFISSISAVKDNPKEPFFYSLIRRKNREKKFLPGFLVIGSYIELTTMQLKEFLEISDCIPIELDVFEFLKISKLKSNQDQLEVFKNKLLAQIRSILKQENTPVLFTSRKEVSLARNDEQVNFNNSLAHFISELVSDLKNEIGYLVSKGGITSNVILSNGFKANYVYLQGQIITGVSLVTFKLENDENLPIVTFPGNIGNQDSLVKVWRILENKNNSSN,<ps2>,MRILHTMLRVGDLDKSIDFYVNILGMNLIRRKDYPHGEFTLAFVGYGSEKDNAVIELTHNWSKKSEDYELGNKYGHIAIGVKDIYDICQGLEDNGCNVTTKPKTMKNSTTVLAFVEDPDGYKIELIERD,<
<ps1>,MANNFYQWWKNHRRVVTFGGFLILLGLYVSPVIKEAKYKNMCIKLSEKGALNKLNGDNIGETLLKDTGLSIEELAKIEGYRNCF,<ps2>,MNDLNIEFPLDDFEELISQIGWSSLDEWFIFWNLKKEMLSINNFWDDNVKDDWIWGLALPLLSQAYKLNKKSPDRKIIGISALPGTGKTTLGKWLESISLKLKFKLSVISIDDFYLPSEEMEFAIKNNPWNVSRGFPGSHSIDLMKEKLLKWKTDGQLNVPVFDKSLRKGLGDRAHWREESPDLLIIEGWFLGVKPLSIDLDNSEKFSPPLSVFESSYRNKIQNNLDQYLDIWNMIDQIWHLKPLKFEYLNEWKSNQEKSMHFKSGSSLKGDNLSNFLRMLNVSIPHKSFDDINSDVLLMINQERKLVRVGLNQQISK,<
<ps1>,MKLNQFLKWHNIVSSGGEAKILINSGQIKVNGEIEKKRGRKLVKGDKVMFLKSELIFE,<ps2>,MKPQLTLQTPLELPHQEISNYLNQLWISEDEESVGANTFTLMVWQPAWLEQCLVKSGLISGPITGTLSPEIIKVAKKLIIDKGLSHTTSIHSEELLTLLKENLLNKDYEDLRGQFFESSISTLNPRRLITLAPTLNKESEIKTFVSAYCPLSDNTITQPICGDLVVIRGDSNSINNKGLKIIDDLSIKDLPIWLWWNGSLDESQEIFNFFTDQGIRLIIDSANGSPKRCLKILYQSIKSNKAINDLNWVRLKSWRESLAMIFDPPSRRPILEHISDIDIDIAEGNFLQALLLISWISDKLEWVFSKINKHGDLIKIEFKRKNGENILTCINPVPLGNPSIHSGQVIGLRLISKISEVRKNNTCVILGCESVECMRLEAGGMADMQLIEQVVPNSFSSSESDVSKLLGSSRGNTSPLFENAIKVAVQIFNGFNK,<
<ps1>,MKDKQEKIRMFLPFSWVICAVISFAYINSHLINT,<ps2>,MEFNIQDKVKLKNPLSYLKTSDNMPMLRPPDLVAIDEVGEIIAIKSPDTVEIKFRRGSFLIDTDKIEKTQI,<
<ps1>,MKYLILGSGSFAGQLIFSEYLERNYDVYGFNRSRVKDHYQWPWIKKYKNDLGNRWFEYNLTNDVEEMISHINRLKPNFIIDFMGQGMVAPSWLKPEVWYTTNIAIKSRLMNALIDSSFLQKYIRIGTPEVFGSNENFLKEDECFNPSTPYAVSHAAIDFNLRCLYKQYNFPYLIGRFANFYGVGQQLYRIIPRLFLSCRSERNFILDGKGESRRSFIFSKDIVSAIDSMIKFDGIGQEFNFSSNEEISIMSLVNKICNLTNVDKSRILKFGPERPGKDRYYRLDIKKSKNVLNWEPEVSLDEGLNIINIWISENIENLSNKSWTYEYKD,<ps2>,VTQRHFFVTTSSSSAAEKTLKTKIWKRVFIVCMILLISGSFFYFNHEENNTYILKTLELNGSVKEGDTLFKMNCVGCHGITARGLVGPDLQSITMRLNDAEIIKQVIEGVTPPMPSFEIDPQNMSNLLTYLHSL,<
<ps1>,VENDEIKYKKDIPIEWLKMPSSAKEAEKLNIKKYFIGDKRFMRELEDRDEYNAA,<ps2>,VILKTIKISNKLCLIGIIVFCLFQNHSVSASREPLIRVLISKNRNLRIRSDKSIPLIIKGQKFSNKKIKGLTVKKENNTTSLFFDKNKQKIYDLKNKVKLVVKSSDGRGIWVGQKRYSGILNLLVLESEILVINILGIEKYLSSVVGSEMPAKWPLEALKAQAIASRTYALKQKGNQIYDIDSTQKNQVYNGLESRTYKTIRAVRSTRSLVLTYKNKLINALFHSSSGGMTENSQDVWKNEYPYLSSVRDFDRNNPKLQWKKKFSSGELQKLFPEIGGIKKIEILNITNTGRVKNVQIFGKYGSDQISGVDIRKRMNLKSTFMRFKFIEDKKYISDNDNSNNPIEKTLIVFGRGSGHGVGMSQWGARYMASKGQKADRILKHFYKGVGIKPFSKNYL,<
<ps1>,MSIETTVLDFKLSNTFEEYQAHMNAPEQQAMFKEMGVKTFYIGKSLEDPKRATVMFQGPVNTCYDIFVNPETKPIVEASGHIYEGTIINRWIS,<ps2>,MMFNKQKKLILNLKILKLLFFSPLLISIPFYLGNSDAKAGLEFQWDQDSGYRRLKWFQKENKKRFRNTIFFFLRPSDRQANLLKITLNIPKTFDSTLKDKVSFCKVKIGGFEGRTKCIEDIPADVDINEDNSSLDIYPYSPIPSNKDSYAIVFKKISNPKKSGLKQFHSYGQYAQKNTSSRYLGSWTIVID,<
<ps1>,MNFITNSRQFHKSLAPWVFLPLFISALTGTFYRICKDLLGYSRDEVHWLMSLHEGEWLGDNGELIYVILNSLGLIWMLITGFQMFSKKISFPKKVTKGESKG,<ps2>,MASFTVGIVVFPGSNCDRDVSWALEGCLDIKTKFLWHESSDLNDVDSIVLPGGFSYGDYLRCGAIARFSPLINSLHDFIKSGRRVLGICNGFQILTESGFLPGALVANKNLNFICDDVDLNVITSKGGWFQKLNENQNIKLPIAHGEGCYHCDQDTLKRLVDNDLIALKYKTNPNGSTSDIAGITNEKGNVLGLMPHPERACDESIGGIDGLYTLRSLITQ,<
<ps1>,MNNSQRSVTHSQNGDYRTIEQTMEKLSGGTRRLAAQLTTSATFNSLWNVLTDYDRLNLYIPNLLSSRKIYKNNNNVHLKQVGAQDFLGMKFSAEVTIDLFEEKELGLLKFSLIKGDFRRFEGSWKIKKIKDTSKNSLIYDLTVQGCQWMPIGMIEKRLKKDLSENLIAVDKQAKASIK,<ps2>,VILNPELQEKGEIKDLMKSRGSFRAFPLAAITGHSLLKLSLLLAAVDPSLGGVIIAGGRGTGKSILARGLHTLLPPIEVLDNESILEKLTMSNSNTSLRPIGRNLDPDKAEEWDISTNKLLEEVIGSDYLNQIEEIPKKVREAPFIQVPIGITEDRLVGSIDVAASLSSGEQVFQPGVLAEAHRGVLYVDDINLLDDGIVNLILEATGREQNNIERDGLSLSHPCRSLLIATYNPEEGALRDHVLDRFAIVLSADQSIDNNQRVEITKSVLSHAENNIKFSEKWSEESDNLSTQLILARQWLKDVKITKEQITYLVNEALRGGVEGHRSELFAVKVAKANAALRGDENVNSDDLKVAVRLVILPRATQIPPQDDDIQPPPPQDQSPPPPQSNNEDSEPESNEKEDNQEEEQDNSDGEEDSTPDIPEEFILDPESCMVDPDLLLFSSAKSKAGNSGSRSVILSQSRGRYVRPLIPRGKVKRIAVDATLRAAAPYQKSRRLKNPNKTIIIEENDFRAKLLQKQAGALVIFLVDASGSMALNRMQSAKGAVIRLLTEAYENRDEVALIPFRGNQAEVLLPPTRSITAAKRRLETMPCGGGSPLAHGLTQSAKVAKNALSTGDIGQVIVVGITDGRGNVPLGTSLGQAEVNENENVDLKQEVLDIAAKYPMLGIKLLIIDTERKFIASGFGKELAEAAQGKYVQLPKATDKTIAAMALNAINEF,<
<ps1>,MSKDFKSGKVKRLPINNLNLPNFVNNSLRNNTKVNTVEGTNVIRVPFGKRFPKKQRPDKNQNIATLILPINTFINPTPPPHVA,<ps2>,MPSLSDGDFYYYRNFYIDQPPQMAQVFYESLHVISFSLKIIFYFLERLSDVN,<
<ps1>,MRHQLRVPLLSKPADQRKALLRALTTQLIREGRITTTKARAKALRNEAERMISLAKEGTLSARRRALGYIYDKKLVHSLFEKAQERYGERNGGYTRIVRTVARKGDNAQMAIIELV,<ps2>,MKDIFLVLDSYQYQMESNYQETSSLTNLFTENKFIGWLGLFIVFFSIFAIIIFQFLEWESNDKNKE,<
<ps1>,MNERNKSLWKQAIKWPLYSVAILPVFISGAYTLNSFKNVKIYNLIAFTIAAILILIWENLTNDLFDSETGIDEFKFHSIVNLVRSKTIVSITAYTSLLIGLVVIAIISISTSINVMLLVGACCFLGYLYQGPPFRLGYQGLGEPLCWLAFGPFAYAAALIALNPSDIYMISIPWKESLLLGSGSSLATTLVLFCSHFHQIKEDKEHGKNSPLVLLGAKKGAKIIPWIVFIIYVFQLFLIINGFIPILCVLFLISFPQSLKLINLLKYSYNKPEAIKNCKFIAIKFQTLNGIGLIAGFIINYLIYK,<ps2>,MKIMDNFDDDLSLKQKEFVEPIDKATNKDLFEKKDEFKEATPKVLHLNSLITKNIYLFTKDPNYKLFAWLMVQLFIFSLFVLVATLMKNNLVPYINSL,<
<ps1>,LLLMKRLLLAAVLFLLSEISFAKEKLNYTITSDSQVQNGKGNFEAISNVVIKSINNNF,<ps2>,MDEDSRKVTEEVWLICPNSTEVRRFTKNKNNKDKFFEYMFVDSGIIIGVLGAKPPLMKTRKEIKIEAARKEYQQLIISGWQVTIPKW,<
<ps1>,LDQFEVKVFIRLRPSVLDPAGEAIKSASSKLGVAGIKSLRIGKLIEVKIESNEEDIKEKIELLCDRLFANTVIEDYEYSINKL,<ps2>,MNLKQITQKDQLDLKKIYFDSIISIDQKIYTSEQKRAWASQAWDNKYFNLTLKEGKGWLINEREKIIAFASRYPNNRISLLYCRGDSQRKGYGTKLLKKIEKEAIKEGLPCLTTEASLISYKLFLKNSWKIIRKEKIIIKNITFERYKMIKNF,<
<ps1>,MEQGLNNPGPLTIFLVFTAGLLTSLGPCSLSLLPITIAYVGGTKNNKFKLISFSGGVIFSLITLGALSGFLGKIYGQLPSYYASLVALIAIIMGLNLLGILKFQLPNGPDLQFMEDKVPSIITPFVVGGAFGLASSPCITPVLATLLAWVSQAKNPTISIIFLFFFGLGQVTPLILAGATTENLKQFLELRKYSQVIPTLSGVFLVSLGILNLISNWI,<ps2>,MKENITELWFSWFYKNWEKNAPGNLIDKGLSPSQIAERFVNENHKEFLEIANEFDEDNYQALNEFMKLSESELHILKYFLKLIKLKNS,<
<ps1>,MGTANLHDSTNKPLYGERIIEESNIICFENPNKKRIYEISIELPEFTCKCPFSGYPDFAKLNIYYQPNMKVYELKSLKLYINKFRDLKISHEEVVNRIMDDLLKAAVPHWIHLNADFNPRGNVSMKLDIYSGQKRN,<ps2>,VRIIFWGTPEYSVKSLEVLKKSDHDIVAVITQPDKKRSRGNKLISSPVKEYATKENIPVFTPETIKENIQFISILNDLSCDLFIVIAYGKILPKAILDIPKYKSWNAHASLLPRWRGAAPIQWSILEGDKITGVGIMRMEEGLDTGDVLVEKQIKIENNDNLKTLTKKLSDLSSELFLRAISDIEQNKNRDINLLLKKQTDFKRELKYARMINKLDYIINWENSATDIYRKINALYPRANTTYKRKNLKIIKIKILTTHEIHNKNYKILSNVFKPGLIIGLIKNVGIIITTKTDPILLLEAKLEGKKVSSQNQLIQQLNPVIGENFSD,<
<ps1>,MAQLETRTEPMVVNFGPHHPSMHGVLRLVVTLDGENVIDCEPVIGYLHRGMEKIAENRTNVMYVPYVSRMDYAAGMFYEAIVVNAPERLANIVVPKRASYIRVLMLELNRIANHLLWLGPFLADVGAQTPFFYIFREREMIYDLWEAATGQRLINNNFFRIGGVACDLPYGWLEKCIDFCDWFAPKIDEYEKLITNNPIFKKRIEGLGTIERDQAINWSLSGPMLRASGVSWDLRKVDSYECYDDFEWEIASEKEGDCYARYRVRVQEMRQSLKIIRQACEMIPGGPTENLEAKRMATEDKKSEIFGMDYQYVAKKVAPTFKIPNGELYTRLESGKGEIGVFIQGNNEVTPWRFKIRAADLNNLQILPHILKGAKIADIMAILGSIDVIMGSVDR,<ps2>,MVRKISFIGVGPGDPDLLTIKALKKIESADVIFWADSLIPEKIINFSLKGSEKIKTSTLTLEKITSIMIERFNEGKTVIRLHDGDPCLYGAVKEQLEILRQENIETEVIPGVSAFQVAAAYHQAELTIPDITQTIILTRAGGRTGMPEKESLKDLAKHKSSLCLYLSARHIKSSQKTLLEFYPPETKVIVGYRVSWDDGWTSLIELKDMEKFTLEKELIRTTIYIVSPAINTIANRSNLYNPSYKHLFRGK,<
<ps1>,MLRPPFSQESISIDKWDVIVIGAGAAGLMTCLELPENLNVLLLNRNTSKRSSSRWAQGGIASVVRPEDSFALHVEDTLKAGDDLCDLSAVEMLVKDAPGCVDRLQNLGMIFDQSSDQLSTTLEAAHSCRRVLHVKDRTGRALVEVLEDHIENKENILHCRGVRVTELLIEKEVCKGVQVLDGSNLYWITSKAVVLATGGGGHLFTNTTNPAQSAGEGIALSWKAGVAIEDLEFIQFHPTALKFYGSPCFLISEALRGEGAVLVDKNGESPVKHLENGDLATRDQVSRAIMNNMQENDVDHVGLDLRFIDPEKIVERFPMIISRCQDYGVNPLNEVIPVAPAAHYWMGGVHTDLNASSTMKGLYAVGEVASTGVHGANRLASNSLMECLVFARKMSCIELNAPYNLRRLDRYTTEIFMDNPKEDFILGVSDKIDSLRKLCWSNLGVSRNKKNMNKLLKTLQDEIDQLQKNPLLECLNKIEIDQKLKLSEPNRRGLNLLLDLHNRQITTLLLLKACLFREESRGGHYRDDFPIKETTWKCHTRQQLNQEIIKRFIKN,<ps2>,MRTILISGANSGIGLNIAHKELKAGNRISIGLRDLESVKGSVIDPNNWTNEKILLNKYDALDKFSAKKWVENTVSKFGGFDTLINCSGVLSKVPFLYKDGDEEEILNTFNINFLAIWHLCRISWKHLSQSNNGRIIVLVSMSGKRSKGDLAAYSSSKFALMSLCQTMKNKGWEENIRVTAICPSWVNTKMAEKISSIEKSKMTQPGDIAEICSTILKLPMQSVPFEIALNCNYEI,<
<ps1>,MSRKSELLKGEETKNFSEFSQLADFSLMNSLNADPHSTKDGNDHRARSVNSGHYVPVTPTPIPEPIYVSHSKTLFKELGLSSDLTKDKNFCRFFSGDIEVAEYPMRPFGWATGYALSIYGTEYTQQCPFGTGNGYGDGRAISVFEGLFNGKRMEMQLKGGGPTPYCRGADGRAVLRSSVREFLAQELMHALGIPTSRSLTLYVSGTEIVRRPWYTEGSRYFEPDIMVDNHAAITTRVAPSFLRVGQLELFARRVRSNSHDDAFNELKIIVQHLIDRNYRDEIDPSYSFNEKVIRLANLYRGRLISLVTNWMRVGYCQGNFNSDNCAAGGFTLDYGPFGFCELFDPRFQPWTGGGEHFSFFNQPFAAEINFKMFCSSLLPLLLENKEDIEKLEKIKNDFSKFMSKEMQLMWAKKLGLEKYDETLTNELFNLMVNSKVDFSIFFRKLSHIPDNISFLKDSFYLPSSEELDKEWFIWLKKWQDCINKQGDLKEISKSMKQVNPKFTWREWMIVPAYQEAEEGNYNKIKELQTIFKNPYEEESLEIEQKYNRLRPREFFNKGGVSHYSCSS,<ps2>,MNYIQIKDLSKSYSDIKALKNLSMEINAGTLFGILGPNGAGKSTLIKILATLVEPDGGEVFVNNINLIKNPRKIRELIGYVAQDIALDKILTGRELLDFQSDLYHMNKKEKYERIKLLINQLEMNDWIDRKCGTYSGGMKRRIDLAAGLLHLPKVLILDEPTVGLDIESRNIIWQLLKDLKNDGMTIILSSHYLDEIDKLADSLVIIDDGKVIAQGTPAQLKNKLGGDRITLKVREFSNHEESKKISEILSSINGISQIIINKAQGYAINFVVDKEKDLLTKLKVELAFSKFEIFSLAQSQPSLDDVYLQATGKTLLDAEISMTGKRDLKKESKQSMR,<
<ps1>,MFLISAEKFSLWKKKQLSKGGDNHSLNLLLESLGGLSNIELNLLKINLEKNLNFKVNLDLIESFWDKHLNTSIPIQYLSGISFWRNLKLEVSNRVLIPRPETELIIDIISGIFKNKEEKITFVDLGTGSGAISIALALENPNWNGIATDIDKNAIKIASRNFATYSNQSNLKFYNGNWWDPLKNFKGEIDFAVSNPPYIPQDTYEVLPIEVKNFEPKLALLGGQEGLDHINQIVQNAPLYLKNKGWLLIENHFDQGEKVKKLFLENRFTSVKVLKDFSGIGRFTIGRYK,<ps2>,LFDKENLKYFLIWPMSVLLAIFFKYYGFLKPDFLLINNYLVLLLVCGPALVVTIILVFNKI,<
<ps1>,MKLQTQFTVPKKEFRDLDYVNKVKVLEETLKKECMDYPTKEDCLVCCN,<ps2>,MSKLKGPDGRIPDRLPDGRPAVAWERRWTEGTLPLWLVATAGGIAVIFVLGIFFYGSYQGVGAG,<
<ps1>,MNNKRIFHDPIHKEIIIDSDKPEELMIMQLIDTLAFQRLRRIKQLGAASLLFHGAESSRFTHSIGVFCVARKIYRKLVEINPDFSQNKFILFGAALLHDLGHGPLSHTSEVIFAHDHELWSKNLVKNYSPISSILKNFGTELPNQIGDLFKTKNLFSRPLKTLISSEIDCDRLDYLLRDSYNTGTKYGLVDLERIISALTFSPDGNIAIKPKGVIAIEHFLVLRNMMYRTIYNHRINEISTWILEKIIQIIKKDSVKKDLWIDESMRRWIFFPNQLEVKDFLANDDIVFYFHLMKWKEESFEPLKTLCKMFIDRKLLKASDISFLTKLKRLEILAFARKKCKLNNYDSEIFCGIKERSFKGFKSDNSLKIWDGTYQNLLENQSDLINTLMSSKDTSLIIYPGEFRKEIEDQIAIERANV,<ps2>,MSLKSVLKNKSLGILVHPSSLPGGSYCGTFGEGAKDWIKKLCKYKINHWQFLPLTPTDSTGSPYSSPSSFALNPWFLDINKLIEENFIISLNKKDLQSINQNEDHFDFDYANNLSKKLGEYLLFDWESQSEMRKTDFYLWNKKNTWVEDYSIFMVLREKFNMLPWWEWPLEFKQKENEFIKTWIKDKKNEILKTKLIQWHLDKQWKEIKVFAKTNGITLIGDLPFYVSRDSVDVWSNKSLFSISQNGDLLFQSGVPPDYFSSTGQLWGTPTYYWAKHKSTAFRWWRKRFKRQFELVDILRLDHFRALAGYWRVDGNAQNAINGSWINSPGKELLNLLKKDLKSDYLPIIAEDLGVITKDVEILRDNYELPGMKILQFAFDGNDNNPYLPKNIEKENWVVYTGTHDNATSTSWWDCLDITIKTHIKDKYKYSIDPSWNLMEIGMSTKANLFISPIQDILSLDDSSRLNTPGTITNNWRWKLNQTLDEIDMNLKKYSDLGNNYGRLSN,<
<ps1>,MSIETKKYNNLISISTELRKRIIKTSYEAKIPHIGSCLSCIELLVFLYWKELNIDPSNSEAINRDRFILSKGHGAPALFQVLGLKGFFPIERLNSFGKPGSVFHEHPPKPGYIPGIEAATGSLGHGFPMAVGMSLAKRINNLQYRTYSILSDGECNEGSIWEAAMFAGAQKLDDLTIFIDFNKWQATGRSKEVLALDPLKEKWQSFGWDVYEIDGHKFNQIDKSIELAKTNKNKPSAIIAHTIKGKGVSFMEDNNNWHYKTPNEEEFKKAFEELKN,<ps2>,MSKFSSQEIESQYNLIKTLLSDPEKYNDALDAIKKDIAHMPLELKKKLEEENITF,<
<ps1>,MQKKSFSISWGDTSLEMLPSKALLLPQTNELLICDVHLGKAEYFQQNGIPLTNNSDEQNLLSIKKIVENHKPYKLIILGDLFHSKYSISKSIKSKVENLSESLNIKIELIVGNHDIGCKVKNISFLEYKRSSNFIFSHEPIGKFENKILNICGHYHPKTFLKNSKDKLSFKCFAMDEKNNTLYLPAFGDLTGGYPCKNSFKKWAIISEKEIIAV,<ps2>,MKRLDLIFSERELDAIINTLEKANVPGYTVMKHATGRGPERVVTEDMEFTGLGSNAHVIVFCEQELIDQMRDNIKSDLSYYGGVAYISEATPL,<
<ps1>,LEELITKKLEVNDNLKSRFHNGFNIVKSTFLSSPIALRLWSSFFVILPIFVQAPWVRFAPISALCATFFILAAAFLLSRKEGDKWFIVGSLLLGVTGSWLGGCLFWGWLSAYPILHIPVEAVALPLAIVGLGTKWKIGSSFYISSLFGTAITDLTIFLTGIMDQWKEVIIADSDNAPLILQKTSENLIQFKSLSIIILAALILWFISKEIFNYATSNSINGKAFLVSSYVIQTTLIVDGIFIMLAIIQPTLSGLV,<ps2>,LNRSFYFKFSVVIISFLLVWTLRDFILLIICSLVISNVVSNLCYQIQTILKLPRFVSLLIVLVGISFMIFAISIIVLPPFIREFNEILIDIPNGLSRVNELVNSNLNKFNDLIYGKESERIVNIFDLVNDVVPIPDGATIAKAIQESFINIINLAGNLGSGFIRVIFVLVVSFMISIEPKAYKEGVLFMIPKVYRNKFRIILDKCNIALTNWTFSIVISSISVGLLSLIVLSILDVKYVVSNAIIAMILNIIPNIGPVLSGIFPISIALLDNFWKPVAVFGAYIVIQNIESYIIMPSILKKKTNLLPGLTLISQFGFTFIFGPLGLVLSLPIVVVTQVLIKELINDN,<
<ps1>,MSQIFTWIWVSSGILLILLVLLHSPKGDGMGGIAASGSSMFTSASSAEASLNKITWTILIIFLSLAIILSAGWI,<ps2>,MSKLKGPDGRIPDRLPDGRPAVAWERRWTEGTLPLWLVATAGGIAVIFVLGIFFYGSYQGVGAG,<
<ps1>,MGEAKRREELGLPPREKKEAKKDSKSNLNQILNKYPFAPYILGISLLTILIIDLVNYYK,<ps2>,MASNKDNQLVEKNDDNLGVENISNNPSIQSEQKLEVTEDEISFKEEDLDNGFACFGFNKLILNSLESKGYKTPTPIQKAAIPELMLGRDLLGQAQTGTGKTAAFALPLIEKLENNKESNAKVLVMTPTRELATQVADSFKSYSAESTNLRTLAIYGGTDFRNQISSLKRKTDIVVGTPGRIMDHIRQGTFKINNISCLVLDEADEMLKMGFLEDIEWIIDKLPENKQMVLFSATMPNEIRNIAKKYLNEPAEILIKSVKQETQLITQKYINVQRHHKLDALKRILEITNEGVIIFVRTKLLTTSIAEALENSGHSVAVLNGDIPQNQRENTVDRLKKGFIDILVATDVAARGLDVERIKLVINYDFPFDKETYTHRIGRTGRAGRSGEAILFVNQREKHFLRNLENSTRNKIEEIEIPNNKIINEKRMGKLITNLNESSLDQENNEEKKALMIDILDTLREKHSMEDSNIAMAAINLAIGNKSFFINEDESWLYRQNNSDRNRSNRNGNNRMRNTNRRNNYQNDSFETYKFNFGKMDRVRVANIISSICTSTNINGRLIGKIQIFNEYSLVDLPRDLHGEVKNKLKNLRIRN,<
<ps1>,MNSKLKFIYEGKAKKIFAYEDSDKVIIEFKDDATAFNALKKAKFEGKGELNCLISSKIFEFLIKNNIPTHYIGLKNNNSMIAQKIKIIPLEVVLRNTAYGSLCKQTTIKPGTVLESPLIDFYLKNDTLNDPLLTKDRINLLKIVDEEELDFISNMTLKINKLLKKFFYNIKLDLVDFKLEFGYNSNGQIVLGDEISPDNCRLWDLNQKNGMIVSLDKDRFRNDLGGFIEAYSEINKRINNFI,<ps2>,MGFVPLHNHSDYSLLDGASQVSKIVDRACELGMDSIALTDHGVMYGVLDLVKKCKSKGIKPIIGNEMYIINGSIDDPQPKKEKRYHLVVLAKNHTGYKNLVKLTTISHLNGMRGRGIFSRPCIDKSLLEKYNDGLIISTACLGGEIPQAILKGRIDVAENTAVWYKRIFGDDFYLEIQDHGSIEDRIVNVELIRIGKEHQIKVIATNDAHYISNMDVEAHDALLCVLTGKLISDEKRLRYTGTEYIKSEDEMLRLFNDHIDKESIKEAINNTVEVSQKIEEFELFGTYRMPKFPLKEETDSLSFLTKITKQGLLSRLNKNNLDEIDEIYKKRLTSELKIIDDMGFPDYFLVVWDYIKFARDSSIPVGPGRGSAAGSLVAYALQITNIDPVKHGLLFERFLNPARKSMPDIDTDFCIDRRNEVIDYVTNRYGEDKVAQIITFNKMTSKAVLKDVARVLDIPYGESDKLAKLIPVVRGKPYKLNEMIDKKSPSPEFRDKYLKDIKVKKWIDLALRIEGTNKTYGVHAAGVVIASDPLDMLVPLQRNNEGQIITQYSMDDIESLGLLKMDFLGLKNLTMIDKTISLIESSTGQKINIDKLPPKDNKTFDLIGRGDLEGVFQLESSGMKQVVKDFKPNSLEDISSILALYRPGPLDAGLIPKFINRKNGSEKIDFPHPFIESILTETYGIMVYQEQIMKIAQDLAGYSLGDADLLRRAMGKKKVSEMVKHRNIFIEGSCKKGVDKKIANDLFDQMVLFAEYCFNKSHSTAYGAVTYQTAFLKAHYPVAYMASLLSVNAGSSDKMQRYISNCYSMGIEVISPSINLSGIDFTIKKDQILFGLSAIKNLGDSAIRNIIDNRNKLGVFKSFSDLCDRLPSNILNKRNLESLIHCGALDEFSENNNRAQLFSDLEYVMEWASSRNRDRISGQGNLFDSISKNDTKEFSLSQGSKVEDYSLIEKLKLEKQLLGFYLSDHPLKHLAKPAKLVSPISISQLENSHDRTKVSLVGMIPELKQITTRKGDRMAIVQLEDLSGSCEAIVFPKTYCRLSEFLLTDTRLLVWGTIDKKSDKTQLIIDDCREIDNLKLLVINLDSSQASDIRIQNTIRDCLVKFKPDRDKCGIKIPVLAAVRNNDSITYVKFGDQFCVGDILGVSKLLSDKSFQVNLKSMIA,<
<ps1>,MNIKQPSSHKNPEPESSVLYIVGTPIGNLSDLSSRAINILKNVSLIACEDTRQTKKIMNKFEFTNNLISFNKHNSLKKIPRIINDLNSGKSVALVSDAGMPSICDPGEDLVKNVRSNGSNIICIPGPCAALTALVSSGLPSSKFIFEGFLPKKKSQREKILFEISKNEKTTIIYESPHRLKKLLNELKIYCGGEREIQVSRELTKKFEEHIGNDINNVIKTFQEKEVIGELTIVIKGIKKESNLLINKSDLKKELNELIKAGLSLSAASKYLAKKHGIKKSETYNLN,<ps2>,MSFLNNWWLIPLIITIFSGILCPAMGTVLITHRRLLQVNLISHCVLPGLALALALGIHPSIGGVISGLVGAIIAESLTNKKSENYEAVMNTILAGMLGFGVLLIPLLGIRIDLEAVLFGDLLTANLGDLLRTIIAFLTFILLVTFGYEKVVYVGLDPEGASASGINVSLLNLALSFTTALVIVSSMSAVGVILVIALLSTPTLLGLDKAQSLRIAMMRSSFFGLCISLLGFILSIVFNLSPGPAISVICVASLIIPKIGNKF,<
<ps1>,MAAKEHKSLQGSKILLIEDDKSIRLTVTESLISEGFEVSNFKDGSSALDFILGEGIKDFDLILLDLMLPGLNGLELCRKIRNEELYTPILILSAKGNESDRVLGLEVGADDYLTKPFGISELIARCRALLRRSKRGKEKKQKIETIIEYKNIKMFTEECRVTNFNQEIILSPKEFKLLELFIKNPKRVWSRDLILEKIWAIDFIGDTKTVDVHVRWLREKLEENPSAPKIIKTVRGFGYRFG,<ps2>,MRTILISGANSGIGLNIAHKELKAGNRISIGLRDLESVKGSVIDPNNWTNEKILLNKYDALDKFSAKKWVENTVSKFGGFDTLINCSGVLSKVPFLYKDGDEEEILNTFNINFLAIWHLCRISWKHLSQSNNGRIIVLVSMSGKRSKGDLAAYSSSKFALMSLCQTMKNKGWEENIRVTAICPSWVNTKMAEKISSIEKSKMTQPGDIAEICSTILKLPMQSVPFEIALNCNYEI,<
<ps1>,VARIAGIDIPREKRVEIALTYIYGVGLTRSKLILSNTGVNPDIRVKDLSDSDVQKLRGATEDFTVEGDLRRKEGMAMKRLQDIGCVRGRRHRMSLPVRGQRTRTNARTRRGSRKTVAGRKK,<ps2>,MTLSSYRMHRIYLAATMGYGLGSDDPEEVAYYKKLRKEMDEMKKDVVKKGIPLTWDIPDGMDK,<
<ps1>,MENSKPNYWQNAERTNGRMAMMGFFALVVNYGLFGWIIPGIF,<ps2>,MQILIIPIGFILWYFAYESKPINNDEVTSLWEKENYVKRTKLLNILKESF,<
<ps1>,MDLCFLSTNITSFVADPLSHEFMRKALLMSSLVAAVCGFLSSYLTLKGWALMGDAVSHSVMPGVVVAYALGLPFSLGAFIFGVGSVALIGFVKQKSRVKEDTVIGLVFTGFFALGIVLVSKIKSNIDLHSILFGSPLGISLSDVKQTVFISLLVVILLSVFRKDLILYCFDPRHAKTVGINVLFLHYLLLTCLSLAAVVGLQSVGIVLVVAMLITPGATAYLLTDKFDNMTIISVISAIISSVFGIYFSFWFDLETGGSIVLVQTFIFLFAFLFAPRYGIFKFKKLFSSY,<ps2>,MKDMPTWIDEYHKGSRFGLNGKVLLKKNSKYQEILIIETDFYGKALMLDGCWMTSVRDEKYYHECLVHPALSSIDKKSHILIIGGGDGGTARECLKYSQVSKIDLVEIDEEVIKVSKTFLKEIGGGAWSDKRLAIHIDDGVKWVETTKDNSYDVIFIDCSDPSEFSNLLFTDSFYKECKRILTKKGILATQSESPESFENIHIHILKSLNKIFKLSETMYSFVPIYPSGIWSWTFASDEELNLSKVNYKEVMEIENNCDVWNLNFQNAAFKMMPNKIVKKLNS,<
<ps1>,LQISNNNYPWPDDWGRKTSIMGIINLTPDSFSDGGDFCSIEKVLNQVNYFVSNGVDVIDLGAQSTRPGAIEIGAKNESKRLIPYLKKIRSEYPNILISIDTFNSEVAHEALSNGANWINDVTGGRRDEEILDVVSEFNCPFVITHSRGNSITMNNLTNYDDFLVDIIHSLESLTKKALNKNVSKDKIIWDPGIGFSKDTKQNIEILRNVPLLKNFEFPLLIGASRKRFIGEILNQPNPKERDIGTLAISCLCSQQKIHLVRVHNVKINYQVLKVADHIFR,<ps2>,VIPSDTPINQHSLQSLELWLKDLGATKDIDNPSKWYLLLSNWNATIIFEQEDLSVVWESGGKLTKRLFSYCINREDIENAILQGP,<
<ps1>,MKAKPETTAHVSVKEYCFTKKEVKGVVEASDFKWTFTWSFGKGVLFVTPPLGRALIQDSLLRFFLKKDYELEAGNEYKFIISAKF,<ps2>,MDICLLNIDNNSNKSLNPTSVIGMLWLQTHFEDTQWEALSNNQVIISKENSKLLVKDAISAGLKIKSFSGVSMLDVFQKKN,<
<ps1>,MKNKVFPFIKKYPMSILLAIIAINLFSIASSLRTEAYLNREKNLCIKYLKHQIDRDTLIKKLRIVKQANPSSICDSVLKS,<ps2>,MNKFEFFKTDAIQSSYGGQFSYKVIGPCCRLYDREELPWPCSRLAWRSKEPSWRRIGARFVADMASRKCPSYSVQILEPGSKPVETVITLFSKKFSSEIQEWWYSKKPGSKEPGNVLPESI,<
<ps1>,MDYKTSGVDIKAGREFVSEIKQSVESTYSSNVLEGIGGFGGLFKIPLEGLKKPVLVSGTDGVGTKLELAQIKNFHFEVGIDLVAMCMNDIITTGAKPLFFLDYIATGKLEKNQLLEVINGIAHSCRENKCSILGGETAEMPGFYSKNKYDLAGFCVGIADEEKLINGKKICENDLIIALQSNGMHSNGFSLVRKIIENNNQIDKQFEKKYNLDFYDELLKPTKIYFKIVNQILSQNIQIKGMSHITGGGIPENLPRCMSSDFIPYIDKKSWKIPVLFEFLKDVGQIPEKDFWNTFNLGVGFCLIIDKKYKDKILNICNAFDISSWVLGKVLKKNNSKENNFLPEIII,<ps2>,MYFQDIIQNLNKFWSEEGCLIMQPYDTEKGAGTMNPHTFLRAIGPEPWSVAYAEPCRRPTDGRFGDNPNRAQHYFQYQVIIKPSPDEIQEKYLTSLEFLGINPKDHDIRFVEDNWESPTLGAWGVGWEVWLDGMEVTQFTYFQQCGGIDCNPIPIEITYGLERIAMFLQDKESIWDLNWNKDINYSDIWLQFEKNQCSFNFSNSNPENMRKLFAIYQEEANSLIEKDLTYPALDFVLKCSHCFNLLDARGVISVTDRAQYIEKIRKLAREVATSWIKERELMNFPLVKK,<
<ps1>,MKNFTKNNYSTKRNDTENRRSQSKNNFKKGNDLNTRDDSNRRDNSNRRDNSNRRDNSNKRDNSNRRDDLNRRDDFNRRDNFKRRDDSKRRDNFKSRDDLNRRYDFNRRDNFKRRDDSNRRDDFKRRDDYERKGAIKSNEYSYLKSKEKPRNSFNQSQTRFSSNAQQTENYSENSSKKFQLSPNERNYEDWIWGKHSVFAALNSERPINRIWCTSEIFSSEKFYLLLKDLKSKGVLIEEVPWSRLSQLTSGAVHQGVALQHASTESISLEKLIDISKSKSSNPIIVALDGVTDPHNFGAIIRSAEAFDCKGIIVPQRRSAGLTGTVAKVAAGALEHIPVSRVVNLNRAIDELKKKGFIIIGLSGDGQVPISEFKEKAPVVVIVGAENKGISLLVQKKCDYLLKIPLKGKTSSLNASVAAAISLCYLSNN,<ps2>,MELPCRRFGRTNLKMPVLSLGGMRFQKSWDELKFSEISRKEQNKVENILNLANKFGFNHIETAKYYGTSEIQLGMGFKSIEKKPKIIQTKIPPNRDPKLFEAELLKSFEKLQVKKIDLLAIHGINTPEHLHQAVKDGGCIDILKKFQQENLIGYIGFSTHGELSLIEKAITTNLFDYINLHWYFINQTNSKLIELAHKYDLGVFIISPTDKGGHLHTPSTKILELCSPLHPIVFNDLFCLRNKYVHTISVGIAKEQDFNLHLEAVSLLSESDHYIPKILNRLKEESINSLGIEWYKSWDKNLPNWKNTPGGINIPVLLWLANLIDSFDLEEFAKSRYQLLGNGSHWFPGNNANLLDVNVCESQLLKVLERHIKPKKVIKKLRVLKDKFGDKSLKRLSKN,<
<ps1>,MSESKSPLDRIYRLIASHAWMTENEAKVLLVMMYASGTKSLGLEGKGLNKFMERSLEKMCSDNKENLQEYLLKIKDKFPNNELLSED,<ps2>,MEPTSSLNRGDRKKGSSLVTGSEVQSQSNGASCFITTDSEKSLVSRQASQVEQIELRTYVFLDSLQPQLAAYMGTVSRGFLPIPGDSCLWMEVSPGMAVHRVTDIALKASNVRLGQMIVERAFGSLALYHKDQSTVLHSGDVVLDAIGSEVRKRTKPSTSWTEVICAITPDHAVLINRQNRSGSMIQSGMSMFILETEPAGYVLKAANEAEKSANITIIDVKAVGAFGRLTLAGKEGDVEEAAAAAIRAIDQISNY,<
<ps1>,MTMNNLKTKKLVNLGPSGRAVAQPMDVSLLDNFYEHLTMERYANVQYFSIYLWFQERDLDGFASHFLSESQGEMEHAYKFANYFIARGQTVKLKELPAPIQTWDSIEDIISYSFNMEADLTSSLQQLYSISERISDTRTSVFLDPIVDAQTKSEDEFAHILGKVKFAANQPSAILLIDSDLKKK,<ps2>,MFLKDHLKDTYQKASFDNNHLMLENIINIWAHRFGPESLNELFVKDQDQDQLKLIEENQAEASQNQINLELIEDHQSEANQNQTNLELIEEHQSEVNQNQINLELLKNLQYEEKIEFKPKETKKSNNTEIINKDIYGSYKNESEFKDKEELPLPNIKNLRKWINNEKKAS,<
<ps1>,MIILHIGLFENSFSNIMKSVIFQETANLKKPVPAEKVIELSDKLLEPSSHSKRYPPRLHKTWGTIFFMIAIHLLSLLALQPQFWSMPAVTALFFFYWLTACLGVTLGYHRLLSHRSFVVPKWLERFFATCGAISCQHGPIDWVGLHRHHHSFSDTEVDHHNSKRGFWWSHMGWMFKDVEALKAVPKLSADLIKDPYYRFLNKYFLFLQIPIGLCLYAIGQKLGVGGWALVLWGIPLRLVVVYHITWLVNSATHCWGKAPFESGDGSKNNAWVAALTFGEGWHNNHHAFPNSARQGLFRGQIDLTWEHIKILAKLGFAKKVKLPSRSYY,<ps2>,LNKKLGHKDHFHFIGIGGIGMSAIAMALIKKGYSVSGSDLIQNKETKSLKTLGAIIFDSQIKKNIDFVISKFQDHTLNCVISSAIKDENEELCFCKKNNLSIKHRSEILAMIMNSYTSLSIAGSHGKTSTSTFLSTLLELCTHDSSSITGGIIPIYDSNAHIENTKYLVTEIDESDGTIKNYNSDIGIINNIDFDHCDHYSNIDEVLSSFKKFASNCQKLLINYDCKFTKNNFTSKNQWSIKESNNIAYSLIPNIINKDKTVGKYYEHGKFIDIINIPVPGLHNLSNITAAIAACRMVGVSFKEIKKNTESLKLPKKRFEFRGEINQRIIYDDYAHHPNEIKATIDLARLFIKDKNSSDREEKGRLIAIFQPHRFTRVKQFIHEFVKELSKADVIYVTNIFGAGEKNIDNIDSQLIANLIYKNNKNVTCLKDNYEINEKFFKLTKKNDFIINMGAGDCHNLWSILKNKNTLNN,<
<ps1>,MDINWASTQIVKNLDRHEKRDLLAWILTQSERTFQRAFEAGQYSSAIGSLKLIWEMTIKDSKEKDSRYHGNYKH,<ps2>,MSKLHLKRFLKKSYEFSLVLFQFFIIILHFIHLEFIPKKEIMQVNFFFSFVGFLLIIISTIVMLISIKDLGRNLSPFPRPTVNGNLTTSGIYSFIRHPMYYSLILISFGFFITKLSFYHLFLTISLALIIKLKIILEEKYLNKKFKNYFIYTDKVKY,<
<ps1>,VHKNKILVPLSNNSYEVIIKQGLINNIGEELIRIGINSNRKILIVSNKEISTLFGRKLLNNLKKNNFNAEIFNIKAGESHKNFASLSEIFNAAFEVGLDRNSLLIALGGGIVGDVTGFAAATWLRGIEYIQIPTTLLSMVDSSVGGKTAVNHPKGKNLIGAFYQPKAVFIDPETLITLPTREFKAGMAEVIKYGVIKDKSLFEYLENEKNRDKILNLENESLIKIINKSIKTKACIVSEDEKENGIRAILNYGHSFGHVIENLCGYGEYLHGEAISIGMKIAGDIATEKNLWSKEHSLRQDHLIESYGLPIQTPKIKKNDVMKILMGDKKVRNGKMRFILPIELGEVDIFNDINESQFLKYFN,<ps2>,MKKIWKIEKLVLPQHSDHAGVMWHGTYFDWLEEGRINALSKAGLNYVDLTKNGFDLPLIDTSIKYISPLFLGDTVTIETIFEISKSPKIKIHSKFINKSKTILTIAKVNLVLINKKSFSIIRKRPDFISKAFLKLNG,<
<ps1>,MNDLNIEFPLDDFEELISQIGWSSLDEWFIFWNLKKEMLSINNFWDDNVKDDWIWGLALPLLSQAYKLNKKSPDRKIIGISALPGTGKTTLGKWLESISLKLKFKLSVISIDDFYLPSEEMEFAIKNNPWNVSRGFPGSHSIDLMKEKLLKWKTDGQLNVPVFDKSLRKGLGDRAHWREESPDLLIIEGWFLGVKPLSIDLDNSEKFSPPLSVFESSYRNKIQNNLDQYLDIWNMIDQIWHLKPLKFEYLNEWKSNQEKSMHFKSGSSLKGDNLSNFLRMLNVSIPHKSFDDINSDVLLMINQERKLVRVGLNQQISK,<ps2>,MLTTKITYALSDWIREWRKCRKENPSLDDCIKFTEWKIENYELTDSDRMIIESILLYETEET,<
<ps1>,VNITFLGTSSGVPTLTRNVSSLALKLSQTAEVWLFDCGEGTQHQLMKSNIKSSQIKKIFITHMHGDHIYGLPGLLATLGLSGNSNGIEIYGPSELKSFVTSALESSFCKLSFPLRFRAVEDFASLNKILFENDKLKVHCACLKHRLPAYGYRVSEKDKPGVFDIKKAEDSNIPPGPIYSELQAGKTVQLKDGRSFNGQDFCGPPRKGESFVYCTDTVFSKSAVNLSKNADLLVHESTFSKEDEKMAYEKLHSTTIMAAKTALLSNVKKLIITHLSPRYTQRSSIKPSDLLKEAQKIFPNTYLAKDFLTAEIK,<ps2>,MKLSKKFEELIIKQLESFGCSMGVTHLVMYLASTEQGTKASFEMIGQWPQIDRLLVSVEDDPSLKVSSPNRRWYPLQENDILLGVLRVETDLKEGNWPVSLDSRLKALSLSLAKCVSIELERQNKNEEINYLKSQVNVIIHQLRNPLAALRTYAKLLIKRLGSDVDSIEIVERMIIEQKQINNYMDSFAQLNSPIQLPLDIGEERLLLPPNLDNKKLITVQSLLRPILERGQANANLENRDWTEPSLWPDWTLSPLKAKYAVIAEIVANLLENAFKYAHKDAEIGVAIMSKGLCIFDDGKKITKIENEKIFQKGFRGSAAKKKDGTGVGLFLARKLAKQIGGELRLLENSSINDVEELKSFKKKNIFYLELPIKELHS,<
<ps1>,MIENPSQIVKEISDEKEIENSTIEENTSDTPKEEDLSFDHKDIPSADSSSSRRNNDLDTAGFTQEEFASLLGKYDYNFKPGDLVKGTVFALEPKGAMIDIGAKTAAFMPMQEVSINRVEGLSDVLQPSESREFFIMSEENEDGQLALSIRRIEYQRAWERVRQLQKEDATIYSEVFATNRGGALVRVEGLRGFIPGSHISARKIKEDLEGEYLPLKFLEVDEERNRLVLSHRRALVEKKMNRLEVGEVVIGSVKGIKPYGAFIDIGGVSGLLHISEISHEHIETPHNVLNVNDQMKVMIIDLDSERGRISLSTKALEPEPGDMLTDPQKVFNKAEEMAAKYKQMLLEQTDENEEQTVEIAESV,<ps2>,LSRSLDLPSTEGVDTLAQELAKLQDNGKRRIAFLGSRHVPVVDIHLIELIARSLAEEGHTILTSGSQGVNAAVIRAVLGINPSLLTVLLPQSLDKQLPEIKNQLESVIHLVEKSENDELPLPMASSLCNQEIINRCDQLICFAFHDSETLLNSCRCAEEMGKVVSLLFFD,<
<ps1>,MKKKLAAVSFSALLAIVASSTTSGFASWNTKYWTNEKNFNRISSFNVSENLPEGSKSTTKTSSEVVTASEDGKTLMYTDSDLGVVGLVDISDPAKPKALGIVELEAEPTGIAALGNNIYIGSNTSESYTNPSGALVQYNLDKRRAVKECDLGGQPDSVFVSPDGSFLAVAIENERDEEYKDGQIPQLDEDGKQINPAGYVSLVKLNKKGKIQCNSIKKVDLTGLASIAPSDPEPEFVAINDLGETVVSIQENNHLAVIDKEGKVISHFTAGIVKQMAGMDTKKDGAHKFKKKLKNVRREPDGLTWIDNDHFATANEGDYKHKAPGQAKRGGSRSWTIFKKDGTVVYEDANRLERSIAQIGHFQDGRAGKKGVEPESVTFGKIDGTPYLFVGAERAGIVAVYDITELSQPVLTQLLPSGIGPEGFVAIPDRGLIASANEKDYNKKEPGLSSHVTIYQLQDAPASYPHLTNENGLEFVSWGAISGMVSGEDGKIYAVNDGTFKTQPRIYVIDPSSSPALLERAIDIKLDGKTALFMDQEGITTDGRGGFYISTEGIKKKLTEHPPAIYHVSSEGDILEKITPPPSYLNYAKNPGFEGITRNGNILYIAQQKPWGDDTFNTTKILSYNLISKQWGAVNYQLDRIKKGGVGISELTYHDGALYVIERDSFYGKKAKLKAIYKVDLDGVVFEGLQTTMPPRLYPLVEKELVTDLKPVMKSTGGFILEKVEGLAINNDGQAWISTDNDGTGKKSTGETLFLNIGKI,<ps2>,MKNLKSNKRKIHRKVAAISSIPLLITLISGTIYSFLQPLGVDAFWLIKWHTGNFGIINLQPFYSIFLGIASIISVISGIRLLQKNS,<
<ps1>,MGFIKNKLFIFIILILLQSCSGGRIGNFFESSFKNIEETKIKEDVKNNLKNKIVIKSGGIVEKNKNIEETKIKEDVKNNLKNKIVIKSGGIVEKNKNIEETKIKEDVKNNLKNKVLKMSEKKSKNNKKISDKNISPKKIIFQPKSYKIIFILKDVDPKDPTEDLRAILRNSDVNFEIEKIERYFDTKNKTIKSN,<ps2>,MKWIIQEEKEEDHLQILNKDSEIGIDEVGRGSVFGPVFSVAVVLSKKSGLTLKKLGVNDSKKLTPKKRKDFFPKIIALSSDYALGQSSVREIDLLGIRHATELSMIRAVKKLKHMPSELLIDGPLTLRLWEGNQRNIISGDSKFISIATASIIAKVMRDSLMERLESKYPGYFIFKNKGYGTKQHFSSLKKHGLTNLHRKSFLNKLNLI,<
<ps1>,MELPCRRFGRTNLKMPVLSLGGMRFQKSWDELKFSEISRKEQNKVENILNLANKFGFNHIETAKYYGTSEIQLGMGFKSIEKKPKIIQTKIPPNRDPKLFEAELLKSFEKLQVKKIDLLAIHGINTPEHLHQAVKDGGCIDILKKFQQENLIGYIGFSTHGELSLIEKAITTNLFDYINLHWYFINQTNSKLIELAHKYDLGVFIISPTDKGGHLHTPSTKILELCSPLHPIVFNDLFCLRNKYVHTISVGIAKEQDFNLHLEAVSLLSESDHYIPKILNRLKEESINSLGIEWYKSWDKNLPNWKNTPGGINIPVLLWLANLIDSFDLEEFAKSRYQLLGNGSHWFPGNNANLLDVNVCESQLLKVLERHIKPKKVIKKLRVLKDKFGDKSLKRLSKN,<ps2>,MIFRNKRSSIKKTNILSQDELIKHYGINSYEFTHQEKKEIFVCSKVKEFDLIELDQLLQTVGWSRRPIRRVKRALEFSILVVGLWRHDEKFPRLVGFARCTGDGIIEATIWDVAINPVYQGLGLGKELMKYILQELKKIGISKVTLFADAEVVSFYKRQGWELEPKGSKCAFWYAN,<
<ps1>,MIIIEGFHIFNHKQNCKTKAEWMEQSGMTYDRESEVN,<ps2>,MQIKILVKLFSHLIKVIFKPLLGFAKFFITTYGVFLKFFLQLNGGYWGKIGIGQYSKIERKRFFCILPFYILLALLFGILSLIYWYFVVLFIPFWIERYLTDTAQWNNIFSSIMAFALICGWLLLLSKTK,<
<ps1>,VEGKNTSITFDGREIRLTTGLYAPQAGGAVMIECGDTSLLVTATKTTKKQAADFLPLICDYEEKLYAAGRIPGGFMRREGRPPERATLIARLIDRPMRPLFPSWMRDEIQIVASCLSLDERVPADVLGVTGASIATLLAEIPFYGPMAAVRVGLIGDDFILNPSYREIEKGDLDIVVAGSPEGIVMIEAGANQLSEQDTIEAIDFGYEAVSELIKAQENLLKDLGIKQVKPLEPEEDKALATYLEKNCTKPIDLILKKFDQSKEERDLELDKIELEVQTKIDSLKDDNQLKVLTSENEKLIHSDFKKLTKKLMRSQIINEGKRVDGRDLDEVRKISASAGILPKRVHGSALFQRGLTQVLSTTTLGTPSDAQEMDDLNPSTEKTYLHHYNFPPYSVGETRPMRTPGRREIGHGALAERAITPVLPGKETFPYVLRVVSEVLSSNGSTSMGSVCGSTLSLLDAGVPLKAPVSGTAMGLIKEGKEVRILTDIQGIEDFLGDMDFKVAGTEKGITALQMDMKITGLPVSVISDAIKKARPARLHILEKMQEAIDKPQESLSPHAPRLLSFRIDPELIGTVIGPGGRTIKGITERTNTKIDIEDGGIVTIASHDGAAAEEAQKIIEGLTRKVHEGEIFPGVVTRIIPIGAFVEILPGKEGMVHISQLSEARVERVEDVVRQGDEVTVRVREIDSRGRINLTLRGVAQNGGMSYPEPTPTPVAPLN,<ps2>,MPKQLSFSNESREALEKGINTVANAVKVTIGPKAKNVVIERKFGSPDIVRDGSTVAKEINLDNPISNLGAKLIEQVASKTKESAGDGTTTATILTQIMVQEGLKNIAAGASPIELKKGMEKGLNFVLEKLRSKSIKINGSDIKKVATVSAGGDEDIGSIISKAMDIVTSDGVITVEESQSLETELDITEGMSFDRGYSSPYFVTDQERQICELENPKILITDQKISTLTNLVPILEEVQKSASPFLILAEDIEGEALTTLVLNKNSGVLNVSAVRAPSFGERRKAALEDIAILTGAKLISEDQSMKLEEVTLNDLGKAKKITISKDKTTIVAFDDTKDLVQERVEKLKREVEITESEYDKDKINERIAKLAGGVALIKVGAATETEMKYKKLRIEDSLNATKAAIEEGVVSGGGQTLIEISNELSNSRKEISDDLTTGIDIITNALLEPTKQIAKNAGFNGDVVIADIKRLGKGFNANNGEYENLNESGILDPTKVIRLALQDSVSIAAMIITTEVAVADIPEPEAAPGGPGADPMGGMGGMGGMGGMGGMGMPGMGGMGMPGMGGMGMPGMGGMGMPGMM,<
<ps1>,MILSLLLSTFITIFIAELGDKTQLATLTMSGTSNKPLAVFLGSSSALVLASLVGALAGGSISNFLPEIILKSIASITFFIIGIRLFVNSFTSKENDNNQ,<ps2>,LKNLLGCSVKDLEKIALNYGQAAFRGRQIYNWLYNYKNRSKSIDEINVLPLKFRDQLKNEAFLFGELTLKEKYLATDGTLKLLLNTRDNESVECVGIPTEKRLTACLSSQVGCPMDCKFCATGKEGLKRSLKVSEILDQILFIENQMNQKVSNIVFMGMGEPLLNIDELLLSIRSINEDFAISQRKITVSTVAIPKMISKLSELSFQVLGKCQFTLAISLHASNQKIREAIIPSAKNYHIKNIIDDCREYVRETGRRVSFEYLMLHGVNDKLEHADELSNLIKGFQCHVNLIQYNHIEEVEFKQTPIKNAQLFQTRLSNSGINVSFRKSRGSDRNAACGQLRQNDKIK,<
<ps1>,MYSLEISLRYSPFPLSIQKKEYEDIKRIYDEIKDSMNSDNQNSPLIELSCEKVQDKLITVLAKEVISVQIYEKSAVAGGSKRPGFSLDI,<ps2>,LARDFPLERVRNIGIAAHIDAGKTTTTERILFYSGVVHKIGEVHDGAAVTDWMAQERERGITITAAAISTSWQDHRINIIDTPGHVDFTIEVERSMRVLDGVIAVFCAVGGVQPQSETVWRQADRYSVPRMVFVNKMDRTGADFLKVNQQIKDRLKANAFPIQLPIGAEGDLSGIIDLVSNKAYLYKNDLGTDIEEAPIPDEMKDEALEWRSKLMESVAENDEELIEIFLDKGELTEDQLKKGIREGVLKHGLVPVLCGSAFKNKGVQLVLDAVVDYLPAPIDVKPIQGVLPNGKEDVRPSDDNAPFSALAFKVMSDPYGKLTFVRMYSGVLSKGSYVMNSTKDAKERISRLVILKADEREEVDELRAGDLGAVLGLKNTTTGDTLCNTDDPIVLETLFIPEPVISVAVEPKTKGDMEKLSKALQALSEEDPTFRVSTDQETNQTVIAGMGELHLEILVDRMLREFKVEANIGAPQVSYRETIRSSSKGEGKYARQTGGKGQYGHVVIEMEPAEVGKGFEFVNKIVGGTVPKEYIGPASNGMKETCESGVLAGYPLIDVKVTLVDGSFHDVDSSEMAFKIAGSMAFKDGVKKCNPVLLEPMMKVEVESPDDFLGSVIGDLSSRRGQVEGQSVDDGLSKVQAKVPLAEMFGYATQLRSMTQGRGIFSMEFANYEEVPRNVAEAIISKNQGNS,<
<ps1>,VKKSLFKPSRKFTLFSAFVTLLNDRLSESILLPILPSFVLLFDSKASTYGLLSCTYQLAQFTASPFIGLMSDRYGRRPVTLFCITGSIIGISILSFTVLFDWSTSLATIPLFLLFIARLIDGLSGGTAATATTILADISSPEKRAKTFGLIGVAFGLSFFLGNIFVVIFAKNTNNNFIIPVIIASIIPIINFILVFFYLPETKPQNELNKSTQILKNPLKQLFKVFKEEKIRKLSLAFFIYFIAFTGLTNILIFFLQESLNWTTKASSGTLVVVGVIAIIVQGGLIGPLVKKFGEMRLTLIGSGFILLACFLLITTPQKNAIVNIYSAVSFLAVGAGLITPTLRALISKKLDGDNQGSILSNLQGLQSLGGVLGIGMAGKVYDDFGPKAPFIAGSIILLFMIYLIAEGKNNNISYN,<ps2>,MTDIFEVPTPDNELLEKAKQLRLASIKTSQTNNDDRIRALNLMADYLEKNSKEIIEANIEDYKKAEIKGISKSLLSRLKLSKEKLNLGIEGVRQVGNLIDPVGQIQIKRELSKGLILERKTVPIGVLGVIFESRPDAVMQISSLAIRSGNGVMLKGGSEANLTNLAIVSALKEGLQDSNLDENAICLLTSRKDSMAMLNLEKYINLIIPRGSNELVKFIQENTEIPVLGHADGICHLYIDNEVNLDMALKVALDSKIQYPAACNAVETLLIHKDTASEFLNKAIPMFNSNDVKLIGDKKSFQLGVAFEANYEDWQTEYLDLILSIKIVNDLEEAIAHIQKFSSKHTDGIITENINNANKFMSEIDSSGVFHNCSTRFADGFRYGFGAEVGISTQTLPPRGPVGLEGLVTYKYFLRGEGHIVDDFSSGKLIYSHKDV,<
<ps1>,MQNITFKGNVNFDNQKEELNENELFSLKITDSLYKKDIGKFLEILSSHFIP,<ps2>,MRVVIAGAGLAGLSCAKYLVDNGHIPIVLEARDVLGGKVAAWKDEDGDWYETGLHIFFGAYPNMLQLFKELDIEDRLQWKSHSMIFNQPSEPGTYSRFDFPDIPAPANGVTAILSNNDMLSWNEKILFGLGLVPAMLRGQKYLDKCDSKSWTEWLKEHNIPERVNDEVFIAMSKALNFIGPDEISSTVLLTALNRFLQEKNGSKMAFLDGAPPERLCQPMVDYITERGGEVHMNSPLRKIDLNEDSTVKSFTIAPLDSDEKKKVITADAYVSAMPVDLFKLIIPDQWKGINAFSKLDGLIGVPVINIHLWFDKKLTDIDHLLFSRSPLLSVYADMSITCKEYEDPNRSMLELVFAPAKEWINRSDQDIVDATMEELKKLFPTHFIGDDKTKLRKFKVVKTPRSVYKAVPGCQEFRPSQRSPIKNFFLAGDYTMQKYLASMEGAVLSGKLCAETINKEYSKTSNIVSRETSKIN,<
<ps1>,MLENIWHPSYSAAEYLGITEIKLSHLRENGYFKPGIHWKSSPLGQKKPWNPEVLYNSILCRKIMDEFYSEEKNDQYAA,<ps2>,MRNLIKENIKKTGNNSSRSIKKLLKQRSFVVFISILLTGLGASITSISFKTGIYFINNWRLELLNHFPSVAVLPLFGAVGGAIAGFLIKNFAPAAKGSGVSQIMGFLRHKKVPMNLKVGLVKLISGIIAIGSGFPLGPEGPSVQMGGSVAWQMARWLKAPLAFRRVIVAAGGGAGIAAVFSAPLGGFIYAIEELLNSARPVILLLVVITTFIADSSADIIQALGLDPKAGGFDFNLGFLIQKEYDPSVFFLPIDFIYLVLLGIIIGLFAELYSKYVLFMQKLGKKWYKNKFVLKMSICGLLLGSIYSFLPSSFHNLDELQKIIVEKNTNIEIAFLAVFILFITTGLAAASGAPGGLFYPMLTLGGAIGLIMGTWVEIATGHAPSTYIFAGMGAFVAGCSRTPITAMFLAFALTKNLLIMKPVLISCIASFLVARAFNEESIYERQIQIELED,<
<ps1>,MKKKSITYTDLSKKQLQHLKELYIQKKVECMSHKELKEFVLEIISHQINDTIGKEEEMEAWMEMSKFYGDQFEIIILEIQQKFANNENLQNFEEDSKEHRLELLEKNNIEQNKQDMWDD,<ps2>,MKEIGWPTIDSKHLVVYSKQMLDLENEIFSQGMPQEALMEKVGIQLSKWLLKRKSLLKKGVIVFLGPGHNGGDGAVIAKELFLKGYLVKLWCPFPLKKTITINYVNYLTSLGVEILGDSPNPEGKDLWIDAIFGNNQKRKVDEELIELFNKKFEKRSGKVVSIDVPTGLCPNSGKPFLKNAVKADFNLVVGLNKIGLLQDTALPYVGELHHIDIGICRSQLCKLESKILKISYQDLRTIKLPLLPKNSSKYKRGRTLVIAGSEKYPGAAYLAIKGAISSGAGFVSAIIPNLVSNSIWQVEPEVVVTGSLSSDKNGNSILFNALKNVDFSAYDSIVIGPGIGLNEEDWEKSTQYLLDLKGLLILDADALNRISKSNLGPKFFLERKSKTWITPHNKEFMRLFPEIDCTNKVELAKKAAKAFDISILLKGANSVIANNENAWQLFGTDAETSRAGLGDLLSGFIGGCSSIELSSRDYTKTESLAKYVFLHSFAASKCKKGSNASLIGAQLSKLMRKTKTRLMS,<
<ps1>,MRQHVNPLSKNFFEIDPIPPLNQVFENPKLPLHLDIGCASGEFLFELSLKNKNWNYIGIEIREKLVLNANLKMKSRENKNLYFSFGNANNIFNQTNNKSIINLITSISFNFPDPWFKKKHHKRRVIQPKLLNLLSNSMKKGSLIFIKTDVRDLFDHMELTISESIKFKKIPYQDVDFCESFNPNRIQTNREKYVILNQLKIYESIYKKI,<ps2>,MTDDINPIESDFNAALSRYQDGQELIPIAQDFQKIIQQIPNHFAAWTCLSWLQLLLKNNEEALAAAREAVRLNQQDPQARMNLSLALLATNNKGVRDHVELIKKMAMMMPDVKTELKESVEDGFNRYPNWPELTKINKWLEF,<
<ps1>,VLNDTLSSKFICFHLINISNKLNSTLKIELANPNKSEMFELKSYEKFRDTEDVRFFDISINNSNFRDLVIHNGPAVSPPNDKELGNWQFYIHHKQEDNLLAISGGRTFYLVNLGWEYPFYKVRLESCGLILKIPRGTFHRSVSDENGSVVLNQAIRDKGGSVESEFKVTNSKDNKKLHDCITNLQPKFKIYSVK,<ps2>,LIMSLIPLLPVFHKFNRQFFDQSLTTNREPLVKVRWSDNRLKTTAGFYKRKQLKGVIDSEIILSKPILSKLSCNEIHSTLCHEMIHAWVDRILNINEIHGPNFLSKMNEINKAENNFQISIRHNFPVERKALKYTGKCLNCGEKYMYRKRIKNIACKKCCNLFFNGSWNKKCLILFD,<
<ps1>,MIKDHPIFLESIRFIKSNLIENNFNYLENRVLERLVHTSGDFNIQKLLEFSEGACEKGVKSLKAGAPILTDTDMAAAAIKSMAKNTNGNLVVSAKHWFDDRDLSELTKTAYGIEKGWIELSANNSGNQSPIIVIGSSPTALVNLLEIIQNSQQIPSLIIGMPVGFIGVRQSKNKLLNTNYPRIVMNSTRGGAAMAAAAVNALLRESI,<ps2>,MREEDIKSFEDAFFDALNLFNNQKWYEAHDAFEDIWNTLEGDERQIIQGIIQVSVSQFHLSKGNLNGATILMGEGLGRIKNRTNIDLGVDLVSFCKCLDELLRKLQYKEELTKNDKPYLLIKEQNEF,<
<ps1>,MRVKLEPETAFIGKKFAYIFLGIIFALNSIVFIWYFFFSNLTWS,<ps2>,LFQSLFSTKYNYFYNIYIVFHIRTSILLLSGLVLGLWTSWPGIVIPNNWKCFKDMIEKSSKE,<
<ps1>,VSENIQPSSEENQIVEDLTNKESPEKLPEFKDKELITNLEQNRFECRSCGYIYDPIEGNKKLNIPKNTPFSAIDGNTFACPVCRAGKNLYKDIGPREKPSGFEENLTYGFGFNSLPPGQKNILIFGGLAFAAACFLSLYSLH,<ps2>,LIGIFSAFGAAISWTYACFIWRSQTEKYKSIDINLVKNIIAFLIFLPAFINLSVLNNLKSIITLLFSGVIGIGLGDTFYIKSLQLIGTRRTLSIETLSPILAALSGEIFINENLAFRSYQGILIISISLFILLRQRTNLIVNNLTNITERNNLSVYVFPFLSVLCAVSGGLLSRKVFLESNLSPFQATEIRLLGAIIFLIIIKKFRINFFLKKLDFNDQKRFLLSILLGTNLGILLQQIVFKTLPLGIGWTLLSTSPVISLFFATKEEGQITKGIIFFTTLLFLGLCLIII,<
<ps1>,MKILLSVFFLFAFIPPSKGVTTKMFKVLDTCARYRLGEIDAKQAIEKLKLKSVNSSEIDLKNIVSNYCSVFTPNENIKF,<ps2>,MPKKHPTRRQFLNFGKLSLLFFLNSCSNSLKKIKIGFQSSTYPKSFRDTFPAIWQKENINFSKLKLEKNKIKFSKSDFILINDGWLKSINFANFQNINNLFLNDLLDNRSRDYLKSFKEYQRNKLFPIGVVPYAVIIKNNKDLIYEASNNWDFLLDEKLKGKIIFPQSPRILISISKRINVKNSLSKLKEQAMLFDDKNSINWLINSDASVAIIPFSLCEKYLRVDSRLSMVFPNKGVPLMWNFLLTKSKINNIVLFDWIKSLEKRSTIDELANQGWYLPFKNEYSQDKYNIKTENSNYGPSENCWENSWSFSSLNYEEKVNLENLWNQS,<
<ps1>,MRFKVSLKKDGKEFDEVVIANNKKDAIEVALKNNPEAEVLNSDWTFKL,<ps2>,MNDHNSKDNYEAQTLILNDSNGNELFCYLEQIVKVEEKEYALLTPVDTPVSLFKINENDEPELIEKIEKNEQVLKNADAVLQEHDLKLIRSAVTLTVSGELEEPIYDELEEDGIEEESETYELLVSFNLLEQEYGLYIPLDPFFIVGKLINQGALLIEDDEFDKVQPLIESELEKSSF,<
<ps1>,MENSKPNYWQNAERTNGRMAMMGFFALVVNYGLFGWIIPGIF,<ps2>,LMNKYDVIIIGSGIGGLCCGSLLALAGKKVLIAEAHSQPGGVAHSFNMRGYKFESGPSLWSGIGKWPTTNPLGQILRLLDEKVELIKYQGWHVNVPEGEFNLEVGQEPFKERIRLLRGEKSVKEWDSFVSGIRPLSQIVSEIPLLSSSPETINFLEIIKLASKFLPNIKSLPKLNGGFGDIVDSHLNDPFLRNWVDLLSFLISGMPMHDTNSAAMATLFDEWFKPASYLEYPKGGSESIVKALVDSFKKNGGELILSSKVEAVNFSKNIASGVTLENGSNFISNFVVMNTDAWTSRKLIPQEFQKKWSPKAKDINKCGSFLHIHLGFDASGLQNLPIHAIHVDNWERGITAERNVAVFSIPSVLDKSMAPKGKHVLHGYTPANEPWEIWKNLKSNELAYKELKEERCSIFLKSLRKIIPDIDNRIEIKLLGTPLTHKKYTNTYCGSYGPALSAAQGLFPGCKTSVRNLLTCGASTFPGIGIPAVSASGAYAAEKIMGKKEYKKLLKTIDL,<
<ps1>,VFFKSNFSYSDSNKSYSDLLLELDSGNIQSIYFYPRKREIDVLYKNGNKEKIPILYNDQLILEKASENNVDLTINNSRKESSAANSFASVGLFLIFIIAIVLILKSTSKLASKALGFGKNKSKFVTIDDVETRFDDVAGVPEAAEELKEVIKFLNEPKKFTDLGAKVPKGVLLIGPPGTGKTLLAKAIAGESGVPFLSIAASEFVELFVGVGASRVRDLFEKAKEKSPCIIFIDEIDSIGRQRGSGIGGGNDEREQTLNQLLTELDGFADNSGIIVIAATNRPDILDSALLRPGRFDRKIEVMLPDLDGRKKILSVHSLSKPLAKDVDLSYWATRTVGFSGADLANLMNESAIHCAREDSKLITYSHIENALDKVTLGLRTSIISSQNMKKIIAYNEVGRAIVSAVKNGVDSVDKITILPRSGYLGGYTKINPDEDIVSSGLISKKLLLSKIEIALAGRAAEIIVYGKNEITQCSFNDISYATSIIREMVTKYGFSIIGPLSLEDGGEMSIGDGFVRNKSTIADNTYSRIDNEIINISKISLNNAIKIISNNRILLEKLVELLLIKETVENNTFKKITFDLLKV,<ps2>,MRRKIFFEVFNIKKLSILVLGFTLGVIAIWPGIISRNSRKCFFNIIKDGSDGNIQIKTILLVNPNYLLRIKNAKNDYWKVLLVGDACFRKF,<
<ps1>,MVTSQKKGPDSSASDNELSPDQTLGLVSLSLMQKLSQKDPSFSWLGEMKPDQLNLKNLRDRLELTELAIKTGAPLTTSEVSILMGAKPGKSKIERGGILAIKVARNVWKLSKLGQGSSYYRN,<ps2>,MILKVLEFEFDLIVLGAGSGGLAAAKRAASYGAKVAIIEVNKIGGTCVIRGCVPKKLMVYAANNRRNMLSSEGYGLISKEITFESNILLKNVREEVSRLSVLHSNSLKKLNVKVFEGLGRFLNQNTVEVVCPKTKNILRKVSAKSILISVGGKPKKLNIPGTDFAWTSDDIFELKDFPKKLLIVGGGYIACEFASIFKNLGTEVTQLIRGENLLNGFDKDLSECLEKSMTSLGINLKFKNQLKSIKKINDGLESTLESGSKLLTDNILVATGREPSLKRLNLDTLNLKMDGIYLEVNELNKTSISNIFAIGDIVKRPNLTPVAIEQGRVFADNYFAALKRKVNYENIPKAVFTIPEISTVGLSEEKANEIYSEVNVQVFKCNFTPMSNTFKKNKSKCMLKLVVNKKNDKVLGCHMFGEAASEIIQMVAVSLNTGITKKDFDTTMALHPTISEEFVTMYG,<
<ps1>,MFFLSIPQAWHLAGTWSEQLPNDSNLIGMSQTELMMTLHSIFVPLLLVISYFLFLKISKNESKKVKG,<ps2>,MTSTLPNDNIKNIDEKISNKLISEIIRDRIKSKGTRFSANDNIADFINPGELKVLEKEVASRIKDLLKSLVIDVDNDHNTQETAERVSKMYLNEVFKGRYHEQPKVTSFPNDKNLDEIYTVGPITVRSACSHHLVPILGECWIGIKPGSKVIGLSKFARVADWVFSRPHIQEEAVMILADEIEKLCEPKGLGIIVKAQHYCMKWRGVKEPNTSMINSVVRGDFRHDISLKQEFFELVRQQSSNNNY,<
