<ps1>,EAKIIFEVDWQCADHITYAVHVQIRWKAGQMKFHMEDPENNYKCRVEPDVMNTRKKNPKRGVGKTETNTEWLDKVINQLINKDFSQYL,<ps2>,LYNWHDCILDIEPKRNGNNHKDYGVIGRPKVIMCICMPKDHWMHSPRFKFMKLRLFEFYFIKDYLRPWFGLIYSLFFLFFLGAIGYRITEGWDWGDCLWMVLITITTIGFGEVQTLSPEGRIITVLIIVGGLIFIQFTFQKAVRLFESGYFQRVNELRFKRLLRKMENHVILCGYGRVGQEISNQIKTQNIPIIVVESDEDRKKIAEDNGLEVLCADATLDETLKLAGLDKCKSLVVTLPNDAANLYVVLSAKGIRSSIRVIARAGTEEAASKLRLAGASIVVSPYIAAGRAMASMALRPIAIDFLDLLAGSECEIEEFELSNDISLFETAEKITLLELGIGKKSGAKILAIKEDEKLITNPGGDFLLQPGQVLIAFGSKEQLTTLNRLLGNLVVSVELLK,<
<ps1>,IVVKWQWPNIFTSDCEFGQYDPPYRTKVAEVKMELQGRAKTGTELTYHFNLVESTQSQDSNLGTRLQQDLKNDLIAGLLVVIPLATTIWLSSIVSKFVLTLVTSVPKQLNPFITLNPLLQDLINLTLGLTVPLLAILLIGLMARNFVGRWLLEFGEGTLSKIPVAGAVYKTLKQLLETFLSNKSNRFRRVVLVEYPREGLFSVGFVTGDVGPSLQSELDEKLLSVFIPTAPNPTTGWYTLVPESSVKDLAISVEDAFRTIISVGIVNPDEKDSSSNPTFSKLFSQLRASTNTSST,<ps2>,GVTAYMSAENLICIWDDSDVFFSVGKTYQHVHLPNRTREIIDMAWVIWIALVESTQSQDSNLGTRLQQDLKNDLIAGLLVVIPLATTIWLSSIVSKFVLTLVTSVPKQLNPFITLNPLLQDLINLTLGLTVPLLAILLIGLMARNFVGRWLLEFGEGTLSKIPVAGAVYKTLKQLLETFLSNKSNRFRRVVLVEYPREGLFSVGFVTGDVGPSLQSELDEKLLSVFIPTAPNPTTGWYTLVPESSVKDLAISVEDAFRTIISVGIVNPDEKDSSSNPTFSKLFSQLRASTNTSST,<
<ps1>,DCIDCMDTIKSHVFWWSISQHEEQNQQRCECPMEIHHVRFQGKRIDRVECLMHNRSLSRELSLLSLGLIKDTADLELNKIQIDEIFESALDSLINHCRDELDNCEADLENVSQHILDSELKEGSNSSFANVRDELKKAFYKMESVMNSLSVTLDFPKLIVSSNQIDIREDVNHRILSIINNLKSIDSEIDEVMDRWRLKRLPRVDRDILRLAYVDIHFLDTPVAVACDEAVNLANKYCDTQGRKMINGVLRRLQRVKVN,<ps2>,VADIGQSSHPCGPAPKRLQVSFHLHCWVCMCCWSTTGCTDGDYDIPEWIWLMHNRSLSRELSLLSLGLIKDTADLELNKIQIDEIFESALDSLINHCRDELDNCEADLENVSQHILDSELKEGSNSSFANVRDELKKAFYKMESVMNSLSVTLDFPKLIVSSNQIDIREDVNHRILSIINNLKSIDSEIDEVMDRWRLKRLPRVDRDILRLAYVDIHFLDTPVAVACDEAVNLANKYCDTQGRKMINGVLRRLQRVKVN,<
<ps1>,YCYDQWWTMKHMIKPFLRMDARYWEDVHTKFNDINLGRVLYTAVLEFKEEMNQFFSRRSFILIPIMSILKFILQPKKVLAAFAASDDDWNLSKEDWKNKLSPESYYILREEGTERAFSSQLNNEKRKGIFYCAGCNQPLFTSDTKFDSGTGWPSFWDPIQGSVETKVDFKLIVPRTEYHCSRCGGHQGHVFNDGPLPTGKRYCNNGLALKFIAE,<ps2>,VFKLYHMHKTSKCDQKCAMFKGRVQVAEDFVCNWVFQFCLNCNHIENVQYMNQFFSRRSFILIPIMSILKFILQPKKVLAAFAASDDDWNLSKEDWKNKLSPESYYILREEGTERAFSSQLNNEKRKGIFYCAGCNQPLFTSDTKFDSGTGWPSFWDPIQGSVETKVDFKLIVPRTEYHCSRCGGHQGHVFNDGPLPTGKRYCNNGLALKFIAE,<
<ps1>,FIGGQAGMQIKGEPCSIHRNLIIAHPMKDKNTPVMAEKGWKCEYQNMQYTLVKPKSPDNKISNHLQQDVVKIAGKTIFINPFLYWRRFDENTNRWLREPGQMSEEQIQPNRNRFYPEIDWADLSQNQKLVKDASVEMFLKTLELISTFHPQLNSGQLLEVERKMAITKKLPFEKWVTKSFAKKARAEEYEKRKFKRDRFIRSWKEWLSLENTQQALLPIIVVVFVSAFIGWSSGVSKNSCNPYFEQNLDQSI,<ps2>,EPWHKCQATVHNQDMYMELTLQMPLVFHQPGYWLPVALLHQWYMRRRHTSMKGHKKIRFIFPLVAMYVPLLLLAPKAIAGSFGAEIFCTMRDGGNDHESSWQAAYSYIKKQKGGIFKTSPKQAAGQIIETVVRERDKFSYCVEFLDQLHPDRKLQLENDRKEKRRKKEELLQDKENEDYSKETFDRYSY,<
<ps1>,GDLTYMDILIHFACISYDRQWHPSPIFAEQIGTRCVIERFRTVYMRYTQVMDKPKNKNFANTASRISAIASSVMDLHVRIALQEVDREKRRLISGGVFIAMGGILLLLVLISIHVIFYLTLSKLNNWATEYNLLLIIFVDLFLAGLSLKLGGKLAKGPYLPQTLEGLGKTTKAVLGKK,<ps2>,RGSRKIKTSIKRDLIKMMVDFFIPFHDQQMVRQCHQPWAWPSANLPQVVYMDKPKNKNFANTASRISAIASSVMDLHVRIALQEVDREKRRLISGGVFIAMGGILLLLVLISIHVIFYLTLSKLNNWATEYNLLLIIFVDLFLAGLSLKLGGKLAKGPYLPQTLEGLGKTTKAVLGKK,<
<ps1>,ISIKQSAPMPGRFYVAPWWADQFRGCKPMHRMMPKQKDSAVCNIDCAIHAMQSKTKELDPILEVNNLFASIENLPILKGVTISVNPGEIHAIMGRNGCGKSTLSKIIAGHPSYKITKGEIKFTGNDIQSLEPEERAQSGIFLGFQYPIEIPGVSNLEFLRVATNARRKFLNKEELDTFDFEDLVKEKLDLVKMDSAFLSRSINQGFSGGEKKRNEILQMALLEPKIAILDETDSGLDIDALRIVASGIKKISNEETGIILITHYQRLLDEIQPDYVHVMSDGQIIKTGESDLALELEKHGYEWTDNFIKEQ,<ps2>,YFIFSEWHRKNGYYEGLEWALWPPHDWIELYEWCNVQNDTMAQSEQNRFQMQSKTKELDPILEVNNLFASIENLPILKGVTISVNPGEIHAIMGRNGCGKSTLSKIIAGHPSYKITKGEIKFTGNDIQSLEPEERAQSGIFLGFQYPIEIPGVSNLEFLRVATNARRKFLNKEELDTFDFEDLVKEKLDLVKMDSAFLSRSINQGFSGGEKKRNEILQMALLEPKIAILDETDSGLDIDALRIVASGIKKISNEETGIILITHYQRLLDEIQPDYVHVMSDGQIIKTGESDLALELEKHGYEWTDNFIKEQ,<
<ps1>,GTKYVSRQWKMIDKRIRWYPMASMGSHNKMKYKVATHDIQSVISSRADLIMSKVEIYTWRFCPFCIRAKSLLEKKNITFTEHKIDGDDNARELMMERANGKRTVPQIFIDDKSIGGCDELYELEKEDKLDLLLN,<ps2>,PILWNSVTNQVMNRKLKIEHMEVGHHSKWTYLEHLINGLAVFKCCVLFSEMSKVEIYTWRFCPFCIRAKSLLEKKNITFTEHKIDGDDNARELMMERANGKRTVPQIFIDDKSIGGCDELYELEKEDKLDLLLN,<
<ps1>,AWLSSRMGCKSEDPSDWCFFWLDIEVQYYYITPRRLWQLWYCYEHHKDGIVQFIDQANIILKAGKGGNGIVSFRREKFVPAGGPSGGNGGKGGSIIIIADNNLQTLLDFKFNREIFAKDGFKGGPNKRSGASGENTILKVPCGTEIRDFNTGIILGDLTEDKQSLTIAHGGRGGHGNAYYLSNQNRAPESFTEGKEGEIWEVQLELKLLAEVGIIGLPNAGKSTLISVLSSARPKIANYPFTTLIPNLGVVRKADGNGCLFADIPGLISGAAEGVGLGHDFLRHIQRTKILIHLIDSIAENPIRDFEIIEKELKRYGSGLLNKERIVVLNKMELVDENYLQTITKKLENLSKKKVLVISSSLRKGLSPLLSEVWKRI,<ps2>,GVDGAQRYSLCILLRDIKWHQEVIFKFDCGLYWLRERLPKTVSRDYCQMYVPNNQNRDNFIDKAFTVIAESIVKIMPIADKEKKAYIYYRDGLAAQNNGDYSEALDYYNESLLLEENKIDRGETLKNMAIIYMSNGEEDRSIETYQKALEENPKQPSCLKNIGLIYEKRGRFAEQNGDLDQRDMWFDKAAQVWSKAVRLYPGGYLDIENWLKTSGRSSIDIYL,<
<ps1>,KADIWWAKWCGSTRKGWQSDSNQMMEGMQSLPVCRDMKMEPTAVRQCHTNMTTIQQQRTSLLKGWPQFCEWVTSTNNRIYVGWFGVLMIPCLLAAAACFIVAFIAAPPVDIDGIREPVAGSFLYGNNIISGAVVPSSNAIGLHFYPIWEAATVDEWLYNGGPYQLVIFHFLIGISAYMGRQWELSYRLGMRPWICVAYSAPVSAAFAVFLVYPFGQGSFSDGMPLGISGTFNFMFVFQAEHNILMHPFHMAGVAGMFGGSLFSAMHGSLVTSSLIRETTETESQNYGYKFGQEEETYNIVAAHGYFGRLIFQYASFNNSRSLHFFLAVFPVVCVWLTSMGICTMAFNLNGFNFNQSVVDANGKIVPTWGDVLNRANLGMEVMHERNAHNFPLDLAAAESTTVALTAPAIG,<ps2>,YSRCHKVFLRSEAYIGLVAVQDIEREFSLTKQSSIRVFPHYTFDKQMTKAMTTIQQQRTSLLKGWPQFCEWVTSTNNRIYVGWFGVLMIPCLLAAAACFIVAFIAAPPVDIDGIREPVAGSFLYGNNIISGAVVPSSNAIGLHFYPIWEAATVDEWLYNGGPYQLVIFHFLIGISAYMGRQWELSYRLGMRPWICVAYSAPVSAAFAVFLVYPFGQGSFSDGMPLGISGTFNFMFVFQAEHNILMHPFHMAGVAGMFGGSLFSAMHGSLVTSSLIRETTETESQNYGYKFGQEEETYNIVAAHGYFGRLIFQYASFNNSRSLHFFLAVFPVVCVWLTSMGICTMAFNLNGFNFNQSVVDANGKIVPTWGDVLNRANLGMEVMHERNAHNFPLDLAAAESTTVALTAPAIG,<
<ps1>,LLWWSFRVSNMVVPRMHIWPIQCMSPPFSCFTWMERETRAFQFDSKMYPDMSKVELISLTPEAEKTMAYIARVSNPSNQANDKFAGLLRYCIKHEHWSVFEQSCMTLKIETNRGIAAQILRHRSFTFQEFSQRYAETSLLGNEIPIPNLRRQDQKNRQNSIDDIPDELKIKFSEKISKHFQEANKLYEEMLNEGIAKECARFIMPLATPTRIYMTGSCRSWIHYIQLRSKEGTQKEHMEIAEDCKKVFIKYFPSVSEALNWE,<ps2>,MVPMSVCYDILIDQEERGLACMCLNNQFITQWGGGDYPYISWFIRKRKARMSKVELISLTPEAEKTMAYIARVSNPSNQANDKFAGLLRYCIKHEHWSVFEQSCMTLKIETNRGIAAQILRHRSFTFQEFSQRYAETSLLGNEIPIPNLRRQDQKNRQNSIDDIPDELKIKFSEKISKHFQEANKLYEEMLNEGIAKECARFIMPLATPTRIYMTGSCRSWIHYIQLRSKEGTQKEHMEIAEDCKKVFIKYFPSVSEALNWE,<
<ps1>,LVGDRNWLQKRLHPSEIPWNWLLAPKAWCYSLIYNIHYKFECLRCWNFDLVSGWLFIIFLLLLGGLISTLGDLLGSKIGKARFSILKLRPKKTAILITILTGSLISASSLFLMILVNRQLRVGLFRLGDLQKKLQESKQVLIPLEKEREKLENKIKAKETEFKQLERNIIALRSGKFVIRSGQSLIISEISSSNLKDIKSKIEKIIINANRYTHKIVKPKNKEVKNLLLLRKNHIEEMQNIILKGGNWVINIKSVRNVLTGENFVYAFPEITENKIIVRKGEKITKIDFKQEDFNKKDFGDKVNFLLSSSLAEIKRRGSLVNEIKLRGDSIKELRDFLNKNDKTNFELEAVSLFNSKTAQPVIVELNVNYPES,<ps2>,MQGHFVNTTKGKSLMERDFIPVNDPAKVERNKWPNEISAYVMYIDRLQEFVSGWLFIIFLLLLGGLISTLGDLLGSKIGKARFSILKLRPKKTAILITILTGSLISASSLFLMILVNRQLRVGLFRLGDLQKKLQESKQVLIPLEKEREKLENKIKAKETEFKQLERNIIALRSGKFVIRSGQSLIISEISSSNLKDIKSKIEKIIINANRYTHKIVKPKNKEVKNLLLLRKNHIEEMQNIILKGGNWVINIKSVRNVLTGENFVYAFPEITENKIIVRKGEKITKIDFKQEDFNKKDFGDKVNFLLSSSLAEIKRRGSLVNEIKLRGDSIKELRDFLNKNDKTNFELEAVSLFNSKTAQPVIVELNVNYPES,<
<ps1>,CCLSEEIVFPRNVQWFQESYQKCNHRRINENVNCPKHERDHYACMIFWHDMNDRIIEFEPLIEGILIKRYKRFLADIQIENGEIVTAHCANTGPMKGLLNEGANVRISFSSSTKRKLPWTWEQVKVIGRDNKEVWVGINTLFANKLIRKVIEQNLFKDKLGEIAKIKSEVPYGKDKKSRIDFLLTPKSSNPDNRNIYVEVKNTTWTKNNVALFPDTETKRGQKHLIELKGLIPESKSVLVPCITRKDIDYFAPGDESDPLYGELFRESISAGMLLIPCCFEFHSDHVAWKGFKPLKLN,<ps2>,VHWHIMFYAKFFVKGEAFANIWMAGKCFQTEDSRNTWERTIYCTLRACSPMNDRIIEFEPLIEGILIKRYKRFLADIQIENGEIVTAHCANTGPMKGLLNEGANVRISFSSSTKRKLPWTWEQVKVIGRDNKEVWVGINTLFANKLIRKVIEQNLFKDKLGEIAKIKSEVPYGKDKKSRIDFLLTPKSSNPDNRNIYVEVKNTTWTKNNVALFPDTETKRGQKHLIELKGLIPESKSVLVPCITRKDIDYFAPGDESDPLYGELFRESISAGMLLIPCCFEFHSDHVAWKGFKPLKLN,<
<ps1>,QESRDDMYFDFKYWVMPYTLRTYQEEVHQRIQMRPQEMQMKNFSDDDDQEMRRSLRDSIVGFSLLGGLLVFTFFSFWLRGVKLSSKNWYLFAEFNNASGLSKKSPVTYRGILVGSIEDILFTNESIKAKIVLNNPEIILPKPAFARVVTNSFLGGDVQVALETSEKTIPKNTPKAISDKCDSKLIICQGDTITGKQLSSLSNITNRINQLLKESNQENLIENVVNSIDQFDKTQENLDELIYLSKQEIIRVKPLIKEVTIAAGHLNNILSTINDEETLKDIKLTIEAAESISGKFDNMSDDFEQLMKDKELTKSIRDLTIGLSKFLNEIYP,<ps2>,NFVCWVVMEQNQCLYLNEWTHFSIENVNEKWIQVYYVAYKAGKLMNAGFWMRRSLRDSIVGFSLLGGLLVFTFFSFWLRGVKLSSKNWYLFAEFNNASGLSKKSPVTYRGILVGSIEDILFTNESIKAKIVLNNPEIILPKPAFARVVTNSFLGGDVQVALETSEKTIPKNTPKAISDKCDSKLIICQGDTITGKQLSSLSNITNRINQLLKESNQENLIENVVNSIDQFDKTQENLDELIYLSKQEIIRVKPLIKEVTIAAGHLNNILSTINDEETLKDIKLTIEAAESISGKFDNMSDDFEQLMKDKELTKSIRDLTIGLSKFLNEIYP,<
<ps1>,PDFADTHPQRMGNLMWYDCFGYCDKRQSYRQKHTENQELWSTLCIPYCAHMASSETYEFLFVKPGDHVVIKNEKPPGNTQNGRQEYWIGQIISCIGGARNPNSWTLFQVADIDNGEIIIINADTVERILKTAEN,<ps2>,LHFKLMEASQGFPVITVNDPCQARDMWQWPQLEPAMGYRNDQEIQWPTDPMASSETYEFLFVKPGDHVVIKNEKPPGNTQNGRQEYWIGQIISCIGGARNPNSWTLFQVADIDNGEIIIINADTVERILKTAEN,<
<ps1>,LMIMGDTETTHNNFIEFKHGYFDGSRWWRWYMMFRDSRLKWCNTDLRRCCLSVDRELLKEVTQELWNTVKKLRPEIDRETRLQLVLKALLTIGDLPDQLQAAMVVGVCAEMDKSDFENADGNSNTKEESNSTSVDTSTGRKVFRRSSAK,<ps2>,NLDDYYTPRWVCRWHMYSTFCREMDTGCIRRTTYGNNLPQMYCMDMEVPLLSVDRELLKEVTQELWNTVKKLRPEIDRETRLQLVLKALLTIGDLPDQLQAAMVVGVCAEMDKSDFENADGNSNTKEESNSTSVDTSTGRKVFRRSSAK,<
<ps1>,KYFMDWFNLPFYDLVPMFTDQTNANLGHMSHIFFDLETVTCMYFYPFGGYLQIGDKVPQFSLLDQNGTKRSNNGLKTPLVLFFYPKDDTPGCTIEVCGFRDKYDLFKVLGAQVWGVSNGSSSSHLAFANKNKLQYPLLCDKNDSLRKAFKVPKVLGLLDGRVTYVIDRNGFVKHIFRDLLNGPEHIKEAIRVLKEIQNQ,<ps2>,GRCQNIRYLRIVILSHNWRRLPTTQGHYFKCSNVETELDGKRTFQDIRNALQIGDKVPQFSLLDQNGTKRSNNGLKTPLVLFFYPKDDTPGCTIEVCGFRDKYDLFKVLGAQVWGVSNGSSSSHLAFANKNKLQYPLLCDKNDSLRKAFKVPKVLGLLDGRVTYVIDRNGFVKHIFRDLLNGPEHIKEAIRVLKEIQNQ,<
<ps1>,QCPTNIPDNIAMEMFFCLSFSRYADAKHFVYTQELILECIQYRDESYVATMFSINKSNFMKKIGMQAVDEAIENGIDLDGTPIPSKMLELYNRIMSEENKRERSGVKKSMRNRCVKTGSKHFDKETLDQLLIDSGWEGLKEKEILFFYS,<ps2>,WIFLQAYNIWQGDTNDTVTTVAPSCPNKANDNIEWMFCNVMGRSGFDRCLMFSINKSNFMKKIGMQAVDEAIENGIDLDGTPIPSKMLELYNRIMSEENKRERSGVKKSMRNRCVKTGSKHFDKETLDQLLIDSGWEGLKEKEILFFYS,<
<ps1>,HCHCMLTPVSKCHLNCMKENQPRPMGSSNTKDQDQYGVLMEDMLLRYQGRVNSNSSNQVGKNIRRTGFLIVLSYLLIVLIMKVLEANNFFGYSLSSFSNDIFAPPSLKHLCGTDRLGRDVCLRTLQGSSIAIEVVFLAIFFALILGLPLGLLSGYFGGILDKCLSLVMDTIFSIPVILLAVVVAFVLGKGIINASIALCIVYSPQYFRLIRNQTMLIKSETYVEAARVSGADVKTIIFKYILPNVITPLPILLTLNAADAVLVLGSLGFLGLGVPANVPEWGSDLNLALAAIPTGIWWTALFPGLAMFFLVLGLSFIGEELENIFEN,<ps2>,NRCNYQKCDPNTGAFYRCFDINNPWCYFRNNRDWFTNPMKIEAGSTPVEKLEGINLNQIGVSFKGSGSYVPNQILTNQEISKKVETSDEWIKSRTGISQRRISGLSENVSEMGYKAALGAIEMARWDIETIDLIILATSTPNDLFGSAPEIQSKLGAINAVAFDLTAACSGFLFAAITATQFLKAGSYKRAVVIGSDQLSSYVDWNDRRSCILFGDGAGAIAIEGTNELDNLLGFSMRTDGQRGSFLNLPSQNNQDLIINDINFSSGGFSSIKMNGQEVYKFAVREVPLIIDNLFKKTNFNSEKINWLLLHQANQRILDSVGERLNVSTEKILSNLSNYGNTSAATIPLMLDEAIRNKKIKENDIIATSGFGAGLSWGAALIRWG,<
<ps1>,KRHYLSHEFDRGRDMNDVVLLGGNTIEHFISANVWNRVFYDDLPSTQQWDMSNTESLTGKVALITGASRGIGKEIALELSNLGAKVIINYSSSDEKAEEVVNLIKESGGKVHKLKFDVSKEESVSKAFEEIIKINGAIDILVNNAGITRDGLLMRMKSEQWDDVLNTNLKGVFLCTKYASKFMIKKRSGKIINISSIVGIIGNPGQANYSAAKAGVIGFTKTCAKEFASRGINVNAIAPGFIETEMTEKLNNEEIIKAIPLGKLGSCSQIANLVSFLVSSNAGSYITGQTISIDGGMSI,<ps2>,FMDRRTNFVWGFQTCETFLGGMINTLDKHVKFLYVDTGWWFGYYMWCADCMSNTESLTGKVALITGASRGIGKEIALELSNLGAKVIINYSSSDEKAEEVVNLIKESGGKVHKLKFDVSKEESVSKAFEEIIKINGAIDILVNNAGITRDGLLMRMKSEQWDDVLNTNLKGVFLCTKYASKFMIKKRSGKIINISSIVGIIGNPGQANYSAAKAGVIGFTKTCAKEFASRGINVNAIAPGFIETEMTEKLNNEEIIKAIPLGKLGSCSQIANLVSFLVSSNAGSYITGQTISIDGGMSI,<
<ps1>,WKHWQYASVLLSIPLRDCGRQSRHMYFMMNPFNTVEMIREKRIFECLPYQMHKVLAIETSCDETSVSIVSNSGDIYKIHSNIVASQIEDHSKWGGVVPELAARKHLELLPFVLEQALEESKIRIEKIDVIASTVTPGLVGCLRVGSITARSLCTLYSKPFLGIHHLEGHLSSILFSKNYPKPPFLTLLVSGGHTELIKVGERRKMQRLGRSYDDAAGEAFDKVGRLLGLSYPGGPAIAKIAKKGNASKFNLPKCKISDKEGGFLKYDFSFSGLKTAVLRLVEKINLNGDEIPIPDIAASFERVVAEVLVERTIKCANDYGLDNIVVVGGVAANDTLRKMMISEACKKSIKVHLAPINLCTDNAAMIGAAALYRLKFKAYESSLKLGISGRLPIDQANTLYENKPPF,<ps2>,IGMWMHGSTRSLSADPTRIHWNCCLSYSLVAEQFKNPNCPCWVHNVLDPTLVKPKSPDNKISNHLQQDVVKIAGKTIFINPFLYWRRFDENTNRWLREPGQMSEEQIQPNRNRFYPEIDWADLSQNQKLVKDASVEMFLKTLELISTFHPQLNSGQLLEVERKMAITKKLPFEKWVTKSFAKKARAEEYEKRKFKRDRFIRSWKEWLSLENTQQALLPIIVVVFVSAFIGWSSGVSKNSCNPYFEQNLDQSI,<
<ps1>,RVKYYEFEPNMVNFHYTPTCCCFMSTRFYTFMYMGPYLWMTTVSWLSANMMHKVLAIETSCDETSVSIVSNSGDIYKIHSNIVASQIEDHSKWGGVVPELAARKHLELLPFVLEQALEESKIRIEKIDVIASTVTPGLVGCLRVGSITARSLCTLYSKPFLGIHHLEGHLSSILFSKNYPKPPFLTLLVSGGHTELIKVGERRKMQRLGRSYDDAAGEAFDKVGRLLGLSYPGGPAIAKIAKKGNASKFNLPKCKISDKEGGFLKYDFSFSGLKTAVLRLVEKINLNGDEIPIPDIAASFERVVAEVLVERTIKCANDYGLDNIVVVGGVAANDTLRKMMISEACKKSIKVHLAPINLCTDNAAMIGAAALYRLKFKAYESSLKLGISGRLPIDQANTLYENKPPF,<ps2>,EQWLAYSKWWICWSGTYPFICWEHARMQFQHQTYSCFTHVMSTPMGRVMVVNSNSSNQVGKNIRRTGFLIVLSYLLIVLIMKVLEANNFFGYSLSSFSNDIFAPPSLKHLCGTDRLGRDVCLRTLQGSSIAIEVVFLAIFFALILGLPLGLLSGYFGGILDKCLSLVMDTIFSIPVILLAVVVAFVLGKGIINASIALCIVYSPQYFRLIRNQTMLIKSETYVEAARVSGADVKTIIFKYILPNVITPLPILLTLNAADAVLVLGSLGFLGLGVPANVPEWGSDLNLALAAIPTGIWWTALFPGLAMFFLVLGLSFIGEELENIFEN,<
<ps1>,NKYSHIKVLILLHSMSNVKLEWVPPNFLCLDNRKSHHVKVKFEYWIICTIMHKVLAIETSCDETSVSIVSNSGDIYKIHSNIVASQIEDHSKWGGVVPELAARKHLELLPFVLEQALEESKIRIEKIDVIASTVTPGLVGCLRVGSITARSLCTLYSKPFLGIHHLEGHLSSILFSKNYPKPPFLTLLVSGGHTELIKVGERRKMQRLGRSYDDAAGEAFDKVGRLLGLSYPGGPAIAKIAKKGNASKFNLPKCKISDKEGGFLKYDFSFSGLKTAVLRLVEKINLNGDEIPIPDIAASFERVVAEVLVERTIKCANDYGLDNIVVVGGVAANDTLRKMMISEACKKSIKVHLAPINLCTDNAAMIGAAALYRLKFKAYESSLKLGISGRLPIDQANTLYENKPPF,<ps2>,ICEQMSEFAVGQSSHLMLCDWIVCGQGCPSGLCALWYEMLRVTSFTRKHEMHKVLAIETSCDETSVSIVSNSGDIYKIHSNIVASQIEDHSKWGGVVPELAARKHLELLPFVLEQALEESKIRIEKIDVIASTVTPGLVGCLRVGSITARSLCTLYSKPFLGIHHLEGHLSSILFSKNYPKPPFLTLLVSGGHTELIKVGERRKMQRLGRSYDDAAGEAFDKVGRLLGLSYPGGPAIAKIAKKGNASKFNLPKCKISDKEGGFLKYDFSFSGLKTAVLRLVEKINLNGDEIPIPDIAASFERVVAEVLVERTIKCANDYGLDNIVVVGGVAANDTLRKMMISEACKKSIKVHLAPINLCTDNAAMIGAAALYRLKFKAYESSLKLGISGRLPIDQANTLYENKPPF,<
<ps1>,MGRKGAMLWHGYPQTMDPEGFSMIAKPIRKMLWWAKNICERLGPTLELNYMIKNPIQEVTNKLQYRAIGIVKGIYKPNNIDQLNRGTLTDKEGKIIETVILGKAIALIKKYINLEKDYFWIVYPRNKNINNLHLQVAGIWDPYQLNQFDKNNSEKDPNQLLEELNLNNNYFSIRGELVYVNIKKKEIVIKICSSPPSKRSKYLTFKIIIEGEIPLQFLNNFVSLDVIRDGNTLRMAKYEIIEKIKPEKV,<ps2>,IIFSFRYNQVSVHIYDTRTNDWECVTHWVFGMTREHWSDTRCRFTQRWCVMIKNPIQEVTNKLQYRAIGIVKGIYKPNNIDQLNRGTLTDKEGKIIETVILGKAIALIKKYINLEKDYFWIVYPRNKNINNLHLQVAGIWDPYQLNQFDKNNSEKDPNQLLEELNLNNNYFSIRGELVYVNIKKKEIVIKICSSPPSKRSKYLTFKIIIEGEIPLQFLNNFVSLDVIRDGNTLRMAKYEIIEKIKPEKV,<
<ps1>,RLAPKAHWDCQNDVCDSCLQGFQNPRPPDVFNEGVPTFIAALRVQVPIIRMTKFKLKIASRRSKLAMVQTLWVKEQLEKNIPDLEVSIEAMATQGDKILDVALAKIGDKGLFTKELEAQMLVGHADIAVHSLKDLPTNLPDGLTLGCITKREDPSDALVVNKKNKIYQLESLPPGSIVGTSSLRRLAQLRYKFPHLDFKDIRGNVITRIEKLDSGEFDCIILAAAGLKRLGFESRVHQIIPNEISLHAVGQGALGIECKSDDKEVLKIISVLEDKVSSQRCLAERSFLRELEGGCQVPIGVNSSIQNDEIALIGMVASIDGKRLIKNESIGNIKYPEEVGKKLAEKLKLQGADKILSEIFEQFRDK,<ps2>,NFKHECQYAIHDEYCRYCICPRIVHCFTLIWMWYMILFTIQLKCVWGQVSVPNNQNRDNFIDKAFTVIAESIVKIMPIADKEKKAYIYYRDGLAAQNNGDYSEALDYYNESLLLEENKIDRGETLKNMAIIYMSNGEEDRSIETYQKALEENPKQPSCLKNIGLIYEKRGRFAEQNGDLDQRDMWFDKAAQVWSKAVRLYPGGYLDIENWLKTSGRSSIDIYL,<
<ps1>,CNPTMQQFLPGVSIILFRCVQQVTFPIKHMDRNDVHCKPYYCDHWVHSHMMTKFKLKIASRRSKLAMVQTLWVKEQLEKNIPDLEVSIEAMATQGDKILDVALAKIGDKGLFTKELEAQMLVGHADIAVHSLKDLPTNLPDGLTLGCITKREDPSDALVVNKKNKIYQLESLPPGSIVGTSSLRRLAQLRYKFPHLDFKDIRGNVITRIEKLDSGEFDCIILAAAGLKRLGFESRVHQIIPNEISLHAVGQGALGIECKSDDKEVLKIISVLEDKVSSQRCLAERSFLRELEGGCQVPIGVNSSIQNDEIALIGMVASIDGKRLIKNESIGNIKYPEEVGKKLAEKLKLQGADKILSEIFEQFRDK,<ps2>,LAHHESIYHPIVMLPRVNLKNTSRESMHNMQCWIFAKVWWQLFHMIPWISVNSNSSNQVGKNIRRTGFLIVLSYLLIVLIMKVLEANNFFGYSLSSFSNDIFAPPSLKHLCGTDRLGRDVCLRTLQGSSIAIEVVFLAIFFALILGLPLGLLSGYFGGILDKCLSLVMDTIFSIPVILLAVVVAFVLGKGIINASIALCIVYSPQYFRLIRNQTMLIKSETYVEAARVSGADVKTIIFKYILPNVITPLPILLTLNAADAVLVLGSLGFLGLGVPANVPEWGSDLNLALAAIPTGIWWTALFPGLAMFFLVLGLSFIGEELENIFEN,<
<ps1>,VMKSSRGNGFVSGVCTCDCAQFIDFAHTRNCYYSSAAVVQAATKVLATQGMTKFKLKIASRRSKLAMVQTLWVKEQLEKNIPDLEVSIEAMATQGDKILDVALAKIGDKGLFTKELEAQMLVGHADIAVHSLKDLPTNLPDGLTLGCITKREDPSDALVVNKKNKIYQLESLPPGSIVGTSSLRRLAQLRYKFPHLDFKDIRGNVITRIEKLDSGEFDCIILAAAGLKRLGFESRVHQIIPNEISLHAVGQGALGIECKSDDKEVLKIISVLEDKVSSQRCLAERSFLRELEGGCQVPIGVNSSIQNDEIALIGMVASIDGKRLIKNESIGNIKYPEEVGKKLAEKLKLQGADKILSEIFEQFRDK,<ps2>,EETFIHYTKNKPDNPRWIILDCDPPPVSCAGDSQMWETCIHWSKCDKVWCMTKFKLKIASRRSKLAMVQTLWVKEQLEKNIPDLEVSIEAMATQGDKILDVALAKIGDKGLFTKELEAQMLVGHADIAVHSLKDLPTNLPDGLTLGCITKREDPSDALVVNKKNKIYQLESLPPGSIVGTSSLRRLAQLRYKFPHLDFKDIRGNVITRIEKLDSGEFDCIILAAAGLKRLGFESRVHQIIPNEISLHAVGQGALGIECKSDDKEVLKIISVLEDKVSSQRCLAERSFLRELEGGCQVPIGVNSSIQNDEIALIGMVASIDGKRLIKNESIGNIKYPEEVGKKLAEKLKLQGADKILSEIFEQFRDK,<
<ps1>,GMAHWFPDLGWIWPVMPFDTNCEQIDMYYYPMAKRSINVPQGWPDYLIDDMLVKKMTELFSRFFVKAISFAICISVFFTLFNSPSYAAKTSMTGDYAKDTISVVKTLQIAVETPKDSPDKDKVRDESLALITDYISRYRNRGMVNKTQSFTTMQTALNAMAGHYKNFATRPLPDKLKERLTKEFTLAEKMVLRES,<ps2>,KFPFPMNEDALRNKEFDGQRVVTQEADNVDYYMPALQPDVIWTGPGFKLKMLVKKMTELFSRFFVKAISFAICISVFFTLFNSPSYAAKTSMTGDYAKDTISVVKTLQIAVETPKDSPDKDKVRDESLALITDYISRYRNRGMVNKTQSFTTMQTALNAMAGHYKNFATRPLPDKLKERLTKEFTLAEKMVLRES,<
<ps1>,SFDGQKQLSDNKISYYHREFLAPMYPMRMQYFLMYHSMGPMLSWIMPKPNLKKITSILIIFFLIVLYPIRTYSAEILQINNSSSILVGDQNRDLPIKLFCVEINNEDDEKIALNLLKKEFPRGSKVKIKPIGFKENILTARVFNINETKEMSDLLISKNLSKETCQN,<ps2>,EWHWVGVARHRLDQSFLIKFQPDRYSWPVTQVCNVYDEINGYCWPMQEAELKKITSILIIFFLIVLYPIRTYSAEILQINNSSSILVGDQNRDLPIKLFCVEINNEDDEKIALNLLKKEFPRGSKVKIKPIGFKENILTARVFNINETKEMSDLLISKNLSKETCQN,<
<ps1>,KITTVWWIRNPRWTFNASELQDEFNLMRHTSNSERRMDLCEAMEGITGVGMESIFNNSFATLVAYVGIVSIYLLVIPLILFYWMNNRWNVMGKFERLIVYGLVFLFFPGLILFSPFLNLRLRGDSKG,<ps2>,MVQRIPGGQPAYHRWQPAHHKDWEVGNMHREKSTMYPYPWENNRYGLYWDMESIFNNSFATLVAYVGIVSIYLLVIPLILFYWMNNRWNVMGKFERLIVYGLVFLFFPGLILFSPFLNLRLRGDSKG,<
<ps1>,FMEILEGNFTPQYFWPQGSVGVGSLFGMRYCNASFHPVTSQSQRSGDWAILTKGKVVQIGLLISLLGLLSYKLAPQLGIDNFTASTISNFVLIVIVISWVTSYVLRVLNGKMTFMEQRKRYRKEYEKIVNDKLETKFNLLPKEEQEKLMEDLEKNP,<ps2>,LCKIVLGRWSVTEWEKVNVCRVHQEILCRKNDREIHWNYQGYFHHCWNVKLTKGKVVQIGLLISLLGLLSYKLAPQLGIDNFTASTISNFVLIVIVISWVTSYVLRVLNGKMTFMEQRKRYRKEYEKIVNDKLETKFNLLPKEEQEKLMEDLEKNP,<
<ps1>,YVGMLLWKTEFQCKFFIFMIPSFWKQPRDDPTKNRSMWADRNDVPHQHSKMNDSYYKDKEKIYDAEVLESSSLDENIIIKILIRAGRTIAKPALEVLEMALDPFTPTQVRVSLMAALAYLIMPFDLFPDFMPLVGYSDDFVALTAVLSIWSRYMTPAIRARAERKLNKLFPFVK,<ps2>,MLMVWFWSMCCERAEGRRAQHFLGKDNKDNGCPLIQDEAHSDFWITRAAMMNDSYYKDKEKIYDAEVLESSSLDENIIIKILIRAGRTIAKPALEVLEMALDPFTPTQVRVSLMAALAYLIMPFDLFPDFMPLVGYSDDFVALTAVLSIWSRYMTPAIRARAERKLNKLFPFVK,<
<ps1>,EQFSDIPDEEMNLFPFFDTWAYGRNHFQYRHDEFEWPNQMFIKDIVYYYLMLRSIFAGFFAIVLTLGLGISSVSAKTVEVKLGTDAGMLAFEPSSVTISTGDTVKFINNKLAPHNAVFDGHEELSHADLAFAPGESWEETFDTAGTFDYYCEPHRGAGMVGKVIVE,<ps2>,ALHTYTHPLCISPEISYDTANMFPWQNVGSDAWDAKHCCPTLTQQPDVVYMKGHKKIRFIFPLVAMYVPLLLLAPKAIAGSFGAEIFCTMRDGGNDHESSWQAAYSYIKKQKGGIFKTSPKQAAGQIIETVVRERDKFSYCVEFLDQLHPDRKLQLENDRKEKRRKKEELLQDKENEDYSKETFDRYSY,<
<ps1>,FKDLDTHFVMPWDLQICIDQERYYCLGEAFAGSNTTKGNFKEAMQKTDKWMLRSIFAGFFAIVLTLGLGISSVSAKTVEVKLGTDAGMLAFEPSSVTISTGDTVKFINNKLAPHNAVFDGHEELSHADLAFAPGESWEETFDTAGTFDYYCEPHRGAGMVGKVIVE,<ps2>,DSRTNCSWGNGKEWEITACAICSNPFGCVQIMIQMKDWNETCGITCPDRLVQFIDQANIILKAGKGGNGIVSFRREKFVPAGGPSGGNGGKGGSIIIIADNNLQTLLDFKFNREIFAKDGFKGGPNKRSGASGENTILKVPCGTEIRDFNTGIILGDLTEDKQSLTIAHGGRGGHGNAYYLSNQNRAPESFTEGKEGEIWEVQLELKLLAEVGIIGLPNAGKSTLISVLSSARPKIANYPFTTLIPNLGVVRKADGNGCLFADIPGLISGAAEGVGLGHDFLRHIQRTKILIHLIDSIAENPIRDFEIIEKELKRYGSGLLNKERIVVLNKMELVDENYLQTITKKLENLSKKKVLVISSSLRKGLSPLLSEVWKRI,<
<ps1>,LMDVRANHLWLYIRNWSHVIFAQAIVNAMAPLEHTIQSCFKDCITQNRDWMTNKKRILSGVQPTGDLHIGNWLGAINNWVELQEKHETFLCVVDLHAITTEYDTKQLSKNTLSTAALYIACGINPKICSIFVQSQISAHSELCWILNCMTPINWMERMIQFKEKSIQQGNNVSIGLFDYPILMAADILLYDADYVPVGEDQKQHLELAKDIAQQRINAKFGKEENILKIPQPIIMKKGSKIMSLNDGSKKMSKSDINEGSRINLLDTPEIITKKIKRAKSDSYMGMEFNNPERPESRNLLMIYSLLSGKEVSELENDLSQTGWGTFKKIFTEQIIESLKPIQERYQVLINDPHELNKILIQGKEKAEVVANKTLSRVKSELGFFEIEK,<ps2>,ETFPDWWCQFILKMPMMRKIDHFWEFEGRRMQEVNHRLRKEDGLYCHMFDMTNKKRILSGVQPTGDLHIGNWLGAINNWVELQEKHETFLCVVDLHAITTEYDTKQLSKNTLSTAALYIACGINPKICSIFVQSQISAHSELCWILNCMTPINWMERMIQFKEKSIQQGNNVSIGLFDYPILMAADILLYDADYVPVGEDQKQHLELAKDIAQQRINAKFGKEENILKIPQPIIMKKGSKIMSLNDGSKKMSKSDINEGSRINLLDTPEIITKKIKRAKSDSYMGMEFNNPERPESRNLLMIYSLLSGKEVSELENDLSQTGWGTFKKIFTEQIIESLKPIQERYQVLINDPHELNKILIQGKEKAEVVANKTLSRVKSELGFFEIEK,<
<ps1>,INPTCLKGAPRVVIEREFEACIFHPNDWWKDADHRFDMECRCGWQPSAPQLGRSRKTNQLIREFLSELKEVLTKDGSITLRSLIFQENFHSLEGALKETEIKFIYPSDLKRFKDKSLNVLDICFGLGYNSASLFNNVIRQNSLINWYALEIDKKPLEYSLGNKSFQKLWHPKVFKILKALLKNSKYKDQFFDCDILWGDAREKIKNIPANIKFDLIYLDGFSPQKCPQVWSVEFLSKVTQKLNPQGYLITYSCSAAIRSTLKDFGLNIFNNKPNLVSKNLWSYGTIAVKNIDEKVLQNNLYLKKLSWMEEEHLLTKASIPYRDPTLNSNPKDIIKKRVQEQFLSNLKTSKKWRDKWGMTK,<ps2>,GNHGKKRFCYYYILSQVSCDKPFQHTIVAPNSVSNWTMPKGAMYIAKCSTLGRSRKTNQLIREFLSELKEVLTKDGSITLRSLIFQENFHSLEGALKETEIKFIYPSDLKRFKDKSLNVLDICFGLGYNSASLFNNVIRQNSLINWYALEIDKKPLEYSLGNKSFQKLWHPKVFKILKALLKNSKYKDQFFDCDILWGDAREKIKNIPANIKFDLIYLDGFSPQKCPQVWSVEFLSKVTQKLNPQGYLITYSCSAAIRSTLKDFGLNIFNNKPNLVSKNLWSYGTIAVKNIDEKVLQNNLYLKKLSWMEEEHLLTKASIPYRDPTLNSNPKDIIKKRVQEQFLSNLKTSKKWRDKWGMTK,<
<ps1>,NWIGEIIKVCIWPNGGIWMNWANWWFWHSVLGSCDCIYIATSAMYHFMGMLKNGADSIQVFSDLELLKKTAKKWDGNKRLMLAERGGKTIDGFDLGNSPLSVTKETVQGKRLFMSTTNGTKSLKKVQNVENLFAMSLPNRKAVAERIISLNKKNVLILGSGWEGSYSLEDSLAAGALAIYIKENFNSEVNILNDELQASLALWNVWKNDILKCLKTATHGKRLTSLGDYEDDFKCCSELDCLDIVPTQVERGVIRAS,<ps2>,CAFWFETNDNPWEMLMFGQSMGVYNIWGPLLFGAWPWCGYMYIWESFMDILKNGADSIQVFSDLELLKKTAKKWDGNKRLMLAERGGKTIDGFDLGNSPLSVTKETVQGKRLFMSTTNGTKSLKKVQNVENLFAMSLPNRKAVAERIISLNKKNVLILGSGWEGSYSLEDSLAAGALAIYIKENFNSEVNILNDELQASLALWNVWKNDILKCLKTATHGKRLTSLGDYEDDFKCCSELDCLDIVPTQVERGVIRAS,<
<ps1>,NMGDMRAKHIDNKEACPRQGQSPNVPESWIGRDCLAMKEDMGPGDVDMYYLISEIKELCLKANAIILAHYYQAPEIQDIADFIGDSLDLSRKAANNDADTIVFCGVHFMAETAKILSPNKTVLLPDIDAGCSLADDCPAEEFQKFREENPDHYVVSYINCTAEVKAQSDLICTSSNAVSLVEKIPKDKKIIFAPDKNLGRWVQKNSGRKLKLWPGSCIVHETFSEEALLKLKYKHPDAKVIAHPECSQNLLVLSDFIGSTSKLLDFVSNDYSDTYMVLTEPGIIHQMKKKEPNKNFIEVPDIDGCKCNECPYMKLNTLEKILDCLKNNSPSIELDPEIIKKAYKPIKRMLDMSI,<ps2>,SAQGYQGCEMHHQVVKLLIECPWVSFCNAQDLYSHEAHGLDSELPSSKDVLISEIKELCLKANAIILAHYYQAPEIQDIADFIGDSLDLSRKAANNDADTIVFCGVHFMAETAKILSPNKTVLLPDIDAGCSLADDCPAEEFQKFREENPDHYVVSYINCTAEVKAQSDLICTSSNAVSLVEKIPKDKKIIFAPDKNLGRWVQKNSGRKLKLWPGSCIVHETFSEEALLKLKYKHPDAKVIAHPECSQNLLVLSDFIGSTSKLLDFVSNDYSDTYMVLTEPGIIHQMKKKEPNKNFIEVPDIDGCKCNECPYMKLNTLEKILDCLKNNSPSIELDPEIIKKAYKPIKRMLDMSI,<
<ps1>,PGNPNGRCKRRKIKWCFEDNVQWIVCPTQVSWISLDPCTWTWYFERGGHHMNRKSNNSNPTGNLDYDKILEEEIINSYENKFEANSNINNKNKRFYRLKRTPLEVINRLFFFFFVGSFIFSFFLAYSENKVWFIIYLISAFSCIFYTPNRKALKELIAAWPNIEDLIKGRSLWRKDNK,<ps2>,FCQDQHFYKMDDPVPVMKTRAYWTQEQFFWWWEEWELVNQKPSWYSCGKPMNRKSNNSNPTGNLDYDKILEEEIINSYENKFEANSNINNKNKRFYRLKRTPLEVINRLFFFFFVGSFIFSFFLAYSENKVWFIIYLISAFSCIFYTPNRKALKELIAAWPNIEDLIKGRSLWRKDNK,<
<ps1>,FYYPCPMICSKNAMLLKSEIFLRMKQYDHRHQSTNCTGDLTPFTWAGHHCMKLRLFEFYFIKDYLRPWFGLIYSLFFLFFLGAIGYRITEGWDWGDCLWMVLITITTIGFGEVQTLSPEGRIITVLIIVGGLIFIQFTFQKAVRLFESGYFQRVNELRFKRLLRKMENHVILCGYGRVGQEISNQIKTQNIPIIVVESDEDRKKIAEDNGLEVLCADATLDETLKLAGLDKCKSLVVTLPNDAANLYVVLSAKGIRSSIRVIARAGTEEAASKLRLAGASIVVSPYIAAGRAMASMALRPIAIDFLDLLAGSECEIEEFELSNDISLFETAEKITLLELGIGKKSGAKILAIKEDEKLITNPGGDFLLQPGQVLIAFGSKEQLTTLNRLLGNLVVSVELLK,<ps2>,ICRCNHKNRTPEAINSYRGSWVNNGKDLAPCGWHIIHKQTAASFGYAIKYVPNNQNRDNFIDKAFTVIAESIVKIMPIADKEKKAYIYYRDGLAAQNNGDYSEALDYYNESLLLEENKIDRGETLKNMAIIYMSNGEEDRSIETYQKALEENPKQPSCLKNIGLIYEKRGRFAEQNGDLDQRDMWFDKAAQVWSKAVRLYPGGYLDIENWLKTSGRSSIDIYL,<
<ps1>,LKQPNRKHRLTYPWEATNVYYLLESDMKMKKLHFTICYPMFASLKQPPCWMKLRLFEFYFIKDYLRPWFGLIYSLFFLFFLGAIGYRITEGWDWGDCLWMVLITITTIGFGEVQTLSPEGRIITVLIIVGGLIFIQFTFQKAVRLFESGYFQRVNELRFKRLLRKMENHVILCGYGRVGQEISNQIKTQNIPIIVVESDEDRKKIAEDNGLEVLCADATLDETLKLAGLDKCKSLVVTLPNDAANLYVVLSAKGIRSSIRVIARAGTEEAASKLRLAGASIVVSPYIAAGRAMASMALRPIAIDFLDLLAGSECEIEEFELSNDISLFETAEKITLLELGIGKKSGAKILAIKEDEKLITNPGGDFLLQPGQVLIAFGSKEQLTTLNRLLGNLVVSVELLK,<ps2>,WHMIVSNTLGVGLESFKVGMDINILQMNKWLRESCWWYDSHTEPTLQCFFVSGWLFIIFLLLLGGLISTLGDLLGSKIGKARFSILKLRPKKTAILITILTGSLISASSLFLMILVNRQLRVGLFRLGDLQKKLQESKQVLIPLEKEREKLENKIKAKETEFKQLERNIIALRSGKFVIRSGQSLIISEISSSNLKDIKSKIEKIIINANRYTHKIVKPKNKEVKNLLLLRKNHIEEMQNIILKGGNWVINIKSVRNVLTGENFVYAFPEITENKIIVRKGEKITKIDFKQEDFNKKDFGDKVNFLLSSSLAEIKRRGSLVNEIKLRGDSIKELRDFLNKNDKTNFELEAVSLFNSKTAQPVIVELNVNYPES,<
<ps1>,HMQWRFMGDSMGMCARKHGWGSDFYQQPQSPACVHNAMTHAAIINLFEPTMKLRLFEFYFIKDYLRPWFGLIYSLFFLFFLGAIGYRITEGWDWGDCLWMVLITITTIGFGEVQTLSPEGRIITVLIIVGGLIFIQFTFQKAVRLFESGYFQRVNELRFKRLLRKMENHVILCGYGRVGQEISNQIKTQNIPIIVVESDEDRKKIAEDNGLEVLCADATLDETLKLAGLDKCKSLVVTLPNDAANLYVVLSAKGIRSSIRVIARAGTEEAASKLRLAGASIVVSPYIAAGRAMASMALRPIAIDFLDLLAGSECEIEEFELSNDISLFETAEKITLLELGIGKKSGAKILAIKEDEKLITNPGGDFLLQPGQVLIAFGSKEQLTTLNRLLGNLVVSVELLK,<ps2>,WLGDCLLRTYTMQFMSNHGPAIIFHAWTGENCPKVYCYCEACEQRPEVKSLGRSRKTNQLIREFLSELKEVLTKDGSITLRSLIFQENFHSLEGALKETEIKFIYPSDLKRFKDKSLNVLDICFGLGYNSASLFNNVIRQNSLINWYALEIDKKPLEYSLGNKSFQKLWHPKVFKILKALLKNSKYKDQFFDCDILWGDAREKIKNIPANIKFDLIYLDGFSPQKCPQVWSVEFLSKVTQKLNPQGYLITYSCSAAIRSTLKDFGLNIFNNKPNLVSKNLWSYGTIAVKNIDEKVLQNNLYLKKLSWMEEEHLLTKASIPYRDPTLNSNPKDIIKKRVQEQFLSNLKTSKKWRDKWGMTK,<
<ps1>,FHALQETKYYFQETYELEESHYHKTHNQLGCVSHSMIAADEWSFDTDEKIMSIAKKALLFTSALALIAGPSVTASTRLSGAGASFPAKIYTRWFSDLAKSGGPRVNYQAVGSGSGRKAFIDQTVNFGASDDPMKDKDIAKVTRGLVQIPMVGGTIAFGYNYDCDLKLTQEQAVQVAMGMVKNWKELGCKAGKLTWAHRSDGSGTTKAFTNSMEAFSPTWTLGTGKSVKWPAGVGAKGNSGVAGVIQNTPGAIGYVNQSYIKGNVKAAALQNLSGEFLKPSVEAGAKALNGITLDENLAGKNPNPTAKGAYPIASLTWILAYEKGNGRNTKAIKKSLSTLLSDEYQDKAPTLGFVPLKGDILEKSRAAVKKIGR,<ps2>,RLKRCEGCLNMQEECAFGMNRYKDNMGEPPRKPSQGEFCGEQWSWRGYPNMSIAKKALLFTSALALIAGPSVTASTRLSGAGASFPAKIYTRWFSDLAKSGGPRVNYQAVGSGSGRKAFIDQTVNFGASDDPMKDKDIAKVTRGLVQIPMVGGTIAFGYNYDCDLKLTQEQAVQVAMGMVKNWKELGCKAGKLTWAHRSDGSGTTKAFTNSMEAFSPTWTLGTGKSVKWPAGVGAKGNSGVAGVIQNTPGAIGYVNQSYIKGNVKAAALQNLSGEFLKPSVEAGAKALNGITLDENLAGKNPNPTAKGAYPIASLTWILAYEKGNGRNTKAIKKSLSTLLSDEYQDKAPTLGFVPLKGDILEKSRAAVKKIGR,<
<ps1>,YAFSSEQRCDKMATWWIMTTYEQISNPFVYCAGTSSGDSMIMKCTIVPPIMKIGINGFGRIGRLVFRALWDRADTEITHINEMAGDSNAAAHLLEFDSVHGRWVKDIKVKEEEIIIDGKKLAYTSFKNYLDVPWEKSSVDIILECTGKNKKPDKLNPYFDSLGMKRVIVACPVKGIVAEAESLNIVYGINQNLYDPSKHKLVTAASCTTNCLAPIVKVINENFSIKHGAITTIHDVTNTQVPVDFYKSDLRRARGCMQSLIPTTTGSAKAIAEIFPELKGKLNGHAVRVPLLNGSLTDAVFELNNAVTEEQVNNEFKKASETYLEGILGYEERPLVSADYVNDSRSSIVDSLSTMVVNSNLLKIYAWYDNEWGYSCRLADLTEYVIKKEI,<ps2>,DRRWRDSRMESAEPQCVVADYYLTVHRMNCIRMVYYSNREEIAMNLVTNEMKIGINGFGRIGRLVFRALWDRADTEITHINEMAGDSNAAAHLLEFDSVHGRWVKDIKVKEEEIIIDGKKLAYTSFKNYLDVPWEKSSVDIILECTGKNKKPDKLNPYFDSLGMKRVIVACPVKGIVAEAESLNIVYGINQNLYDPSKHKLVTAASCTTNCLAPIVKVINENFSIKHGAITTIHDVTNTQVPVDFYKSDLRRARGCMQSLIPTTTGSAKAIAEIFPELKGKLNGHAVRVPLLNGSLTDAVFELNNAVTEEQVNNEFKKASETYLEGILGYEERPLVSADYVNDSRSSIVDSLSTMVVNSNLLKIYAWYDNEWGYSCRLADLTEYVIKKEI,<
<ps1>,CGSFQEKYHHEPHRHMEQCWERRWTFSATCVQWSTGWGFEPYYMTPQYIKMKNSIKITQLFLLLIFLTSCKATANKQELIIDSEEQESQQTKLSKSKMEVRYSCGEDGISDFLNDGWIISKQYTEEKICTWKSFPATKDCDMEKDKGCKITTPDKIGEEKVYLLEK,<ps2>,PMLRFFQYTLVMVHHHYLNFGTVMENVSWWQVLQATEAPFCCHKGLKFCLMKNSIKITQLFLLLIFLTSCKATANKQELIIDSEEQESQQTKLSKSKMEVRYSCGEDGISDFLNDGWIISKQYTEEKICTWKSFPATKDCDMEKDKGCKITTPDKIGEEKVYLLEK,<
<ps1>,HVCNREYVIVPITLCPPQMVCAKHYRINWVYHHLRGDGGTEPCQKVKFGWMNFEIKNVFLTIEGKSIVNDVSIKVCPGEIVGLMGPNGAGKTSTFNLAVGNLRPDKGDILINSKSIKNLPLPIRAKLGLGYLTQEASIFRDLTVKENIDLALENSFSSRAIVRNKREKIINEFNLNKVVDNYGYQLSGGERRRCEIARALSVGRQGPKYLLLDEPFAGIDPLAVNDLKKLIIKLRDNGMGILITDHNVRETLLITSKSYVLSEGKILAHGSSDELANNQIVKKFYLGVDFQL,<ps2>,KAMRFCFMYCYLSWVNDMTIGTDTGQVVPDNIHMMNLHYTSVAENRIYYIMAAKEHKSLQGSKILLIEDDKSIRLTVTESLISEGFEVSNFKDGSSALDFILGEGIKDFDLILLDLMLPGLNGLELCRKIRNEELYTPILILSAKGNESDRVLGLEVGADDYLTKPFGISELIARCRALLRRSKRGKEKKQKIETIIEYKNIKMFTEECRVTNFNQEIILSPKEFKLLELFIKNPKRVWSRDLILEKIWAIDFIGDTKTVDVHVRWLREKLEENPSAPKIIKTVRGFGYRFG,<
<ps1>,CMPEPKVLATNTTRSCLHMTDEGVVADHHQEHVQDFARMCDDCGKVDWIKMNFEIKNVFLTIEGKSIVNDVSIKVCPGEIVGLMGPNGAGKTSTFNLAVGNLRPDKGDILINSKSIKNLPLPIRAKLGLGYLTQEASIFRDLTVKENIDLALENSFSSRAIVRNKREKIINEFNLNKVVDNYGYQLSGGERRRCEIARALSVGRQGPKYLLLDEPFAGIDPLAVNDLKKLIIKLRDNGMGILITDHNVRETLLITSKSYVLSEGKILAHGSSDELANNQIVKKFYLGVDFQL,<ps2>,QPRPQMAPEVAYDWCDNTELLYDLRPPASGVIFPVLFLNAVVFECAWYPVMNFEIKNVFLTIEGKSIVNDVSIKVCPGEIVGLMGPNGAGKTSTFNLAVGNLRPDKGDILINSKSIKNLPLPIRAKLGLGYLTQEASIFRDLTVKENIDLALENSFSSRAIVRNKREKIINEFNLNKVVDNYGYQLSGGERRRCEIARALSVGRQGPKYLLLDEPFAGIDPLAVNDLKKLIIKLRDNGMGILITDHNVRETLLITSKSYVLSEGKILAHGSSDELANNQIVKKFYLGVDFQL,<
<ps1>,VDLHNHQTFGGIYKHEGWCVRVDLDKEHWSMNFIELYDHMSRMYLWFWWNMLLSKLVDLIKSGESKFIKANIFENIDIENAASIDIALKNQISFLEENNILKDNLGKTSASAIITSNNNEILGLLESLNISNIVVENPRIAFAEVLNFLYEEINFNPGIDDSAVIKSSAKVGKNCYVGPNVYIGENSIIGDNNKIFPGTTILGNVRLGNNNVIHPNCVIYENTSIENNCVINSNTVIGSEGFGFIPQDGKWIKMPQKGCVIIKSFVEIGTNCCIDRPSVGNTFIDEGTKMDNLVQIGHGVKIGKNCAFAAQVGIAGGAVIGNSVILAGQVGVNNRVKVGNNVIASSKCGIHCDIEDGEVVSGFPAMKNKSWLRSSSVFKKLPELAKKLRQLDKK,<ps2>,MQGAMIIQKNFMSRRNLSVEGYDKFVHKDDATAWWPWHCVKVVSFNPIWLMLLSKLVDLIKSGESKFIKANIFENIDIENAASIDIALKNQISFLEENNILKDNLGKTSASAIITSNNNEILGLLESLNISNIVVENPRIAFAEVLNFLYEEINFNPGIDDSAVIKSSAKVGKNCYVGPNVYIGENSIIGDNNKIFPGTTILGNVRLGNNNVIHPNCVIYENTSIENNCVINSNTVIGSEGFGFIPQDGKWIKMPQKGCVIIKSFVEIGTNCCIDRPSVGNTFIDEGTKMDNLVQIGHGVKIGKNCAFAAQVGIAGGAVIGNSVILAGQVGVNNRVKVGNNVIASSKCGIHCDIEDGEVVSGFPAMKNKSWLRSSSVFKKLPELAKKLRQLDKK,<
<ps1>,FRTTDPNTAIYGTFRGGWWFSNCISIDKNICHTNPSRCCMETKKWVWGPPMSSNFKNLYTSNNPPLEMILMRGSKLESIHKVHAVISDKKGRVLMCAGNPEYKSFIRSALKPFQAIPFVSSGASSKIKNSSKSIALSCGSHSGSKLHAREAFKILWEYNIDIHNLKCPIKKTSPLEHNCSGKHAAFLATCKKLNWPLETYLKGDHPLQVEIFRIISELLEIPLEQIYAERDDCGAPTLYMKILEMAKLYSLLSSSDNAELEQISRAMTINPTMISDHNRFDTEVIQASHGHVISKGGAEGIQCFCKVNEGMGLALKVEDGSKRAKQSVGLHILKQLEWISELRIQDIEDKIIKLPEGVQIEVKGQLKFQES,<ps2>,NWDTKPITPNNSSYATFRGIDTKHFGGNYEIQMESSSHWGQAICFWWGFTVPNNQNRDNFIDKAFTVIAESIVKIMPIADKEKKAYIYYRDGLAAQNNGDYSEALDYYNESLLLEENKIDRGETLKNMAIIYMSNGEEDRSIETYQKALEENPKQPSCLKNIGLIYEKRGRFAEQNGDLDQRDMWFDKAAQVWSKAVRLYPGGYLDIENWLKTSGRSSIDIYL,<
<ps1>,CWFCGKGTPYWALDHRYSSGIQYFWGYTKGMRYWDIPPFEAHTTQFYEGSVRIIFWGTPEYSVKSLEVLKKSDHDIVAVITQPDKKRSRGNKLISSPVKEYATKENIPVFTPETIKENIQFISILNDLSCDLFIVIAYGKILPKAILDIPKYKSWNAHASLLPRWRGAAPIQWSILEGDKITGVGIMRMEEGLDTGDVLVEKQIKIENNDNLKTLTKKLSDLSSELFLRAISDIEQNKNRDINLLLKKQTDFKRELKYARMINKLDYIINWENSATDIYRKINALYPRANTTYKRKNLKIIKIKILTTHEIHNKNYKILSNVFKPGLIIGLIKNVGIIITTKTDPILLLEAKLEGKKVSSQNQLIQQLNPVIGENFSD,<ps2>,YYCVTEDSFYVAQTQNCTQISPNWWEQFKSIDLYVQKHAAWTETAPHMQNVRIIFWGTPEYSVKSLEVLKKSDHDIVAVITQPDKKRSRGNKLISSPVKEYATKENIPVFTPETIKENIQFISILNDLSCDLFIVIAYGKILPKAILDIPKYKSWNAHASLLPRWRGAAPIQWSILEGDKITGVGIMRMEEGLDTGDVLVEKQIKIENNDNLKTLTKKLSDLSSELFLRAISDIEQNKNRDINLLLKKQTDFKRELKYARMINKLDYIINWENSATDIYRKINALYPRANTTYKRKNLKIIKIKILTTHEIHNKNYKILSNVFKPGLIIGLIKNVGIIITTKTDPILLLEAKLEGKKVSSQNQLIQQLNPVIGENFSD,<
<ps1>,EFQWKKVQWNYKPHQVVSGNVVSKLWNPFEIRGEHTPMVYCGPADFSYQDMRNEKYWVKALDQTHLSITNNGLFPLKTTVVTREYYNKNDFIIRELDTSRFTKKNNYGPNQNPFNPWDKILEVDKVGTNHQLILNKYPVQKGHILLITNTWRPQDGWLDINDWIAIQMVNEDTSGLWFFNSSPIAGASQPHRHFQLLRRDHGEIICPREKWFLDFENNNDQDSKLKKNTVVSKFNFLNNSINIYNLYLELSNKIGLGNPIDDEKPRFPYNILITNNWIAIIKRKYDHVHGFSVNGLGFAGYLLVTEKSNINYLKKYGPEKLLENFV,<ps2>,DKINDYCPPYTLYCGSRAHTLHCYTTIYGCNIAGDKPNPPWHTADDVLVWMRNEKYWVKALDQTHLSITNNGLFPLKTTVVTREYYNKNDFIIRELDTSRFTKKNNYGPNQNPFNPWDKILEVDKVGTNHQLILNKYPVQKGHILLITNTWRPQDGWLDINDWIAIQMVNEDTSGLWFFNSSPIAGASQPHRHFQLLRRDHGEIICPREKWFLDFENNNDQDSKLKKNTVVSKFNFLNNSINIYNLYLELSNKIGLGNPIDDEKPRFPYNILITNNWIAIIKRKYDHVHGFSVNGLGFAGYLLVTEKSNINYLKKYGPEKLLENFV,<
<ps1>,NNKIYHRPWAKGQTEVDTLMETKVWKRPWSIMRRWASEKDPIIMQNTVAKMTTSSKKDYLSILGLSSKFDDIELKKAFRREARKWHPDLNKNDINAEDRFKLINEAYEFLRDPVRRVKSIDSNSSNEEIYNKYSTGFPEFKDYLNSLFGFEYESELDNESYDQTSDFYEDEKPNAIFNEEEFNSYDYPARSPEEPPPVKLHQDIETIIELTPDEALSGASILIELEDQTVVEVDTPPFAGDGWRLRLENIAKGGKDHYLQLKVQTENGLRIDGLRVLYKLELFPPDALLGCAVEVPTLDGNVTLQVPPKSSTGRLLRLKGRGLSFGDNIGDQFVEILVVIPADINDEEIALYTRLQELSLSDE,<ps2>,ILDPMDVGSMNHWKGHSHIIKHIHIYNFEEDSYAVCSNYMSWKSGTKPIWMTTSSKKDYLSILGLSSKFDDIELKKAFRREARKWHPDLNKNDINAEDRFKLINEAYEFLRDPVRRVKSIDSNSSNEEIYNKYSTGFPEFKDYLNSLFGFEYESELDNESYDQTSDFYEDEKPNAIFNEEEFNSYDYPARSPEEPPPVKLHQDIETIIELTPDEALSGASILIELEDQTVVEVDTPPFAGDGWRLRLENIAKGGKDHYLQLKVQTENGLRIDGLRVLYKLELFPPDALLGCAVEVPTLDGNVTLQVPPKSSTGRLLRLKGRGLSFGDNIGDQFVEILVVIPADINDEEIALYTRLQELSLSDE,<
<ps1>,FCTQSVCTNPGRETRMAAHPWEMNYKGVKIKSYMNGSQHQNNPKRGWFWILKKTFKVTITNKETGKIYQENISDQEYILKEFEKKGLRLPFSCRNGCCTSCAVKIISGKLDQPEAMGVSQDLKDKGYALLCVAKVIEDIEVETTYYDEVYDLQFGQYFGKGKTRKAPPWEFEED,<ps2>,EKIVQPHFFSAGQSFTVMSLKVWCPEGCHKSERMKNNVVKNAQENYHWWVMKGHKKIRFIFPLVAMYVPLLLLAPKAIAGSFGAEIFCTMRDGGNDHESSWQAAYSYIKKQKGGIFKTSPKQAAGQIIETVVRERDKFSYCVEFLDQLHPDRKLQLENDRKEKRRKKEELLQDKENEDYSKETFDRYSY,<
<ps1>,GLNMTSRDPYLRFGMQYWPDDGMIMMLKYPKRNWTRQGGAFIKDHGPEEDMDFKTYQKQARLTAQYPNLGSNNIYPTLGLVGEAGEVAEKVKKVIRDKKGIFDEESKKGIKKELGDVLWYISNLCNEFNFELEEVALQNLEKLKLRAAKGKISGSGDDR,<ps2>,SVCAPTDEKYFDPLIILRFFTGACNMSRVKVRFVGWYRWQTVLNSVIDRLMDFKTYQKQARLTAQYPNLGSNNIYPTLGLVGEAGEVAEKVKKVIRDKKGIFDEESKKGIKKELGDVLWYISNLCNEFNFELEEVALQNLEKLKLRAAKGKISGSGDDR,<
<ps1>,NQKFLAATFNLSVASSLAQLYIAVNHQVQPIGPPIKDQITYKLVKQHDGFMSFFQGKILLNFIIDLLNKPAINWSNFELNSSLQLNDFVDLLLEPLNTSQYSYNIKLGLHEALINAVTHGNKLDPNKSIRVRRIITPNWCVWQIQDQGNGLEIKKRLYKLPKKFTSFNGRGLYIINECFDDIRWSNKGNRLQLALKR,<ps2>,LERYRKYSHMAFCVAGELKFRAIDFASHMQLSNRCMDFCKPDVSGHKPAEVPNNQNRDNFIDKAFTVIAESIVKIMPIADKEKKAYIYYRDGLAAQNNGDYSEALDYYNESLLLEENKIDRGETLKNMAIIYMSNGEEDRSIETYQKALEENPKQPSCLKNIGLIYEKRGRFAEQNGDLDQRDMWFDKAAQVWSKAVRLYPGGYLDIENWLKTSGRSSIDIYL,<
<ps1>,IPRICHRETHSPLMGCVTEKSLHNCHEIQMAGKWEPIACWSYFNDIGSDYMSFFQGKILLNFIIDLLNKPAINWSNFELNSSLQLNDFVDLLLEPLNTSQYSYNIKLGLHEALINAVTHGNKLDPNKSIRVRRIITPNWCVWQIQDQGNGLEIKKRLYKLPKKFTSFNGRGLYIINECFDDIRWSNKGNRLQLALKR,<ps2>,MCCNFVEFSIMVNRHAPNFKCSRVLVSHWGVNMRKYVGDTFRLKVNRATPMSFFQGKILLNFIIDLLNKPAINWSNFELNSSLQLNDFVDLLLEPLNTSQYSYNIKLGLHEALINAVTHGNKLDPNKSIRVRRIITPNWCVWQIQDQGNGLEIKKRLYKLPKKFTSFNGRGLYIINECFDDIRWSNKGNRLQLALKR,<
<ps1>,GAYNYIMDVPHTSVFYLMQMEETDCFGCHESHECWPSTYWKCNIYDAHSDVASTLLFTALKEAIDEEMANDVNVCIMGEDVGQYGGSYKVTKDLYEKYGELRVLDTPIAENSFTGMAVGAAMTGLRPIVEGMNMGFLLLAFNQISNNMGMLRYTSGGNYKIPAVVRGPGGVGRQLGAEHSQRLEAYFHAVPGIKIVACSTPTNAKGLMKAAIRDNNPVLFFEHVLLYNLSEELPEGDYICSLDQADLVKEGKDITILTYSRMRHHCLKAVEELDKKNIDVELIDLISLKPFDMKTISKSIKKTNNVIIVEECMKTGGIGAELIALITEECFDDLDTRPIRLSSQDIPTPYNGNLENLTIIQPHQIVEKVEEVINGSI,<ps2>,RCNVQNCYKTCDLDHTEEIVPHHTIWGVVQEWNRQEGGVPTMGVYRNMVMVASTLLFTALKEAIDEEMANDVNVCIMGEDVGQYGGSYKVTKDLYEKYGELRVLDTPIAENSFTGMAVGAAMTGLRPIVEGMNMGFLLLAFNQISNNMGMLRYTSGGNYKIPAVVRGPGGVGRQLGAEHSQRLEAYFHAVPGIKIVACSTPTNAKGLMKAAIRDNNPVLFFEHVLLYNLSEELPEGDYICSLDQADLVKEGKDITILTYSRMRHHCLKAVEELDKKNIDVELIDLISLKPFDMKTISKSIKKTNNVIIVEECMKTGGIGAELIALITEECFDDLDTRPIRLSSQDIPTPYNGNLENLTIIQPHQIVEKVEEVINGSI,<
<ps1>,NQQMYIWVHPVKNRRPACLYATFLALIHMAKVTVWWFECRNFFKNWIIKLMSKLSTTKICVKSPAKINLHLEIIGKRKDGYHELAMIMQNIDLSDYIEFENNQIGEIKLKSNSKDLSLDEDNLIIKAANYIKDMSKNKELGANIFLKKNIPIGAGLAGGSSNAAATLVGLNKLWDLDLDYETIFILSAKLGSDVPFFIEGGCQFCFGRGEILEKYSSNFDFGVILLKNPNISISTVDTYKKYSQEFCPKYFTETEKTNKIRNDLRVNGFNDFKLSEQRINVKNDLQVIVERENNSVKKALYLLSNLQNCLSYSMSGSGPTCFALFKDINIANEVFEQNYKMFNNNGFEAWVCKLINSGITLL,<ps2>,DWPWHDMSGSWEYLCWPDCMNQQEIYAPCLTCMVWFMTIFCPRYWTDIQLLVKPKSPDNKISNHLQQDVVKIAGKTIFINPFLYWRRFDENTNRWLREPGQMSEEQIQPNRNRFYPEIDWADLSQNQKLVKDASVEMFLKTLELISTFHPQLNSGQLLEVERKMAITKKLPFEKWVTKSFAKKARAEEYEKRKFKRDRFIRSWKEWLSLENTQQALLPIIVVVFVSAFIGWSSGVSKNSCNPYFEQNLDQSI,<
<ps1>,PFFMDSWCVPKDPTQFFSVHSPWHVYTIIDKQMWDEQQNNHMNYALGNYRMSKLSTTKICVKSPAKINLHLEIIGKRKDGYHELAMIMQNIDLSDYIEFENNQIGEIKLKSNSKDLSLDEDNLIIKAANYIKDMSKNKELGANIFLKKNIPIGAGLAGGSSNAAATLVGLNKLWDLDLDYETIFILSAKLGSDVPFFIEGGCQFCFGRGEILEKYSSNFDFGVILLKNPNISISTVDTYKKYSQEFCPKYFTETEKTNKIRNDLRVNGFNDFKLSEQRINVKNDLQVIVERENNSVKKALYLLSNLQNCLSYSMSGSGPTCFALFKDINIANEVFEQNYKMFNNNGFEAWVCKLINSGITLL,<ps2>,YFRCIHNFDECIYFLAMELRSAMHVHHVTKVSYFAPWTCKGCLHYKCRADVPNNQNRDNFIDKAFTVIAESIVKIMPIADKEKKAYIYYRDGLAAQNNGDYSEALDYYNESLLLEENKIDRGETLKNMAIIYMSNGEEDRSIETYQKALEENPKQPSCLKNIGLIYEKRGRFAEQNGDLDQRDMWFDKAAQVWSKAVRLYPGGYLDIENWLKTSGRSSIDIYL,<
<ps1>,PKNEALPIPTEMSYVDGHTRVACITLMSPGANNNLITKCKPAVKIFMPFDMKNLKLKVIFKYLKPYKKEFLYGGIALLVVNILSILIPLEVKNIIDQLKDGFSSSFVISKSLFLMFLATCMGLIRLFSRQIVFGIGRKVEVNLRQKLFDHLLIQDPDWIQKKGSGDIISRATSDVENIRRLLGFTVLSLCNIVLAYSLTIPSMLSINKTLTVAALMIFPMILVIVSLFGGRMVSQRKIQQESLSKLSDLIQEDLSGISAIKIYAQEEAEKKQFNNYNKVYRNSAIKLARTASTLFPLLQGISSISLLILLGLGTSQLENGFITIGGLVALILFVERLVFPTALLGFTLNTFQLGQVSLDRVEEIFQNNPKITDKPKAKFIKKKVKGTIEAKNLKIKYEGAKFNSLNRLNFKINPGELIAIVGPVGCGKTTLAKSLGRTIEIPDGQLFLDDIDITNIKLRDLRKHIAIVPQEAFLFTSTISENLKFGDPKASRNVVKNSAVNAGLIDDINSFPDGFKTIVGERGITLSGGQRQRTALGRALLVDASVVVLDDALASVDNKTAAKIIEEMRANKSKTILMISHQLSVAATCDRVLVMDQGKIVQEGIHKDLITTNGLYKNLWEREIATNKIVS,<ps2>,PTYIQIWFQLYMRVFHFWVHFLTFQFWGMDVVEGMFAMQQLRKFHEFGAYMKNLKLKVIFKYLKPYKKEFLYGGIALLVVNILSILIPLEVKNIIDQLKDGFSSSFVISKSLFLMFLATCMGLIRLFSRQIVFGIGRKVEVNLRQKLFDHLLIQDPDWIQKKGSGDIISRATSDVENIRRLLGFTVLSLCNIVLAYSLTIPSMLSINKTLTVAALMIFPMILVIVSLFGGRMVSQRKIQQESLSKLSDLIQEDLSGISAIKIYAQEEAEKKQFNNYNKVYRNSAIKLARTASTLFPLLQGISSISLLILLGLGTSQLENGFITIGGLVALILFVERLVFPTALLGFTLNTFQLGQVSLDRVEEIFQNNPKITDKPKAKFIKKKVKGTIEAKNLKIKYEGAKFNSLNRLNFKINPGELIAIVGPVGCGKTTLAKSLGRTIEIPDGQLFLDDIDITNIKLRDLRKHIAIVPQEAFLFTSTISENLKFGDPKASRNVVKNSAVNAGLIDDINSFPDGFKTIVGERGITLSGGQRQRTALGRALLVDASVVVLDDALASVDNKTAAKIIEEMRANKSKTILMISHQLSVAATCDRVLVMDQGKIVQEGIHKDLITTNGLYKNLWEREIATNKIVS,<
<ps1>,YKYWYIYIIANDSFTYSNGPSSFGHICQAKQIHHDGRYSMRIQPCYPMPYMAKSSWEGNCFLNFFNNKSSSGKDDKTIFKSKFTSPYKLLKCSYDQEGRCILPILHTAGGLVGGDLLEFEANIGINSKVLLTTSSAQKVYGSVGRSKINPEGTFSSQKTKISILDNSHLEYLPQETIVFANGLYSQEFNIKISDNSSFLFTDLIRLGRSSAGESIESGVFRSKLEIMRNGNLCDDWEFVDQIELTKFSFEAKSGMDFKPVFGSLIWICEKEFPITKISYLKEKIKIIFKENNNYLSLGTLENGLSIRFLGTSSQDARKCFFSIWTQIRTVCGFCKPEYQGVWPLQDL,<ps2>,WYVTCTERRCITVPCVPTCHLRPLLRGQLYCTFRRDTEGWVFPQMRAGRWMAKSSWEGNCFLNFFNNKSSSGKDDKTIFKSKFTSPYKLLKCSYDQEGRCILPILHTAGGLVGGDLLEFEANIGINSKVLLTTSSAQKVYGSVGRSKINPEGTFSSQKTKISILDNSHLEYLPQETIVFANGLYSQEFNIKISDNSSFLFTDLIRLGRSSAGESIESGVFRSKLEIMRNGNLCDDWEFVDQIELTKFSFEAKSGMDFKPVFGSLIWICEKEFPITKISYLKEKIKIIFKENNNYLSLGTLENGLSIRFLGTSSQDARKCFFSIWTQIRTVCGFCKPEYQGVWPLQDL,<
<ps1>,HRDKMGEDERNDTPTYGPVPCGMWFGFGCQLLRLGEFHAYKARSSVAYSIMSSKLRVGVAGPVGSGKTALVETLCIALKKRYKIAVVTNDIYTKEDANFLIKKKILEEGRIVGVETGGCPHTAIREDCSLNKNAVMDLENKYDPLDFIFVESGGDNLAASFSPELVDLSIYVIDVSAGDKIPRKGGPGITRSDLLLINKIDLADMVGANLNIMQNDTNMMRDGKPWFFTNLSSGSGVDNVIKYLVAQIPNI,<ps2>,HWSRQRDYYAIVKYVHCGFCNCFCWYLMDCEQGGLYYWVGRWNCDLMNPDVNSNSSNQVGKNIRRTGFLIVLSYLLIVLIMKVLEANNFFGYSLSSFSNDIFAPPSLKHLCGTDRLGRDVCLRTLQGSSIAIEVVFLAIFFALILGLPLGLLSGYFGGILDKCLSLVMDTIFSIPVILLAVVVAFVLGKGIINASIALCIVYSPQYFRLIRNQTMLIKSETYVEAARVSGADVKTIIFKYILPNVITPLPILLTLNAADAVLVLGSLGFLGLGVPANVPEWGSDLNLALAAIPTGIWWTALFPGLAMFFLVLGLSFIGEELENIFEN,<
<ps1>,QVDLSFEKMTQTHHYCEWTDSYLQYMKTWYNFYWSTSSGYILHAEAREHYMSSKLRVGVAGPVGSGKTALVETLCIALKKRYKIAVVTNDIYTKEDANFLIKKKILEEGRIVGVETGGCPHTAIREDCSLNKNAVMDLENKYDPLDFIFVESGGDNLAASFSPELVDLSIYVIDVSAGDKIPRKGGPGITRSDLLLINKIDLADMVGANLNIMQNDTNMMRDGKPWFFTNLSSGSGVDNVIKYLVAQIPNI,<ps2>,QQCMNVHAHLKDLLTVMAEMMPWYAGHMMSSCFSFRVMRQCTLWMVVAHWMTKFKLKIASRRSKLAMVQTLWVKEQLEKNIPDLEVSIEAMATQGDKILDVALAKIGDKGLFTKELEAQMLVGHADIAVHSLKDLPTNLPDGLTLGCITKREDPSDALVVNKKNKIYQLESLPPGSIVGTSSLRRLAQLRYKFPHLDFKDIRGNVITRIEKLDSGEFDCIILAAAGLKRLGFESRVHQIIPNEISLHAVGQGALGIECKSDDKEVLKIISVLEDKVSSQRCLAERSFLRELEGGCQVPIGVNSSIQNDEIALIGMVASIDGKRLIKNESIGNIKYPEEVGKKLAEKLKLQGADKILSEIFEQFRDK,<
<ps1>,MNDFKAMPVGWYPGYELMCKQDSINRLHTLGENCHDRTASTFHMSTLMFEMSSKLRVGVAGPVGSGKTALVETLCIALKKRYKIAVVTNDIYTKEDANFLIKKKILEEGRIVGVETGGCPHTAIREDCSLNKNAVMDLENKYDPLDFIFVESGGDNLAASFSPELVDLSIYVIDVSAGDKIPRKGGPGITRSDLLLINKIDLADMVGANLNIMQNDTNMMRDGKPWFFTNLSSGSGVDNVIKYLVAQIPNI,<ps2>,TFHCRPTEALCYDMRCETLAWLHMHHLKVMREKFGKEAYVTEHVNVMKFLLGRSRKTNQLIREFLSELKEVLTKDGSITLRSLIFQENFHSLEGALKETEIKFIYPSDLKRFKDKSLNVLDICFGLGYNSASLFNNVIRQNSLINWYALEIDKKPLEYSLGNKSFQKLWHPKVFKILKALLKNSKYKDQFFDCDILWGDAREKIKNIPANIKFDLIYLDGFSPQKCPQVWSVEFLSKVTQKLNPQGYLITYSCSAAIRSTLKDFGLNIFNNKPNLVSKNLWSYGTIAVKNIDEKVLQNNLYLKKLSWMEEEHLLTKASIPYRDPTLNSNPKDIIKKRVQEQFLSNLKTSKKWRDKWGMTK,<
<ps1>,WIGDLYMVRCFASCEPCDQPGYWRYNLMHVDRWFDRERLRSIIFYKNPGMMSSKLRVGVAGPVGSGKTALVETLCIALKKRYKIAVVTNDIYTKEDANFLIKKKILEEGRIVGVETGGCPHTAIREDCSLNKNAVMDLENKYDPLDFIFVESGGDNLAASFSPELVDLSIYVIDVSAGDKIPRKGGPGITRSDLLLINKIDLADMVGANLNIMQNDTNMMRDGKPWFFTNLSSGSGVDNVIKYLVAQIPNI,<ps2>,MRSADSENSRGLNYWFTEPEMVDLVRPWQIYIVGSPDMHWQQWMVIGDWSMIDSFPLIKKEHIETLQINIGLKCNQACKHCHVNSSPLRSEKMSYEIISLIPKVIEKYKIKTLDITGGAPEMHPEFRNLITTLSDKNIDIIDRCNLTIFFEDGFEDLPQFLAKNNVIVTASLPCYEKDNVELQRGYGVFDKSINALKILNDLGYGKQKDGLQLNLVYNPVNPILPPSQVILKEDYKRILFEKYNISFNNLYTITNMPINRYADSLNSENKLDSYYKLLKENFNKNNLEKLMCKKTISVNWQGQIYDCDFNQQINLKGNKGPKTLSDLMSKSFKFDYGVAVKEHCFACTAGAGSSCGGTLT,<
<ps1>,EWYRMVERGLPDYEYPMSCDHFWAFFRVLPYWRHHMLWLQNDWAYTPFLCMSSKLRVGVAGPVGSGKTALVETLCIALKKRYKIAVVTNDIYTKEDANFLIKKKILEEGRIVGVETGGCPHTAIREDCSLNKNAVMDLENKYDPLDFIFVESGGDNLAASFSPELVDLSIYVIDVSAGDKIPRKGGPGITRSDLLLINKIDLADMVGANLNIMQNDTNMMRDGKPWFFTNLSSGSGVDNVIKYLVAQIPNI,<ps2>,NVCAVNELAIQWPMPPPQVHGSFHVPNQFLFFADAFSQFDFQRYQYGRTQMKLRLFEFYFIKDYLRPWFGLIYSLFFLFFLGAIGYRITEGWDWGDCLWMVLITITTIGFGEVQTLSPEGRIITVLIIVGGLIFIQFTFQKAVRLFESGYFQRVNELRFKRLLRKMENHVILCGYGRVGQEISNQIKTQNIPIIVVESDEDRKKIAEDNGLEVLCADATLDETLKLAGLDKCKSLVVTLPNDAANLYVVLSAKGIRSSIRVIARAGTEEAASKLRLAGASIVVSPYIAAGRAMASMALRPIAIDFLDLLAGSECEIEEFELSNDISLFETAEKITLLELGIGKKSGAKILAIKEDEKLITNPGGDFLLQPGQVLIAFGSKEQLTTLNRLLGNLVVSVELLK,<
<ps1>,VRPNIGQYAWSITKQVWNCCWSNEWSDFTKRTDTYDISDVWLYCMVASRTMSSKLRVGVAGPVGSGKTALVETLCIALKKRYKIAVVTNDIYTKEDANFLIKKKILEEGRIVGVETGGCPHTAIREDCSLNKNAVMDLENKYDPLDFIFVESGGDNLAASFSPELVDLSIYVIDVSAGDKIPRKGGPGITRSDLLLINKIDLADMVGANLNIMQNDTNMMRDGKPWFFTNLSSGSGVDNVIKYLVAQIPNI,<ps2>,SWMQNLLGCYLWKCSWGWCLYALSDFTDKKFYKKKAEYGWFRNGKISGTCMQKTKFSKINDQFNNLLFGFLSSSWKSKSINVISVLTGYFLFANFATKFISEGKNELIMVPIIILIIELIIRIRPPAGSSFFNLWSIIDKARIGATYAVILEAFKLGS,<
<ps1>,MDFYFSQPIRGHWNCKECGRPSLSVIPPSKFTQALRPMTCEVNQYKMKKEMSSKLRVGVAGPVGSGKTALVETLCIALKKRYKIAVVTNDIYTKEDANFLIKKKILEEGRIVGVETGGCPHTAIREDCSLNKNAVMDLENKYDPLDFIFVESGGDNLAASFSPELVDLSIYVIDVSAGDKIPRKGGPGITRSDLLLINKIDLADMVGANLNIMQNDTNMMRDGKPWFFTNLSSGSGVDNVIKYLVAQIPNI,<ps2>,KWPRIWHTMGMVAADAQETERNILKHCAYDCYHYEEDYFPWGEGKLRDRKMSKLSTTKICVKSPAKINLHLEIIGKRKDGYHELAMIMQNIDLSDYIEFENNQIGEIKLKSNSKDLSLDEDNLIIKAANYIKDMSKNKELGANIFLKKNIPIGAGLAGGSSNAAATLVGLNKLWDLDLDYETIFILSAKLGSDVPFFIEGGCQFCFGRGEILEKYSSNFDFGVILLKNPNISISTVDTYKKYSQEFCPKYFTETEKTNKIRNDLRVNGFNDFKLSEQRINVKNDLQVIVERENNSVKKALYLLSNLQNCLSYSMSGSGPTCFALFKDINIANEVFEQNYKMFNNNGFEAWVCKLINSGITLL,<
<ps1>,QMKGDKCPPMCKKGRDSHYPGSEFVQHYERKECDDWKRASFACPKFMPWALSRLLISFIFFAIVFLSPLSTFASHTSDPTVSLLQSRISKNFSKKFCNAIQNGLSKDEAMTSAIVKTENIVSFSYNPQKKWIEKEDLANQISIKVINDCGWSFGLIGKEGIDYFNSYFLEIYDKTTPDKKLSS,<ps2>,TSSQPDVIAPSEWVNMLPCDNVMDRLHGVCPHLPENSDRHFCHAWISPDVLSRLLISFIFFAIVFLSPLSTFASHTSDPTVSLLQSRISKNFSKKFCNAIQNGLSKDEAMTSAIVKTENIVSFSYNPQKKWIEKEDLANQISIKVINDCGWSFGLIGKEGIDYFNSYFLEIYDKTTPDKKLSS,<
<ps1>,LSVRACMCMCPEHTRVFWIDCFSASYCIFAGCLERYGWDEESYYIDHQMPMTFEAKYLGSNGWLIKFDKTNLIIDPWLTGDLIFPPGEWFFKGSLDNEILIEEDINIILLTQGLPDHCHVPSLKKFKKDIDIICSNSAKGILEKLGFTSIKVLKPKEKIMQKELEIEATAGAPVPQIENGYIVKDYKGKGFYIEPHGYLDENVNSQELDAVITPIINLELPLVGSFVKGADVLPKLIKTFNPKYILSSTAGGEAKYTGLLNKFISVQEYAEEVKCNLVNLKTMDSVKI,<ps2>,MEWVFMHCWGMDEKFQGNVGRIWCFEYPGASDAAGDWLQSFHFKTRQIGYMTFEAKYLGSNGWLIKFDKTNLIIDPWLTGDLIFPPGEWFFKGSLDNEILIEEDINIILLTQGLPDHCHVPSLKKFKKDIDIICSNSAKGILEKLGFTSIKVLKPKEKIMQKELEIEATAGAPVPQIENGYIVKDYKGKGFYIEPHGYLDENVNSQELDAVITPIINLELPLVGSFVKGADVLPKLIKTFNPKYILSSTAGGEAKYTGLLNKFISVQEYAEEVKCNLVNLKTMDSVKI,<
<ps1>,CYGSYDLNQAVIHETEYNVTIRHKCHEFSSGGCCNLHQKMYRCECVGGASMPIVFAWSLCLSVVVVLLSTIPLTLGRIKAGYSVENMSAPRALFDKLPDFGKRAVWCHQNCWESISIHAPACILCLITLPDSNLSLIAAWMHPLLRFLYIGAYVLNIPIARGLIWASGIFTTLVLYKEGISQFM,<ps2>,TEDIRWWMQHMIEMIEIQHPIDSWSCQFHYRGPNFRHNKHMFCWCKFERRMPIVFAWSLCLSVVVVLLSTIPLTLGRIKAGYSVENMSAPRALFDKLPDFGKRAVWCHQNCWESISIHAPACILCLITLPDSNLSLIAAWMHPLLRFLYIGAYVLNIPIARGLIWASGIFTTLVLYKEGISQFM,<
<ps1>,QGMILYGYGWVIDQTSHWSRKAQIIMQWIWFWAQCCSTCQTPSERSIDVAMTDIEEIKKKIYQIAAITDRGQRLNKLIAPMYQEKLKEMGNLIDILESFNTEVSEEKLSGEWELIYSTVELFRSSPFFLAIEKALNDEFKSNLFFKLHQLQVGSFGLSTIGRIAQNIDFDKKEFLSTFDTTIFGLTIIPILGWFKLLPTFGGRVITLADDLILEDKVLKMNLKKTKVSKVDGLNKIPLFSTLLMERWYPVKEVWEKLPWNKESPSCEVSVIYLDEEVRVMKDIYGSTFVYIRPTISLLNSK,<ps2>,QHFNLIDASLGRWWARRFPGNRADPMTCLQKYVWHDYMCTNCEPNRYCNNMTDIEEIKKKIYQIAAITDRGQRLNKLIAPMYQEKLKEMGNLIDILESFNTEVSEEKLSGEWELIYSTVELFRSSPFFLAIEKALNDEFKSNLFFKLHQLQVGSFGLSTIGRIAQNIDFDKKEFLSTFDTTIFGLTIIPILGWFKLLPTFGGRVITLADDLILEDKVLKMNLKKTKVSKVDGLNKIPLFSTLLMERWYPVKEVWEKLPWNKESPSCEVSVIYLDEEVRVMKDIYGSTFVYIRPTISLLNSK,<
<ps1>,GVDVHFMIVESWHIMNKTQKCDNNRSTTESVVLRYNDHRDDPGLDEGKEFMLLSRVAESLYWINRYLERAENISRFVEVSEAMSLDCPPGSAEPWLPLIDASSDRETFDSRFPEKKQDDVINFLIRDRINPNSIISCIQLARENARQIRDVMTSEMWEQINILYWNLQEGESIWDLPRQEQLSEIRRGCQLFYGITDATLSKDLACQFSILGRLIERADKTSRILDVKYYLLLPSLDELGGVLDELQWIALLRSAGAYQMFRKAEQNSIQPNSVARFLLLDNNFPRSVRYCLDGISNTLKMIDTSPSSDNPSKLECMRGLLKAKWSYIRIEDIINDGLHEAIDSLQIDLNKLHNLIEDKYFINKEFDQ,<ps2>,SFHTALQVFSNQRALHDAITMQWMMSWTVRRLWFLGKISNLCFNLRGYGVLVKPKSPDNKISNHLQQDVVKIAGKTIFINPFLYWRRFDENTNRWLREPGQMSEEQIQPNRNRFYPEIDWADLSQNQKLVKDASVEMFLKTLELISTFHPQLNSGQLLEVERKMAITKKLPFEKWVTKSFAKKARAEEYEKRKFKRDRFIRSWKEWLSLENTQQALLPIIVVVFVSAFIGWSSGVSKNSCNPYFEQNLDQSI,<
<ps1>,LGGFGIECMWFRKNGHVCMNFNRVGVLEAPSFRMFAVTMLSLWFWRMESCMLLSRVAESLYWINRYLERAENISRFVEVSEAMSLDCPPGSAEPWLPLIDASSDRETFDSRFPEKKQDDVINFLIRDRINPNSIISCIQLARENARQIRDVMTSEMWEQINILYWNLQEGESIWDLPRQEQLSEIRRGCQLFYGITDATLSKDLACQFSILGRLIERADKTSRILDVKYYLLLPSLDELGGVLDELQWIALLRSAGAYQMFRKAEQNSIQPNSVARFLLLDNNFPRSVRYCLDGISNTLKMIDTSPSSDNPSKLECMRGLLKAKWSYIRIEDIINDGLHEAIDSLQIDLNKLHNLIEDKYFINKEFDQ,<ps2>,FVELAPYIRNDMCYHWTIKHADVRDTPHSMYYTCNPFQNPNALNNLRVDHMKLRLFEFYFIKDYLRPWFGLIYSLFFLFFLGAIGYRITEGWDWGDCLWMVLITITTIGFGEVQTLSPEGRIITVLIIVGGLIFIQFTFQKAVRLFESGYFQRVNELRFKRLLRKMENHVILCGYGRVGQEISNQIKTQNIPIIVVESDEDRKKIAEDNGLEVLCADATLDETLKLAGLDKCKSLVVTLPNDAANLYVVLSAKGIRSSIRVIARAGTEEAASKLRLAGASIVVSPYIAAGRAMASMALRPIAIDFLDLLAGSECEIEEFELSNDISLFETAEKITLLELGIGKKSGAKILAIKEDEKLITNPGGDFLLQPGQVLIAFGSKEQLTTLNRLLGNLVVSVELLK,<
<ps1>,RQRLGQQFWYDFHLSTMDWPDAQKQGVRWFHGPLVSCLWLSVRIAAFKLSMLLSRVAESLYWINRYLERAENISRFVEVSEAMSLDCPPGSAEPWLPLIDASSDRETFDSRFPEKKQDDVINFLIRDRINPNSIISCIQLARENARQIRDVMTSEMWEQINILYWNLQEGESIWDLPRQEQLSEIRRGCQLFYGITDATLSKDLACQFSILGRLIERADKTSRILDVKYYLLLPSLDELGGVLDELQWIALLRSAGAYQMFRKAEQNSIQPNSVARFLLLDNNFPRSVRYCLDGISNTLKMIDTSPSSDNPSKLECMRGLLKAKWSYIRIEDIINDGLHEAIDSLQIDLNKLHNLIEDKYFINKEFDQ,<ps2>,ELQGSIAEKSDYNWSWQKSENTWAKGWCFMRFNGCKNQNCLLTDTHGEYGMSKLSTTKICVKSPAKINLHLEIIGKRKDGYHELAMIMQNIDLSDYIEFENNQIGEIKLKSNSKDLSLDEDNLIIKAANYIKDMSKNKELGANIFLKKNIPIGAGLAGGSSNAAATLVGLNKLWDLDLDYETIFILSAKLGSDVPFFIEGGCQFCFGRGEILEKYSSNFDFGVILLKNPNISISTVDTYKKYSQEFCPKYFTETEKTNKIRNDLRVNGFNDFKLSEQRINVKNDLQVIVERENNSVKKALYLLSNLQNCLSYSMSGSGPTCFALFKDINIANEVFEQNYKMFNNNGFEAWVCKLINSGITLL,<
<ps1>,VMMLKNEVWNFAFTLNSQMGEHFTIHVYTVVEQRDEFASNLNFRYTMGLAMTEVINNIPDFEKYLTDTKKVVEEALDFSLGPENPEILRESMRYSLLAGGKRIRPILCLASCSLAGGEPSLAVPTAVAIEMIHTMSLIHDDLPAMDNDGFRRGRPTNHKVYGDAIAILAGDALLTRAFEMVSLRSPGVDSNRLLNVVGELSLVAGAPGLVGGQVVDLECEGKEVDLETLEYIHLHKTGALLKASVRTGAMIAGANEELLNALTTYAEGIGLAFQIIDDILDLTSSSEKLGKTAGKDLLADKTTYPKLLGMEESKKKAFDLVDQAKKAIEPWGLNAKYLISLADFITNRDR,<ps2>,EIFFILFHFDQEDASQCHECTWCSEKCDLAEEYHWHGNADFKWNNGTYITMTEVINNIPDFEKYLTDTKKVVEEALDFSLGPENPEILRESMRYSLLAGGKRIRPILCLASCSLAGGEPSLAVPTAVAIEMIHTMSLIHDDLPAMDNDGFRRGRPTNHKVYGDAIAILAGDALLTRAFEMVSLRSPGVDSNRLLNVVGELSLVAGAPGLVGGQVVDLECEGKEVDLETLEYIHLHKTGALLKASVRTGAMIAGANEELLNALTTYAEGIGLAFQIIDDILDLTSSSEKLGKTAGKDLLADKTTYPKLLGMEESKKKAFDLVDQAKKAIEPWGLNAKYLISLADFITNRDR,<
<ps1>,WDEWATHHLGVAEHTSNWGREGNPQHTIQEMERETFSNLVCDMSEPLRYLVNFWGFINLKFLLDVLFALGFGLLLFSRVKEQRTLWLLRGYLLLVSFAWFIQRYAYLPLTSKLIDAVVLACSLSLAILWQGELRRLMELLGTGRLAVLLGNPPKEFRATSTTVNQLVDAAGKLSQNRKGALIVVDLGSDLRPEDFLYSGIKIEAKLSTDLLINLFATDTPLHDGAVLVKGNKIISAGVILPLSRQGISRYGTRHLAALGITERFDRCICIVVSEETGTLSLANQGKLERPITSSRLQELLIKLVGNQNTSGTPKSSSNKTNSYQKTNTNDTITVEKKLDKQNTIQD,<ps2>,RIVQLQHDSNGASEPRTDEFPPWEGDNHMHYPEIQSKWWKPNSYPSTKFRVNFWGFINLKFLLDVLFALGFGLLLFSRVKEQRTLWLLRGYLLLVSFAWFIQRYAYLPLTSKLIDAVVLACSLSLAILWQGELRRLMELLGTGRLAVLLGNPPKEFRATSTTVNQLVDAAGKLSQNRKGALIVVDLGSDLRPEDFLYSGIKIEAKLSTDLLINLFATDTPLHDGAVLVKGNKIISAGVILPLSRQGISRYGTRHLAALGITERFDRCICIVVSEETGTLSLANQGKLERPITSSRLQELLIKLVGNQNTSGTPKSSSNKTNSYQKTNTNDTITVEKKLDKQNTIQD,<
<ps1>,EEKSSIFAECDSAGPYMFLYYEDTSRHLSSTKVMVVACQEPRMPRRCCGVMENPTKNKIQNLIDLNPVMVFMKGTKLMPQCGFSNNVVQILNSLGVTFNTFDVLSDFEIREGIKEYSEWPTIPQVYLKGEFLGGSDILIEMYNAGTLKEKIEIALAS,<ps2>,LGSQFLPSEWSVVWSSVGTCPKSWPYNLMCAWCFNNWAMPEQNNQNCIIIVNSNSSNQVGKNIRRTGFLIVLSYLLIVLIMKVLEANNFFGYSLSSFSNDIFAPPSLKHLCGTDRLGRDVCLRTLQGSSIAIEVVFLAIFFALILGLPLGLLSGYFGGILDKCLSLVMDTIFSIPVILLAVVVAFVLGKGIINASIALCIVYSPQYFRLIRNQTMLIKSETYVEAARVSGADVKTIIFKYILPNVITPLPILLTLNAADAVLVLGSLGFLGLGVPANVPEWGSDLNLALAAIPTGIWWTALFPGLAMFFLVLGLSFIGEELENIFEN,<
<ps1>,LWDDLEMGAVMCRQWTQKASWAMPWPMWESEHMSTMGYLNQHSDVHLKCLMENPTKNKIQNLIDLNPVMVFMKGTKLMPQCGFSNNVVQILNSLGVTFNTFDVLSDFEIREGIKEYSEWPTIPQVYLKGEFLGGSDILIEMYNAGTLKEKIEIALAS,<ps2>,WPIYDWEWMKDWTSQHNDLTLQVMHQPKYTRVGATGWSHRKVYQWCTHNRMVMNVSIVIPTYNRKPILEKCLKALEKQNLNENISNYEVIVVDDGSTDGTTYWIKDNYEVLPHVVLYEQEHGGPALGRNLGVMKSKYEIIIFIDSDLIVLDDFIACHVNKLLFSWSKNTKKCFTYGSVINTSNFSNPESERYKLTDFSFAYFATGNVAISKELLLSVGLFDNSFSLYGWEDLELGERLKKLGTKLIKCPEAVGFHWHPPFDCGQIESLVSQEKERARMALIFYKKHSNLRVRFMIQLTPIHILLWQIICLGGLISIKRLLPLLRFLIDSGRNRIALEIVRIPLNLIYVKELRRLI,<
<ps1>,FIFLQQMDHQKLGKYIPIEFHAILRSVQQCHGKFAKKVGCSACDMYLDQNVRIFMKLFKSLLVAPATIGLLAPFSTFAGEANLNDISKYSNLEHLDLANAFVNDEPKNNSLLAGGEGLVDSGSSDGGFSQTTTASFSVDAVLGAIDGNASATTGQGEETGFDFQFNIGLSTSFTGEDSLDIAIDNGSATASPIGAKMGFDTGTSLVVDGVTYSFPVGGATMVVGDATDVSATYTGACTYSAFTDTTLDDCGTGNSIGAGGKGVAASLGYAFDSGFSIAGGISSPTTEIVGDDADLYGLNVAYSTDSYGVAVGYAIDDGGTGAETTTWGLNGFYTFDLASLSVGYETSETGGTDSSGYFVGLSFSEVGPGSVNVGAATTGLFADSVTEYLIYEASYSYPVNDAMTITPGIFIEETAGDDLTGVAVKTSFSF,<ps2>,DPFIEWTETWTKSDIYEMMWPIQHFEGHKRQKWCSVNEMVQSIKFNSNLAMKVNKKYKGLVTKKFNEFYLVELDKYETSVANKKFLCKIKKSVNFRNQFVFVGDEVIVYQIDLQSKRATIESLVKRNNLLERPSVANISNIYVICSVEEPKLNLSQVNKFLISSEQLGVEVSLVLTKCDLITEEKRLLLIEKFHQWGYQAITLNLNNPENLRTLLIELKKKKCSIFMGPSGVGKTTLLNMIIPNLDNKTAPVSSKIKRGKNTTRNVELFSLSSKSYIVDTPGFNIQTLEIDIRELSNLYPEIYKQVVNEGIHCKFRNCLHVNDEGCKLNKNFERYTFYKEMVESSKSHYCLIQED,<
<ps1>,YCCIKVPLNEVIRPAPKLDILHGRMQCKDSSQMQEGKTDNQYVMRACGRFVRIFMKLFKSLLVAPATIGLLAPFSTFAGEANLNDISKYSNLEHLDLANAFVNDEPKNNSLLAGGEGLVDSGSSDGGFSQTTTASFSVDAVLGAIDGNASATTGQGEETGFDFQFNIGLSTSFTGEDSLDIAIDNGSATASPIGAKMGFDTGTSLVVDGVTYSFPVGGATMVVGDATDVSATYTGACTYSAFTDTTLDDCGTGNSIGAGGKGVAASLGYAFDSGFSIAGGISSPTTEIVGDDADLYGLNVAYSTDSYGVAVGYAIDDGGTGAETTTWGLNGFYTFDLASLSVGYETSETGGTDSSGYFVGLSFSEVGPGSVNVGAATTGLFADSVTEYLIYEASYSYPVNDAMTITPGIFIEETAGDDLTGVAVKTSFSF,<ps2>,APHLMWDEGITFYQMRSFKGWMLHDQNGPPWIAAVYIDRHKGCPYQYKFDMAGFGLPNFGQLTEAFKKAKEIQQNAQKLQDELESMEIEGKSDDEMIKVWISGNQLPLRVEVNENISTANKEEIEKNILEAIKKAHESSTTTMKERMNDLTGGLNLNLPGLDNNDS,<
<ps1>,NGWEATQRSEIHHKLSPFQHYHLHQGQFALKIYRINWRDASFMPHPQYKDVRIFMKLFKSLLVAPATIGLLAPFSTFAGEANLNDISKYSNLEHLDLANAFVNDEPKNNSLLAGGEGLVDSGSSDGGFSQTTTASFSVDAVLGAIDGNASATTGQGEETGFDFQFNIGLSTSFTGEDSLDIAIDNGSATASPIGAKMGFDTGTSLVVDGVTYSFPVGGATMVVGDATDVSATYTGACTYSAFTDTTLDDCGTGNSIGAGGKGVAASLGYAFDSGFSIAGGISSPTTEIVGDDADLYGLNVAYSTDSYGVAVGYAIDDGGTGAETTTWGLNGFYTFDLASLSVGYETSETGGTDSSGYFVGLSFSEVGPGSVNVGAATTGLFADSVTEYLIYEASYSYPVNDAMTITPGIFIEETAGDDLTGVAVKTSFSF,<ps2>,EVCCMISNYYCAKTYPLPNFVCWGKGTSMRFDMTQFKEMCFSKNQLKYKTMASQISYRGNKNPIKKKLSFFEGGHQLEKLEFALAVAQTKGDEQKSLVLMKKIIELGGNVEEPGT,<
<ps1>,MQGMSFVRCHFCIGCSKGRQESCRNVSRSEFENDHLGGTKWWHWATWGQDVRIFMKLFKSLLVAPATIGLLAPFSTFAGEANLNDISKYSNLEHLDLANAFVNDEPKNNSLLAGGEGLVDSGSSDGGFSQTTTASFSVDAVLGAIDGNASATTGQGEETGFDFQFNIGLSTSFTGEDSLDIAIDNGSATASPIGAKMGFDTGTSLVVDGVTYSFPVGGATMVVGDATDVSATYTGACTYSAFTDTTLDDCGTGNSIGAGGKGVAASLGYAFDSGFSIAGGISSPTTEIVGDDADLYGLNVAYSTDSYGVAVGYAIDDGGTGAETTTWGLNGFYTFDLASLSVGYETSETGGTDSSGYFVGLSFSEVGPGSVNVGAATTGLFADSVTEYLIYEASYSYPVNDAMTITPGIFIEETAGDDLTGVAVKTSFSF,<ps2>,ISEMALEPNWEMFADRSRKYAMCYRMWFHCLMCDVYPDPKGIPDAHGPPLMITLYQFRHSAFCLKTRMALHAKKLQYRVEEVTPGLGQFEIFKISGQKQVPIIVDDNDQIISDSTIICEYINKKNDNNPLFPKDPLLFAQCKLIEDWADTTMASTCRKALIKSAIENPQLRTALLPDEIPSSVKGLVDKLPFKNLSKISNVVFSTKDNLELQKILEALSKALINKKYLIGDNLSIADIAISAQLSLLKFPKSSGPILSGEGCQEYINNPYLENIFIWRNNIEEYLFSANSQ,<
<ps1>,FELSQLYFNENTHSRPSKWYQDQNYGQQDCTMRIFSTTDLRQDSLFFLITVRIFMKLFKSLLVAPATIGLLAPFSTFAGEANLNDISKYSNLEHLDLANAFVNDEPKNNSLLAGGEGLVDSGSSDGGFSQTTTASFSVDAVLGAIDGNASATTGQGEETGFDFQFNIGLSTSFTGEDSLDIAIDNGSATASPIGAKMGFDTGTSLVVDGVTYSFPVGGATMVVGDATDVSATYTGACTYSAFTDTTLDDCGTGNSIGAGGKGVAASLGYAFDSGFSIAGGISSPTTEIVGDDADLYGLNVAYSTDSYGVAVGYAIDDGGTGAETTTWGLNGFYTFDLASLSVGYETSETGGTDSSGYFVGLSFSEVGPGSVNVGAATTGLFADSVTEYLIYEASYSYPVNDAMTITPGIFIEETAGDDLTGVAVKTSFSF,<ps2>,QLWCVDCTETQQERWKNKWDTAERGGPCDQLMWRRYKMGHGDYKEQVAAPVLIIYRSNSLTAKEASIFCNKTLKERNIKSKRIESDFDNNQLENYFYNLAALPDLVIVLGGDGTVLKSANALVNYDIPILSFNIGGNLGFLTQEKDFLFDQSFIKILEKEEFIIDFRNRLHCDVYSNEKNRERKILKSYDALNDFYFKSVEEDISPTNQIQIEIDNEKVNEYKGDGLIISSSTGSTAYSMAAGGPIVHPSINAFVINPICPMSLASRPIIIPDTSKVVIRVVQKNKREIKLWKDGSKCMTIKENDYCEINKVTKPCKMIKFNKSISYYITLIKKLDWKGDLSLKNNQNN,<
<ps1>,EAGSRPYSLYYNPLDFFAHEAHAHSFIQVHDLRFSQAEGFRSSARWIHLWVRIFMKLFKSLLVAPATIGLLAPFSTFAGEANLNDISKYSNLEHLDLANAFVNDEPKNNSLLAGGEGLVDSGSSDGGFSQTTTASFSVDAVLGAIDGNASATTGQGEETGFDFQFNIGLSTSFTGEDSLDIAIDNGSATASPIGAKMGFDTGTSLVVDGVTYSFPVGGATMVVGDATDVSATYTGACTYSAFTDTTLDDCGTGNSIGAGGKGVAASLGYAFDSGFSIAGGISSPTTEIVGDDADLYGLNVAYSTDSYGVAVGYAIDDGGTGAETTTWGLNGFYTFDLASLSVGYETSETGGTDSSGYFVGLSFSEVGPGSVNVGAATTGLFADSVTEYLIYEASYSYPVNDAMTITPGIFIEETAGDDLTGVAVKTSFSF,<ps2>,PCMAEQQSWYVLCSPSTWYSICTAQWMVDKQSESYNRQAGLHSNRITIWMMSKKRKRISRRRLAGQRVMAHVPIYHIETGKHKPVTAARRFIAENALSAPSVFNVRRNEHTTDRFFWGQKGLFSAQYAEENHFLFPSLKVVVEGIGEEKIFEGLELTADDWEEIEEYEYAFV,<
<ps1>,YRFLPQNSGYHLDSFGHGYSEQSLIHVCANKNGGTCDMQEYIEVISKMNCVRIFMKLFKSLLVAPATIGLLAPFSTFAGEANLNDISKYSNLEHLDLANAFVNDEPKNNSLLAGGEGLVDSGSSDGGFSQTTTASFSVDAVLGAIDGNASATTGQGEETGFDFQFNIGLSTSFTGEDSLDIAIDNGSATASPIGAKMGFDTGTSLVVDGVTYSFPVGGATMVVGDATDVSATYTGACTYSAFTDTTLDDCGTGNSIGAGGKGVAASLGYAFDSGFSIAGGISSPTTEIVGDDADLYGLNVAYSTDSYGVAVGYAIDDGGTGAETTTWGLNGFYTFDLASLSVGYETSETGGTDSSGYFVGLSFSEVGPGSVNVGAATTGLFADSVTEYLIYEASYSYPVNDAMTITPGIFIEETAGDDLTGVAVKTSFSF,<ps2>,VKFTYECRREEYYEVCTEGEHNGLRTSEFNMFEHRQAISMLTGDKNQNIFMSKIKENKEQFWLEKFDCFSVTGKDSKRFLNGITTGNIVDLNNKVLKSCWLSPNGILKSLLEINCSEKELKVIVLVGNTSEIRKYFNDIIFPSDDVSLSDSFSINRLQQVDDMNSWRITQPIFLKNEDKKYDFYKNNPNSMNTNDLQLWKINQAIPSLNSEINGKNNPLELGLTDLIDFNKGCYLGQETMSKIKNVSSLKQEIRVWTAKDKDVNLESVNKILFNNQNKEKSVGYITSIYVLESRIIKGLAMIKRKYLDKGNPFFSDNFGQISLEKSVGSTFL,<
<ps1>,TQIFQQQRTNARFATDDMMPGQCPCFWCTLQPVLMNAKTYFPRHVYYRNPVRIFMKLFKSLLVAPATIGLLAPFSTFAGEANLNDISKYSNLEHLDLANAFVNDEPKNNSLLAGGEGLVDSGSSDGGFSQTTTASFSVDAVLGAIDGNASATTGQGEETGFDFQFNIGLSTSFTGEDSLDIAIDNGSATASPIGAKMGFDTGTSLVVDGVTYSFPVGGATMVVGDATDVSATYTGACTYSAFTDTTLDDCGTGNSIGAGGKGVAASLGYAFDSGFSIAGGISSPTTEIVGDDADLYGLNVAYSTDSYGVAVGYAIDDGGTGAETTTWGLNGFYTFDLASLSVGYETSETGGTDSSGYFVGLSFSEVGPGSVNVGAATTGLFADSVTEYLIYEASYSYPVNDAMTITPGIFIEETAGDDLTGVAVKTSFSF,<ps2>,HLDCVMPFTVLHDTVLTMGAAVWKILQTECNKTNECERLWARMIWWVYINVENSINISILIPLIPMGMALLILSLLVSFNRTINRLTKPVSALAVFSLLSSALISAFLYFKKIEGEIFLSDYLKLFGSTNLILHLNSLTEKIVIFFAVIIAIVIGVLFYKLPRRKGYVSLIIGISLISSSIMFAVFFLDFSFLI,<
<ps1>,LLWFPTIEMTWHNREFQQDDCQFSHRDNTPWVTPKWSQRSQGFTFSRFTTVRIFMKLFKSLLVAPATIGLLAPFSTFAGEANLNDISKYSNLEHLDLANAFVNDEPKNNSLLAGGEGLVDSGSSDGGFSQTTTASFSVDAVLGAIDGNASATTGQGEETGFDFQFNIGLSTSFTGEDSLDIAIDNGSATASPIGAKMGFDTGTSLVVDGVTYSFPVGGATMVVGDATDVSATYTGACTYSAFTDTTLDDCGTGNSIGAGGKGVAASLGYAFDSGFSIAGGISSPTTEIVGDDADLYGLNVAYSTDSYGVAVGYAIDDGGTGAETTTWGLNGFYTFDLASLSVGYETSETGGTDSSGYFVGLSFSEVGPGSVNVGAATTGLFADSVTEYLIYEASYSYPVNDAMTITPGIFIEETAGDDLTGVAVKTSFSF,<ps2>,EHRSCGVNEYQEENWLCTFENLNLLSAFFWQCLLHGSAEVNDCQSWLWRMMKRKEDSKNNNYDSMSFTDHLEELRQRLLNSIYSILICIFFSFLIIKPLISFLEIPASDIHLLQLAPGEFLFVAIKVAGYSGIIVSIPYIFYQLILFISPGLTKKEKNLILPAVFGSGLLFFLGLIFSWWILVPAAINFFINFGADIVEPTWSIERYFDFVLLLMSSTAIAFQLPVLQFILGSLGIITTEKMLSNWKIVVISSAILSAVITPSTDPLTMSLLSISIIFLFFVGAGLTYISESLKSKTLSSSH,<
<ps1>,PSYFFTRRRFMDYYQPIPMVCRKDGAWLVEVDHYVWCWTHSTAEVGAKHIVRIFMKLFKSLLVAPATIGLLAPFSTFAGEANLNDISKYSNLEHLDLANAFVNDEPKNNSLLAGGEGLVDSGSSDGGFSQTTTASFSVDAVLGAIDGNASATTGQGEETGFDFQFNIGLSTSFTGEDSLDIAIDNGSATASPIGAKMGFDTGTSLVVDGVTYSFPVGGATMVVGDATDVSATYTGACTYSAFTDTTLDDCGTGNSIGAGGKGVAASLGYAFDSGFSIAGGISSPTTEIVGDDADLYGLNVAYSTDSYGVAVGYAIDDGGTGAETTTWGLNGFYTFDLASLSVGYETSETGGTDSSGYFVGLSFSEVGPGSVNVGAATTGLFADSVTEYLIYEASYSYPVNDAMTITPGIFIEETAGDDLTGVAVKTSFSF,<ps2>,WRDVYMPWCSAMQGQATMPKDEEVGLFGKDFLQGCYMGACLPEMFQMKPEMTINEKIISDKELKISDWELDFYSRPIIETNGKKRWELIISSSKSFKTEKIFLWNKVCPANEVNSIWLTKALNEALNDAEIEGWAKPLKIRFWRASMKSIIKKSIENIGIEALVSRRTYELFDRIEFLEREIYPLEQGYVRGVLAPTFTSNILNDPKPLPEAVRGDALTISEISIEELKLAKNWPIEFGDIFPIQSSIKNDNLVPGLRLFSKDRSLALAAWFSSLEPVKLLIKQNQLILEASEDDKWLVTDLQEKDAKVLNDKFTQSKKDSYGYQFISIQATPFIEKFAGFWILKDVELIS,<
<ps1>,CHIYWISTTPEKCMRVQDSAQIAKVWEIVFLWQRDTHFNVGIVQVRCARYVRIFMKLFKSLLVAPATIGLLAPFSTFAGEANLNDISKYSNLEHLDLANAFVNDEPKNNSLLAGGEGLVDSGSSDGGFSQTTTASFSVDAVLGAIDGNASATTGQGEETGFDFQFNIGLSTSFTGEDSLDIAIDNGSATASPIGAKMGFDTGTSLVVDGVTYSFPVGGATMVVGDATDVSATYTGACTYSAFTDTTLDDCGTGNSIGAGGKGVAASLGYAFDSGFSIAGGISSPTTEIVGDDADLYGLNVAYSTDSYGVAVGYAIDDGGTGAETTTWGLNGFYTFDLASLSVGYETSETGGTDSSGYFVGLSFSEVGPGSVNVGAATTGLFADSVTEYLIYEASYSYPVNDAMTITPGIFIEETAGDDLTGVAVKTSFSF,<ps2>,LGACSKYKPNHWTLCGVWDLDPEFVKQHYTMMKRKIMMHRYMAFAYSAAGMESIFNNSFATLVAYVGIVSIYLLVIPLILFYWMNNRWNVMGKFERLIVYGLVFLFFPGLILFSPFLNLRLRGDSKG,<
<ps1>,QVSPVDDVARENPYNPGAERNHRAIAKNHDYLIISNCKSYHAHPEKWTSGVRIFMKLFKSLLVAPATIGLLAPFSTFAGEANLNDISKYSNLEHLDLANAFVNDEPKNNSLLAGGEGLVDSGSSDGGFSQTTTASFSVDAVLGAIDGNASATTGQGEETGFDFQFNIGLSTSFTGEDSLDIAIDNGSATASPIGAKMGFDTGTSLVVDGVTYSFPVGGATMVVGDATDVSATYTGACTYSAFTDTTLDDCGTGNSIGAGGKGVAASLGYAFDSGFSIAGGISSPTTEIVGDDADLYGLNVAYSTDSYGVAVGYAIDDGGTGAETTTWGLNGFYTFDLASLSVGYETSETGGTDSSGYFVGLSFSEVGPGSVNVGAATTGLFADSVTEYLIYEASYSYPVNDAMTITPGIFIEETAGDDLTGVAVKTSFSF,<ps2>,VHWYWGDWFDFKWITKHAVYKVRAQCMQQKETRSNTCICKQVRMAPHMDWMTNKKRILSGVQPTGDLHIGNWLGAINNWVELQEKHETFLCVVDLHAITTEYDTKQLSKNTLSTAALYIACGINPKICSIFVQSQISAHSELCWILNCMTPINWMERMIQFKEKSIQQGNNVSIGLFDYPILMAADILLYDADYVPVGEDQKQHLELAKDIAQQRINAKFGKEENILKIPQPIIMKKGSKIMSLNDGSKKMSKSDINEGSRINLLDTPEIITKKIKRAKSDSYMGMEFNNPERPESRNLLMIYSLLSGKEVSELENDLSQTGWGTFKKIFTEQIIESLKPIQERYQVLINDPHELNKILIQGKEKAEVVANKTLSRVKSELGFFEIEK,<
<ps1>,AIQDIHGMLDEASQAWMKIESIMCMTIDYYRERWEDCCPMDFCRCLYQDEVRIFMKLFKSLLVAPATIGLLAPFSTFAGEANLNDISKYSNLEHLDLANAFVNDEPKNNSLLAGGEGLVDSGSSDGGFSQTTTASFSVDAVLGAIDGNASATTGQGEETGFDFQFNIGLSTSFTGEDSLDIAIDNGSATASPIGAKMGFDTGTSLVVDGVTYSFPVGGATMVVGDATDVSATYTGACTYSAFTDTTLDDCGTGNSIGAGGKGVAASLGYAFDSGFSIAGGISSPTTEIVGDDADLYGLNVAYSTDSYGVAVGYAIDDGGTGAETTTWGLNGFYTFDLASLSVGYETSETGGTDSSGYFVGLSFSEVGPGSVNVGAATTGLFADSVTEYLIYEASYSYPVNDAMTITPGIFIEETAGDDLTGVAVKTSFSF,<ps2>,CVCLPPEYQIYYARPRQYYEMARTMWHEEAYDWHWFTKNQSYRGIFCCFLLALIIPSNYHKISDVEKNHISWIEPDLAERQDIRPLRIGILNIMPLGKQYEFNLLHPLGLSPLQIEPVWIKLKTHSYKTWDLNHLNNLYTTWEEANDPEPLDGVIITGAPVEHLAFEEVKYWDEFVNITNEARNSCASTLGLCWAGFALAYLAGVNKTVFDKKLFGVFPLKSLAPGHPLMGTQDDEFICPQSRFAGLPDLEMEEAQKEGKLNLLAYGKDVGYTIFETKDQKQLMHLGHPEYTVHRIISEINRDKEKGDVPPPENFDINSSNTSWRSHRNLLFQQWLWFCYQQVSLS,<
<ps1>,WQTNLWVFFSLYMLNATWFCITVCQNHHHDMHSRYMWWMYLQMGERCSIAVRIFMKLFKSLLVAPATIGLLAPFSTFAGEANLNDISKYSNLEHLDLANAFVNDEPKNNSLLAGGEGLVDSGSSDGGFSQTTTASFSVDAVLGAIDGNASATTGQGEETGFDFQFNIGLSTSFTGEDSLDIAIDNGSATASPIGAKMGFDTGTSLVVDGVTYSFPVGGATMVVGDATDVSATYTGACTYSAFTDTTLDDCGTGNSIGAGGKGVAASLGYAFDSGFSIAGGISSPTTEIVGDDADLYGLNVAYSTDSYGVAVGYAIDDGGTGAETTTWGLNGFYTFDLASLSVGYETSETGGTDSSGYFVGLSFSEVGPGSVNVGAATTGLFADSVTEYLIYEASYSYPVNDAMTITPGIFIEETAGDDLTGVAVKTSFSF,<ps2>,IIRYHISMPHPGANADNAVEFLRHWNCAHHLGIKGMVIGHAGKEAFPEMHMHSKINYFLGIFLSIVILIFNEPSFAINNPNLLPEEKTPVIDLAKTLSPNQKKSLEENLNNLEKESGWKIKYLSQFESVPGIAIKDYWDLDETSLLVIADPRGGNLLNFNVGEAYFAFMPRLFWVELQTRFGNQYYVKDHGEDGAVLDAINSVKICLDRGGCQVVPGLPKEQYIWTLCTSILGGLVAGFAAAPRKEGQIISIGFLALLSPLWGMLFGIFGLAPIISRTSEVLPLFKNGLAFAAAAIAGYLLSQTVFSRYEKPKKS,<
<ps1>,LRINNGTYQDEFFHHVPNMYQICYWHVLFMICKFTWSHDSYDGTPTNSTRVRIFMKLFKSLLVAPATIGLLAPFSTFAGEANLNDISKYSNLEHLDLANAFVNDEPKNNSLLAGGEGLVDSGSSDGGFSQTTTASFSVDAVLGAIDGNASATTGQGEETGFDFQFNIGLSTSFTGEDSLDIAIDNGSATASPIGAKMGFDTGTSLVVDGVTYSFPVGGATMVVGDATDVSATYTGACTYSAFTDTTLDDCGTGNSIGAGGKGVAASLGYAFDSGFSIAGGISSPTTEIVGDDADLYGLNVAYSTDSYGVAVGYAIDDGGTGAETTTWGLNGFYTFDLASLSVGYETSETGGTDSSGYFVGLSFSEVGPGSVNVGAATTGLFADSVTEYLIYEASYSYPVNDAMTITPGIFIEETAGDDLTGVAVKTSFSF,<ps2>,GMNTSSSKWPWCHIHRIPHLQPWGNKVDFDLRTNIWCRTYMQRRQQNSMKLTNYTHYTTVVVHLYYLLMTLGGANVWSNFSYGSRVDSPNGWILNPQGSFLILFENCKKSARNNINVYTHLLFTNHLGEPAGLKNTRLHDLDSAFETWNELIAGGWTEVTNQFQESA,<
<ps1>,PAGRIKDNDLTTVDKIEEDNCVHMHMKLKHYFVKALLNPPWASTFPIIHSVRIFMKLFKSLLVAPATIGLLAPFSTFAGEANLNDISKYSNLEHLDLANAFVNDEPKNNSLLAGGEGLVDSGSSDGGFSQTTTASFSVDAVLGAIDGNASATTGQGEETGFDFQFNIGLSTSFTGEDSLDIAIDNGSATASPIGAKMGFDTGTSLVVDGVTYSFPVGGATMVVGDATDVSATYTGACTYSAFTDTTLDDCGTGNSIGAGGKGVAASLGYAFDSGFSIAGGISSPTTEIVGDDADLYGLNVAYSTDSYGVAVGYAIDDGGTGAETTTWGLNGFYTFDLASLSVGYETSETGGTDSSGYFVGLSFSEVGPGSVNVGAATTGLFADSVTEYLIYEASYSYPVNDAMTITPGIFIEETAGDDLTGVAVKTSFSF,<ps2>,ITWVRRMDMHQQHRRVANFWFLASNMIQQPVLMWAWCFFMWYYWPPHPDVLKEDSSYLIKYTSSGLYCELADTWIDPIKPVKRALITHAHMDHFTFGCDEYISTYETAVIIKERIGKEINIKTYDYEKEFKINGIKISFHPSGHILGSSQIKFSLAEEIWLITGDFKRQKDETCKEYEIVKTDYLISESTFGLPIFKWDEPQKTASDITKWVNSSQEKTSILFCYSLGKAQRLLNEISKTNFINNIYTHSSIYRMNNCYKKLGIDIIETTKLEQTKNNSDLKGSLIILPPALNKSSSLKNFKDIQTGFASGWMSIRALRKRSGYDKGFSISDHADWIAILKTIKESKAKNVFFHHGESEALNKYLKEKNSINVLEFEFKK,<
<ps1>,PHSEMWRLDGEVGCYSAGHDPLHILTDRCNTAGMQPGEFVQSDPHFHLQSVRIFMKLFKSLLVAPATIGLLAPFSTFAGEANLNDISKYSNLEHLDLANAFVNDEPKNNSLLAGGEGLVDSGSSDGGFSQTTTASFSVDAVLGAIDGNASATTGQGEETGFDFQFNIGLSTSFTGEDSLDIAIDNGSATASPIGAKMGFDTGTSLVVDGVTYSFPVGGATMVVGDATDVSATYTGACTYSAFTDTTLDDCGTGNSIGAGGKGVAASLGYAFDSGFSIAGGISSPTTEIVGDDADLYGLNVAYSTDSYGVAVGYAIDDGGTGAETTTWGLNGFYTFDLASLSVGYETSETGGTDSSGYFVGLSFSEVGPGSVNVGAATTGLFADSVTEYLIYEASYSYPVNDAMTITPGIFIEETAGDDLTGVAVKTSFSF,<ps2>,GYWLWHTRKHAFRDPYITMWSRRWCDLRNLPYGQIGYQRPGWEPCIGKVLMNFKNHHQKKRFGQHWLVNNLILEKIKEVAELEEKDFILEIGPGRGALTSKLLDSKISRLHAIELDEDLIDLLNNKFRNDKNFSLQQGDILSTNLDSINKKITKVIANIPYNITGPILDIFVGRLGIISKNNYNKIIFLMQKDVVDRILAKDGNTNAGAMSVRMQLISNIRRICDVPPSSFDPPPKVFSTLVVFEPLRPEMRLDIKLEKYLDKLLRISFNSRRKMIRNTLNSILSAEEIEKLSESSQICFNSRPQDISINKWIKLAEACIKITNKNQ,<
<ps1>,DHSQVENDETMQRGKHTCRADRPMPHPCAKEFMRSRDDVIRFSKGGAYEGVRIFMKLFKSLLVAPATIGLLAPFSTFAGEANLNDISKYSNLEHLDLANAFVNDEPKNNSLLAGGEGLVDSGSSDGGFSQTTTASFSVDAVLGAIDGNASATTGQGEETGFDFQFNIGLSTSFTGEDSLDIAIDNGSATASPIGAKMGFDTGTSLVVDGVTYSFPVGGATMVVGDATDVSATYTGACTYSAFTDTTLDDCGTGNSIGAGGKGVAASLGYAFDSGFSIAGGISSPTTEIVGDDADLYGLNVAYSTDSYGVAVGYAIDDGGTGAETTTWGLNGFYTFDLASLSVGYETSETGGTDSSGYFVGLSFSEVGPGSVNVGAATTGLFADSVTEYLIYEASYSYPVNDAMTITPGIFIEETAGDDLTGVAVKTSFSF,<ps2>,LEVPGDAKFRNGHCVHRCTEPLRCYACPHINIHDAQAAMHDIEGGCQTEMLSRLLISFIFFAIVFLSPLSTFASHTSDPTVSLLQSRISKNFSKKFCNAIQNGLSKDEAMTSAIVKTENIVSFSYNPQKKWIEKEDLANQISIKVINDCGWSFGLIGKEGIDYFNSYFLEIYDKTTPDKKLSS,<
<ps1>,MVHYHVPQEIHENMGAPMAPHRIDKYNCDHQLYSEVWGKEYMPFMGMSDMVRIFMKLFKSLLVAPATIGLLAPFSTFAGEANLNDISKYSNLEHLDLANAFVNDEPKNNSLLAGGEGLVDSGSSDGGFSQTTTASFSVDAVLGAIDGNASATTGQGEETGFDFQFNIGLSTSFTGEDSLDIAIDNGSATASPIGAKMGFDTGTSLVVDGVTYSFPVGGATMVVGDATDVSATYTGACTYSAFTDTTLDDCGTGNSIGAGGKGVAASLGYAFDSGFSIAGGISSPTTEIVGDDADLYGLNVAYSTDSYGVAVGYAIDDGGTGAETTTWGLNGFYTFDLASLSVGYETSETGGTDSSGYFVGLSFSEVGPGSVNVGAATTGLFADSVTEYLIYEASYSYPVNDAMTITPGIFIEETAGDDLTGVAVKTSFSF,<ps2>,AYWRPTITWAIAYELIQIYDCFNSLHFPHCIYRMFKMCTQLAIMMIHVCIVNKKKLYLANPYGFSKQTKNLLPEFIKIFQNLNVEVYEPFERTKHLITNKNNWAYDLAKANFNDLKSCDCIFAIVNGNPPDEGVMVELGISIALNKEIFLFRDDFRNCSDSDQYPLNLMLFVGLSKESWSKNYFESIEDILNPKKSFLNWAKRI,<
<ps1>,IYPTMGRADSDHCFHFDGWVHITDQRLGHIQGYILLWRHKSDNPPGSRQTVRIFMKLFKSLLVAPATIGLLAPFSTFAGEANLNDISKYSNLEHLDLANAFVNDEPKNNSLLAGGEGLVDSGSSDGGFSQTTTASFSVDAVLGAIDGNASATTGQGEETGFDFQFNIGLSTSFTGEDSLDIAIDNGSATASPIGAKMGFDTGTSLVVDGVTYSFPVGGATMVVGDATDVSATYTGACTYSAFTDTTLDDCGTGNSIGAGGKGVAASLGYAFDSGFSIAGGISSPTTEIVGDDADLYGLNVAYSTDSYGVAVGYAIDDGGTGAETTTWGLNGFYTFDLASLSVGYETSETGGTDSSGYFVGLSFSEVGPGSVNVGAATTGLFADSVTEYLIYEASYSYPVNDAMTITPGIFIEETAGDDLTGVAVKTSFSF,<ps2>,YQFSAPQDLYVFVGKPRLRLPVYSDMFSHFHAATNSPQPNPSLWDQCEPWVRIFMKLFKSLLVAPATIGLLAPFSTFAGEANLNDISKYSNLEHLDLANAFVNDEPKNNSLLAGGEGLVDSGSSDGGFSQTTTASFSVDAVLGAIDGNASATTGQGEETGFDFQFNIGLSTSFTGEDSLDIAIDNGSATASPIGAKMGFDTGTSLVVDGVTYSFPVGGATMVVGDATDVSATYTGACTYSAFTDTTLDDCGTGNSIGAGGKGVAASLGYAFDSGFSIAGGISSPTTEIVGDDADLYGLNVAYSTDSYGVAVGYAIDDGGTGAETTTWGLNGFYTFDLASLSVGYETSETGGTDSSGYFVGLSFSEVGPGSVNVGAATTGLFADSVTEYLIYEASYSYPVNDAMTITPGIFIEETAGDDLTGVAVKTSFSF,<
<ps1>,GHQKNTSNCPQIISCNAFKYRFKIYWGAEDPPWDTHQGQKLTVPWLQDEWMANSQVTTESGGRQNMFPSETRPYIDESVSYDSYPKNAEKVNGRWAMIGFVALLGAYVTTGQIIPGIF,<ps2>,NFKHPLAGSAEDQTQLQGGNGFHSGTERWHGHCGHKQRYEGDLDPEKDMAVRIFMKLFKSLLVAPATIGLLAPFSTFAGEANLNDISKYSNLEHLDLANAFVNDEPKNNSLLAGGEGLVDSGSSDGGFSQTTTASFSVDAVLGAIDGNASATTGQGEETGFDFQFNIGLSTSFTGEDSLDIAIDNGSATASPIGAKMGFDTGTSLVVDGVTYSFPVGGATMVVGDATDVSATYTGACTYSAFTDTTLDDCGTGNSIGAGGKGVAASLGYAFDSGFSIAGGISSPTTEIVGDDADLYGLNVAYSTDSYGVAVGYAIDDGGTGAETTTWGLNGFYTFDLASLSVGYETSETGGTDSSGYFVGLSFSEVGPGSVNVGAATTGLFADSVTEYLIYEASYSYPVNDAMTITPGIFIEETAGDDLTGVAVKTSFSF,<
<ps1>,WISSEACKAWCEHTAPYTKSSMYQMNMMINPPYCNMEARPFAYETKINRYMLNLIKKNLNIKSGIALIVLATIFVFLSNSFKKNKSKDISNFVVSVEKGILSESINTSGEVKATRTSNIGPRKQGILEEIKVEEGDLVEKGQILATLDDEDFIYKLEELELNLKKQKSEYLRREFLFKEGAVSKEDYESYKNKYNTSEAKFSDAKAEKDFYSIRAPYPGKITAKYAEIGSYVTPSSNLSSNSKAKNFIFELSEGLEIIAKVPESDIGRIKTGQEASVRIEAYPSNKYRAIVKKIAERAVKDNNVTSFEVTLKFKEISEEIKIGMTADLEFKVKSSEEKILVPTVSIVTEKGEKGVLKVDKNNTPKFEKIEIGISSGNKTSIIEGLRPGEQIFIDIPPWANKRK,<ps2>,STQHAMANCMRIYSPYDNQSEPLYHFTWTCFSDLVRGRESVIIHGDEQAGVRIFMKLFKSLLVAPATIGLLAPFSTFAGEANLNDISKYSNLEHLDLANAFVNDEPKNNSLLAGGEGLVDSGSSDGGFSQTTTASFSVDAVLGAIDGNASATTGQGEETGFDFQFNIGLSTSFTGEDSLDIAIDNGSATASPIGAKMGFDTGTSLVVDGVTYSFPVGGATMVVGDATDVSATYTGACTYSAFTDTTLDDCGTGNSIGAGGKGVAASLGYAFDSGFSIAGGISSPTTEIVGDDADLYGLNVAYSTDSYGVAVGYAIDDGGTGAETTTWGLNGFYTFDLASLSVGYETSETGGTDSSGYFVGLSFSEVGPGSVNVGAATTGLFADSVTEYLIYEASYSYPVNDAMTITPGIFIEETAGDDLTGVAVKTSFSF,<
